task_id,suite,difficulty,resource,prompt,intent,rego_policy,reference_output,opa_input_path,has_starting_state,source,terraform_version,opa_version
aws/task-043,aws,5,"aws_lex_bot, aws_lex_intent","# Task 043


create an aws_lex_bot

## Intent

Has one resource ""aws_lex_bot"" and one resource ""aws_lex_intent""","Has one resource ""aws_lex_bot"" and one resource ""aws_lex_intent""","package terraform.policy

import rego.v1

default has_valid_resources = false

# Rule for multiple aws_lex_intent resources
has_valid_lex_intents if {
    count([intent | intent := input.planned_values.root_module.resources[_]; intent.type == ""aws_lex_intent""; intent.values.name; intent.values.fulfillment_activity])
}

# Rule for aws_lex_bot resource with specific arguments
has_valid_lex_bot_instance if {
    some i
    resource := input.planned_values.root_module.resources[i]
    resource.type == ""aws_lex_bot""
    is_boolean(resource.values.child_directed)
    resource.values.clarification_prompt
    resource.values.abort_statement
    resource.values.name
    # is_boolean(resource.values.create_version)
    # resource.values.description
    # is_boolean(resource.values.detect_sentiment)
    # resource.values.idle_session_ttl_in_seconds
    # resource.values.process_behavior
    # resource.values.voice_id
    # resource.values.locale
    # is_boolean(resource.values.enable_model_improvements)
    # resource.values.nlu_intent_confidence_threshold
}

# Combined rule to ensure all conditions are met
has_valid_resources if {
    has_valid_lex_intents
    has_valid_lex_bot_instance
}

main if {
    has_valid_lex_intents
    has_valid_lex_bot_instance
    has_valid_resources
}
","terraform {
  required_version = "">= 1.15.0""

  required_providers {
    aws = {
      source  = ""hashicorp/aws""
      version = ""~> 6.0""
    }
  }
}

provider ""aws"" {
  region  = ""us-east-1""
}

resource ""aws_lex_intent"" ""order_flowers"" {
  name = ""OrderFlowers""
  description = ""Intent to order a bouquet of flowers for pick up""

  sample_utterances = [
    ""I would like to pick up flowers"",
    ""I would like to order some flowers"",
  ]

  slot {
    name                     = ""FlowerType""
    description              = ""Type of flower to order""
    slot_constraint          = ""Required"" 
    slot_type                = ""AMAZON.AlphaNumeric""
    priority                 = 1

    sample_utterances = [""I would like to get {FlowerType} flower.""]

    value_elicitation_prompt {
      message {
        content             = ""What type of flower would you like?""
        content_type        = ""PlainText""
      }
      max_attempts         = 2
    }
  }

  slot {
    name                     = ""PickupDate""
    description              = ""Date of flower pickup""
    slot_constraint          = ""Required"" 
    slot_type                = ""AMAZON.DATE""
    priority                 = 2

    value_elicitation_prompt {
      message {
        content             = ""When would you like to pickup your flower?""
        content_type        = ""PlainText""
      }
      max_attempts         = 2
    }
  }

  confirmation_prompt {
    max_attempts = 2

    message {
      content      = ""Okay, your {FlowerType} will be ready for pickup on {PickupDate}.  Does this sound okay?""
      content_type = ""PlainText""
    }
  }

  fulfillment_activity {
    type = ""ReturnIntent""
  }

  rejection_statement {
    message {
      content      = ""Okay, I will not place your order.""
      content_type = ""PlainText""
    }
  }
}

resource ""aws_lex_bot"" ""order_flowers"" {
  name     = ""OrderFlowers""
  description = ""Bot to order flowers on the behalf of a user""
  locale   = ""en-US""
  process_behavior = ""BUILD""
  voice_id = ""Salli""
  child_directed = false
  create_version = false
  detect_sentiment            = false
  idle_session_ttl_in_seconds = 600

  abort_statement {
    message {
      content_type = ""PlainText""
      content      = ""Sorry, I am not able to assist at this time""
    }
  }

  clarification_prompt {
    max_attempts = 2

    message {
      content_type = ""PlainText""
      content      = ""I didn't understand you, what would you like to do?""
    }
  }
  
  intent {
    intent_name    = aws_lex_intent.order_flowers.name
    intent_version = aws_lex_intent.order_flowers.version
  }
}
",planned_values,False,autoiac-project/iac-eval,>= 1.15.0,1.16.1
aws/task-044,aws,6,"aws_lex_bot, aws_lex_intent","# Task 044


create an aws_lex bot with multiple slots

## Intent

Has one resource ""aws_lex_bot"" and one resource ""aws_lex_intent""  with at least 2 slot blocks","Has one resource ""aws_lex_bot"" and one resource ""aws_lex_intent""  with at least 2 slot blocks","package terraform.policy

import rego.v1

default has_valid_resources = false

# Rule for multiple aws_lex_intent resources
has_valid_lex_intents if {
    count([intent | intent := input.planned_values.root_module.resources[_]; intent.type == ""aws_lex_intent""; intent.values.name; intent.values.fulfillment_activity; intent.values.slot])
}

# Rule for aws_lex_bot resource with specific arguments
has_valid_lex_bot_instance if {
    some i
    resource := input.planned_values.root_module.resources[i]
    resource.type == ""aws_lex_bot""
    is_boolean(resource.values.child_directed)
    resource.values.clarification_prompt
    resource.values.abort_statement
    resource.values.name
    # is_boolean(resource.values.create_version)
    # resource.values.description
    # is_boolean(resource.values.detect_sentiment)
    # resource.values.idle_session_ttl_in_seconds
    # resource.values.process_behavior
    # resource.values.voice_id
    # resource.values.locale
}

# Combined rule to ensure all conditions are met
has_valid_resources if {
    has_valid_lex_intents
    has_valid_lex_bot_instance
}

main if {
    has_valid_lex_intents
    has_valid_lex_bot_instance
    has_valid_resources
}
","terraform {
  required_version = "">= 1.15.0""

  required_providers {
    aws = {
      source  = ""hashicorp/aws""
      version = ""~> 6.0""
    }
  }
}

provider ""aws"" {
  region = ""us-east-1""
}

resource ""aws_lex_intent"" ""order_pizza_intent"" {
  name                       = ""OrderPizzaIntent""
  description                = ""To order a pizza""
  
  sample_utterances = [
    ""I would like to pick up a pizza"",
    ""I would like to order some pizzas"",
  ]

  fulfillment_activity {
    type = ""ReturnIntent""
  }

  slot {
    name                     = ""PizzaType""
    description              = ""Type of pizza to order""
    slot_constraint          = ""Required"" 
    slot_type                = ""AMAZON.AlphaNumeric""
    priority                 = 1
    value_elicitation_prompt {
      message {
        content             = ""What type of pizza would you like?""
        content_type        = ""PlainText""
      }
      max_attempts         = 2
    }
  }

  slot {
    name                     = ""PizzaSize""
    description              = ""Size of pizza to order""
    slot_constraint          = ""Required"" 
    slot_type                = ""AMAZON.NUMBER""
    priority                 = 2
    value_elicitation_prompt {
      message {
        content             = ""What size of pizza would you like?""
        content_type        = ""PlainText""
      }
      max_attempts         = 2
    }
  }

  slot {
    name                     = ""PizzaQuantity""
    description              = ""Number of pizzas to order""
    slot_constraint          = ""Required"" 
    slot_type                = ""AMAZON.NUMBER""
    priority                 = 3
    value_elicitation_prompt {
      message {
        content             = ""How many pizzas do you want to order?""
        content_type        = ""PlainText""
      }
      max_attempts         = 2
    }
  }

  conclusion_statement {
    message {
      content              = ""Your pizza order has been received.""
      content_type         = ""PlainText""
    }
  } 
}

resource ""aws_lex_bot"" ""pizza_ordering_bot"" {
  name                     = ""PizzaOrderingBot""
  description              = ""Bot to order pizzas""
  voice_id                 = ""Joanna""
  idle_session_ttl_in_seconds = 300
  child_directed           = false
  locale                  = ""en-US""
  process_behavior        = ""BUILD""

  clarification_prompt {
    message {
      content      = ""I didn't understand you, what type of pizza would you like to order?""
      content_type = ""PlainText""
    }
    max_attempts = 5
  }

  abort_statement {
    message {
      content      = ""Sorry, I am unable to assist at the moment.""
      content_type = ""PlainText""
    }
  }

  intent {
    intent_name    = aws_lex_intent.order_pizza_intent.name
    intent_version = aws_lex_intent.order_pizza_intent.version
  }
}
",planned_values,False,autoiac-project/iac-eval,>= 1.15.0,1.16.1
aws/task-045,aws,6,"aws_lex_bot, aws_lex_intent, aws_lex_slot_type","# Task 045


create an aws_lex bot for ordering pizza with a followup question

## Intent

Has one resource ""aws_lex_bot"" and one resource ""aws_lex_intent"" with followup question block (slot block and ""aws_lex_slot_type"" is not mandatory)","Has one resource ""aws_lex_bot"" and one resource ""aws_lex_intent"" with followup question block (slot block and ""aws_lex_slot_type"" is not mandatory)","package terraform.policy

import rego.v1

default has_valid_resources = false

# Rule for multiple aws_lex_intent resources
has_valid_lex_intents if {
    count([intent | intent := input.planned_values.root_module.resources[_]; intent.type == ""aws_lex_intent""; intent.values.name; intent.values.fulfillment_activity; intent.values.follow_up_prompt; intent.values.conclusion_statement == false])
}

# Rule for aws_lex_bot resource with specific arguments
has_valid_lex_bot_instance if {
    some i
    resource := input.planned_values.root_module.resources[i]
    resource.type == ""aws_lex_bot""
    is_boolean(resource.values.child_directed)
    resource.values.clarification_prompt
    resource.values.abort_statement
    resource.values.name
    # is_boolean(resource.values.create_version)
    # resource.values.description
    # is_boolean(resource.values.detect_sentiment)
    # resource.values.idle_session_ttl_in_seconds
    # resource.values.process_behavior
    # resource.values.voice_id
    # resource.values.locale
}

# Combined rule to ensure all conditions are met
has_valid_resources if {
    has_valid_lex_intents
    has_valid_lex_bot_instance
}

main if {
    has_valid_lex_intents
    has_valid_lex_bot_instance
    has_valid_resources
}
","terraform {
  required_version = "">= 1.15.0""

  required_providers {
    aws = {
      source  = ""hashicorp/aws""
      version = ""~> 6.0""
    }
  }
}

provider ""aws"" {
  region = ""us-east-1""
}


resource ""aws_lex_bot"" ""pizza_order_bot"" {
  name = ""PizzaOrderBot""
  description = ""Pizza order bot""
  idle_session_ttl_in_seconds = 600
  create_version = false
  child_directed = false

  abort_statement {
    message {
      content = ""Sorry, I am not able to assist.""
      content_type = ""PlainText""
    }
  }

  clarification_prompt {
    max_attempts = 2
    message {
      content = ""I'm sorry, I didn't understand that. Can you try again?""
      content_type = ""PlainText""
    }
  }

  intent {
    intent_name = aws_lex_intent.OrderPizzaIntent.name
    intent_version = aws_lex_intent.OrderPizzaIntent.version
  }
}

resource ""aws_lex_intent"" ""OrderPizzaIntent"" {
  name = ""OrderPizzaIntent""
  create_version = true

  sample_utterances = [
    ""I would like to pick up a pizza"",
    ""I would like to order some pizzas"",
  ]

  slot {
    name = ""PizzaType""
    description = ""Type of pizza to order""
    priority = 1  # must be in [1, 100]
    slot_type = aws_lex_slot_type.PizzaType.name
    slot_type_version = aws_lex_slot_type.PizzaType.version
    slot_constraint = ""Required""

    sample_utterances = [""I want a {PizzaType} pizza."", ""A {PizzaType} pizza please.""]

    value_elicitation_prompt {
      max_attempts = 2
      message {
        content = ""What type of pizza would you like to order?""
        content_type = ""PlainText""
      }
    }
  }

  confirmation_prompt {
    max_attempts = 2
    message {
      content = ""So, you would like to order a pizza. Is that correct?""
      content_type = ""PlainText""
    }
  }

  rejection_statement {
    message {
        content = ""Sorry, I don't know how to help then""
        content_type = ""PlainText""
      }
    }

  follow_up_prompt {
    prompt {
      max_attempts = 2
      message {
        content = ""Would you like anything else with your order?""
        content_type = ""PlainText""
      }
    }
    rejection_statement {
      message {
        content = ""OK, Your pizza is on its way.""
        content_type = ""PlainText""
      }
    }
  }

  fulfillment_activity {
    type = ""ReturnIntent""
  }
}

resource ""aws_lex_slot_type"" ""PizzaType"" {
  create_version = true
  description = ""Types of pizza available to order""
  name = ""PizzaTypes""
  enumeration_value {
    value = ""Margherita""
  }
  enumeration_value {
    value = ""Pepperoni""
  }
}
",planned_values,False,autoiac-project/iac-eval,>= 1.15.0,1.16.1
aws/task-046,aws,6,"aws_lex_bot, aws_lex_intent","# Task 046


create an aws_lex_bot for ordering pizzas with a conclusion statement

## Intent

Has one resource ""aws_lex_bot"" and at least one resource ""aws_lex_intent"" with at least one user prompt","Has one resource ""aws_lex_bot"" and at least one resource ""aws_lex_intent"" with at least one user prompt","package terraform.policy

import rego.v1

default has_valid_resources = false

# Rule for multiple aws_lex_intent resources
has_valid_lex_intents if {
    count([intent | intent := input.planned_values.root_module.resources[_]; intent.type == ""aws_lex_intent""; intent.values.name; intent.values.fulfillment_activity; intent.values.conclusion_statement; intent.values.follow_up_prompt == false])
}

# Rule for aws_lex_bot resource with specific arguments
has_valid_lex_bot_instance if {
    some i
    resource := input.planned_values.root_module.resources[i]
    resource.type == ""aws_lex_bot""
    is_boolean(resource.values.child_directed)
    resource.values.clarification_prompt
    resource.values.abort_statement
    resource.values.name
}

# Combined rule to ensure all conditions are met
has_valid_resources if {
    has_valid_lex_intents
    has_valid_lex_bot_instance
}

main if {
    has_valid_lex_intents
    has_valid_lex_bot_instance
    has_valid_resources
}
","terraform {
  required_version = "">= 1.15.0""

  required_providers {
    aws = {
      source  = ""hashicorp/aws""
      version = ""~> 6.0""
    }
  }
}

provider ""aws"" {
  region = ""us-east-1""
}

resource ""aws_lex_intent"" ""order_pizza_intent"" {
  name                       = ""OrderPizzaIntent""
  description                = ""To order a pizza""
  
  sample_utterances = [
    ""I would like to pick up a pizza"",
    ""I would like to order some pizzas"",
  ]

  fulfillment_activity {
    type = ""ReturnIntent""
  }

  slot {
    name                     = ""PizzaType""
    description              = ""Type of pizza to order""
    slot_constraint          = ""Required"" 
    slot_type                = ""AMAZON.AlphaNumeric""
    priority                 = 1
    value_elicitation_prompt {
      message {
        content             = ""What type of pizza would you like?""
        content_type        = ""PlainText""
      }
      max_attempts         = 2
    }
  }

  slot {
    name                     = ""PizzaSize""
    description              = ""Size of pizza to order""
    slot_constraint          = ""Required"" 
    slot_type                = ""AMAZON.NUMBER""
    priority                 = 2
    value_elicitation_prompt {
      message {
        content             = ""What size of pizza would you like?""
        content_type        = ""PlainText""
      }
      max_attempts         = 2
    }
  }

  slot {
    name                     = ""PizzaQuantity""
    description              = ""Number of pizzas to order""
    slot_constraint          = ""Required"" 
    slot_type                = ""AMAZON.NUMBER""
    priority                 = 3
    value_elicitation_prompt {
      message {
        content             = ""How many pizzas do you want to order?""
        content_type        = ""PlainText""
      }
      max_attempts         = 2
    }
  }

  conclusion_statement {
    message {
      content              = ""Your pizza order has been received.""
      content_type         = ""PlainText""
    }
  } 
}

resource ""aws_lex_bot"" ""pizza_ordering_bot"" {
  name                     = ""PizzaOrderingBot""
  description              = ""Bot to order pizzas""
  voice_id                 = ""Joanna""
  idle_session_ttl_in_seconds = 300
  child_directed           = false
  clarification_prompt {
    message {
      content      = ""I didn't understand you, what type of pizza would you like to order?""
      content_type = ""PlainText""
    }
    max_attempts = 5
  }
  abort_statement {
    message {
      content      = ""Sorry, I am unable to assist at the moment.""
      content_type = ""PlainText""
    }
  }

  locale                  = ""en-US""
  process_behavior        = ""BUILD""

  intent {
    intent_name    = aws_lex_intent.order_pizza_intent.name
    intent_version = aws_lex_intent.order_pizza_intent.version
  }
}
",planned_values,False,autoiac-project/iac-eval,>= 1.15.0,1.16.1
aws/task-047,aws,4,"aws_lex_bot, aws_lex_intent","# Task 047


create an aws_lex_bot for booking a trip with all arguments filled

## Intent

Has one resource ""aws_lex_bot"" with all arguments initialized and at least one ""aws_lex_intent"" resource","Has one resource ""aws_lex_bot"" with all arguments initialized and at least one ""aws_lex_intent"" resource","package terraform.policy

import rego.v1

default has_valid_resources = false

# Rule for multiple aws_lex_intent resources
has_valid_lex_intents if {
    count([intent | intent := input.planned_values.root_module.resources[_]; intent.type == ""aws_lex_intent""; intent.values.name; intent.values.fulfillment_activity])
}

# Rule for aws_lex_bot resource with specific arguments
has_valid_lex_bot_instance if {
    some i
    resource := input.planned_values.root_module.resources[i]
    resource.type == ""aws_lex_bot""
    is_boolean(resource.values.child_directed)
    resource.values.clarification_prompt
    resource.values.abort_statement
    resource.values.name
    is_boolean(resource.values.create_version)
    resource.values.description
    is_boolean(resource.values.detect_sentiment)
    resource.values.idle_session_ttl_in_seconds
    resource.values.process_behavior
    resource.values.voice_id
    resource.values.locale
    is_boolean(resource.values.enable_model_improvements)
    resource.values.nlu_intent_confidence_threshold
}

# Combined rule to ensure all conditions are met
has_valid_resources if {
    has_valid_lex_intents
    has_valid_lex_bot_instance
}

main if {
    has_valid_lex_intents
    has_valid_lex_bot_instance
    has_valid_resources
}
","terraform {
  required_version = "">= 1.15.0""

  required_providers {
    aws = {
      source  = ""hashicorp/aws""
      version = ""~> 6.0""
    }
  }
}

provider ""aws"" {
  region  = ""us-east-1""
}

resource ""aws_lex_intent"" ""BookTrip"" {
  description    = ""Book a trip""
  name           = ""BookTrip""

  sample_utterances = [
    ""I want to book a trip"",
    ""I would like to book a trip"",
  ]

  fulfillment_activity {
    type = ""ReturnIntent""
  }
}

resource ""aws_lex_bot"" ""BookTripBot"" {
  description                   = ""Bot for booking trips""
  idle_session_ttl_in_seconds   = 600
  locale                        = ""en-US""
  name                          = ""BookTripBot""
  process_behavior              = ""BUILD""
  voice_id                      = ""Salli""
  detect_sentiment = false
  enable_model_improvements = true
  nlu_intent_confidence_threshold = 0
  child_directed                = false

  abort_statement {
    message {
      content      = ""Sorry, I cannot assist you to book the trip right now.""
      content_type = ""PlainText""
    }
  }
  
  clarification_prompt {
    max_attempts = 3

    message {
      content      = ""I'm sorry, I didn't understand. Could you please repeat that?""
      content_type = ""PlainText""
    }
  }

  intent {
    intent_name    = aws_lex_intent.BookTrip.name
    intent_version = aws_lex_intent.BookTrip.version
  }
}
",planned_values,False,autoiac-project/iac-eval,>= 1.15.0,1.16.1
aws/task-048,aws,6,"aws_lex_bot, aws_lex_intent","# Task 048


create an aws_lex_bot for ordering pizzas with 5 different intents

## Intent

Has one resource ""aws_lex_bot"" with 5 different intent blocks and 5 different ""aws_lex_intent"" resources","Has one resource ""aws_lex_bot"" with 5 different intent blocks and 5 different ""aws_lex_intent"" resources","package terraform.policy

import rego.v1

default has_valid_resources = false

# Rule for multiple aws_lex_intent resources
has_valid_lex_intents if {
    count([intent | intent := input.planned_values.root_module.resources[_]; intent.type == ""aws_lex_intent""; intent.values.name; intent.values.fulfillment_activity])
}

# Rule for aws_lex_bot resource with specific arguments
has_valid_lex_bot_instance if {
    some i
    resource := input.planned_values.root_module.resources[i]
    resource.type == ""aws_lex_bot""
    is_boolean(resource.values.child_directed)
    resource.values.clarification_prompt
    resource.values.abort_statement
    resource.values.name
}

# Combined rule to ensure all conditions are met
has_valid_resources if {
    has_valid_lex_intents
    has_valid_lex_bot_instance
}

main if {
    has_valid_lex_intents
    has_valid_lex_bot_instance
    has_valid_resources
}
","terraform {
  required_version = "">= 1.15.0""

  required_providers {
    aws = {
      source  = ""hashicorp/aws""
      version = ""~> 6.0""
    }
  }
}

provider ""aws"" {
  region = ""us-east-1""
}

resource ""aws_lex_intent"" ""OrderPizza"" {
  name = ""OrderPizza""
  description = ""Pizza order processing""

  sample_utterances = [
    ""I want to order a pizza""
  ]

  slot {
    name                     = ""PizzaType""
    description              = ""Type of pizza to order""
    slot_constraint          = ""Required"" 
    slot_type                = ""AMAZON.AlphaNumeric""
    priority                 = 1
    value_elicitation_prompt {
      message {
        content             = ""What type of pizza would you like?""
        content_type        = ""PlainText""
      }
      max_attempts         = 2
    }
  }

  fulfillment_activity {
    type = ""ReturnIntent""
  }
}

resource ""aws_lex_intent"" ""CancelOrder"" {
  name = ""CancelOrder""
  description = ""Cancel an order""

  sample_utterances = [
    ""I want to cancel my order""
  ]

  fulfillment_activity {
    type = ""ReturnIntent""
  }
}

resource ""aws_lex_intent"" ""CheckOrderStatus"" {
  name = ""CheckOrderStatus""
  description = ""Check status of an order""

   sample_utterances = [
    ""What is the status of my order""
  ]

  fulfillment_activity {
    type = ""ReturnIntent""
  }
}

resource ""aws_lex_intent"" ""ModifyOrder"" {
  name = ""ModifyOrder""
  description = ""Modify an existing order""

  sample_utterances = [
    ""I want to change my order""
  ]

  fulfillment_activity {
    type = ""ReturnIntent""
  }
}

resource ""aws_lex_intent"" ""HelpOrder"" {
  name = ""HelpOrder""
  description = ""Provide help for ordering""

  sample_utterances = [
    ""I need help"",
    ""Can you help me""
  ]

  fulfillment_activity {
    type = ""ReturnIntent""
  }
}

resource ""aws_lex_bot"" ""PizzaOrderBot"" {
  abort_statement {
    message {
      content      = ""Sorry, I could not assist on this request.""
      content_type = ""PlainText""
    }
  }

  name = ""PizzaOrderBot""
  child_directed = false
  create_version = false
  idle_session_ttl_in_seconds = 600
  process_behavior = ""BUILD""
  locale = ""en-US""
  voice_id = ""Salli""

  clarification_prompt {
    max_attempts = 2

    message {
      content      = ""I'm sorry, I didn't understand the request. Can you reformulate?""
      content_type = ""PlainText""
    }
  }

  intent {
    intent_name    = aws_lex_intent.OrderPizza.name
    intent_version = aws_lex_intent.OrderPizza.version
  }

  intent {
    intent_name    = aws_lex_intent.CancelOrder.name
    intent_version = aws_lex_intent.CancelOrder.version
  }

  intent {
    intent_name    = aws_lex_intent.CheckOrderStatus.name
    intent_version = aws_lex_intent.CheckOrderStatus.version
  }

  intent {
    intent_name    = aws_lex_intent.ModifyOrder.name
    intent_version = aws_lex_intent.ModifyOrder.version
  }

  intent {
    intent_name    = aws_lex_intent.HelpOrder.name
    intent_version = aws_lex_intent.HelpOrder.version
  }
}
",planned_values,False,autoiac-project/iac-eval,>= 1.15.0,1.16.1
aws/task-049,aws,4,"aws_lex_bot, aws_lex_intent","# Task 049


create an aws_lex_bot for ordering pizzas that is meant for kids

## Intent

Has one resource ""aws_lex_bot"" with ""child_directed"" = true and at least one ""aws_lex_intent"" resource","Has one resource ""aws_lex_bot"" with ""child_directed"" = true and at least one ""aws_lex_intent"" resource","package terraform.policy

import rego.v1

default has_valid_resources = false

# Rule for multiple aws_lex_intent resources
has_valid_lex_intents if {
    count([intent | intent := input.planned_values.root_module.resources[_]; intent.type == ""aws_lex_intent""; intent.values.name; intent.values.fulfillment_activity])
}

# Rule for aws_lex_bot resource with specific arguments
has_valid_lex_bot_instance if {
    some i
    resource := input.planned_values.root_module.resources[i]
    resource.type == ""aws_lex_bot""
    resource.values.child_directed == true
    resource.values.clarification_prompt
    resource.values.abort_statement
    resource.values.name
}

# Combined rule to ensure all conditions are met
has_valid_resources if {
    has_valid_lex_intents
    has_valid_lex_bot_instance
}

main if {
    has_valid_lex_intents
    has_valid_lex_bot_instance
    has_valid_resources
}
","terraform {
  required_version = "">= 1.15.0""

  required_providers {
    aws = {
      source  = ""hashicorp/aws""
      version = ""~> 6.0""
    }
  }
}

provider ""aws"" {
  region  = ""us-east-1""
}


resource ""aws_lex_bot"" ""KidsPizzaOrderBot"" {
  child_directed = true
  name           = ""KidsPizzaOrderBot""
  process_behavior = ""BUILD""
  idle_session_ttl_in_seconds = 300
  locale = ""en-US""
  voice_id = ""Salli""

  abort_statement {
    message {
      content      = ""I'm sorry, I can't assist further on this.""
      content_type = ""PlainText""
    }
  }

  clarification_prompt {
    max_attempts = 1
    message {
      content      = ""I'm sorry, could you please repeat that?""
      content_type = ""PlainText""
    }
  }

  intent {
    intent_name    = aws_lex_intent.PizzaOrder.name
    intent_version = aws_lex_intent.PizzaOrder.version
  }

  intent {
    intent_name    = aws_lex_intent.CancelOrder.name
    intent_version = aws_lex_intent.CancelOrder.version
  }

  intent {
    intent_name    = aws_lex_intent.Appreciation.name
    intent_version = aws_lex_intent.Appreciation.version
  }
}

resource ""aws_lex_intent"" ""PizzaOrder"" {
  name = ""PizzaOrder""
  description = ""Intent for ordering pizza""

  sample_utterances = [
    ""I would like to order a pizza"",
  ]

  fulfillment_activity {
    type = ""ReturnIntent""
  }
}

resource ""aws_lex_intent"" ""CancelOrder"" {
  name = ""CancelOrder""
  description = ""Intent for canceling pizza order""

  sample_utterances = [
    ""I would like to cancel my order"",
  ]

  fulfillment_activity {
    type = ""ReturnIntent""
  }
}

resource ""aws_lex_intent"" ""Appreciation"" {
  name = ""Appreciation""
  description = ""Intent for appreciating the service""

  sample_utterances = [
    ""I appreciate your service"",
  ]

  fulfillment_activity {
    type = ""ReturnIntent""
  }
}
",planned_values,False,autoiac-project/iac-eval,>= 1.15.0,1.16.1
aws/task-050,aws,4,"aws_lex_bot, aws_lex_intent","# Task 050


create an aws_lex_bot for ordering pizzas and set nlu_intent_confidence_threshold to 0.5

## Intent

Has one resource ""aws_lex_bot"" with argument ""enable_model_improvements"" = true
 and argument ""nlu_intent_confidence_threshold"" = 0.5 and at least one resource ""aws_lex_intent""","Has one resource ""aws_lex_bot"" with argument ""enable_model_improvements"" = true
 and argument ""nlu_intent_confidence_threshold"" = 0.5 and at least one resource ""aws_lex_intent""","package terraform.policy

import rego.v1

default has_valid_resources = false

# Rule for multiple aws_lex_intent resources
has_valid_lex_intents if {
    count([intent | intent := input.planned_values.root_module.resources[_]; intent.type == ""aws_lex_intent""; intent.values.name; intent.values.fulfillment_activity])
}

# Rule for aws_lex_bot resource with specific arguments
has_valid_lex_bot_instance if {
    some i
    resource := input.planned_values.root_module.resources[i]
    resource.type == ""aws_lex_bot""
    is_boolean(resource.values.child_directed)
    resource.values.clarification_prompt
    resource.values.abort_statement
    resource.values.name
    # is_boolean(resource.values.create_version)
    # resource.values.description
    # is_boolean(resource.values.detect_sentiment)
    # resource.values.idle_session_ttl_in_seconds
    # resource.values.process_behavior
    # resource.values.voice_id
    # resource.values.locale
    resource.values.enable_model_improvements == true
    resource.values.nlu_intent_confidence_threshold == 0.5
}

# Combined rule to ensure all conditions are met
has_valid_resources if {
    has_valid_lex_intents
    has_valid_lex_bot_instance
}

main if {
    has_valid_lex_intents
    has_valid_lex_bot_instance
    has_valid_resources
}
","terraform {
  required_version = "">= 1.15.0""

  required_providers {
    aws = {
      source  = ""hashicorp/aws""
      version = ""~> 6.0""
    }
  }
}

provider ""aws"" {
  region  = ""us-east-1""
}

resource ""aws_lex_intent"" ""order_pizza_intent"" {
  name                       = ""OrderPizzaIntent""
  description                = ""To order a pizza""
  
  sample_utterances = [
    ""I would like to pick up a pizza"",
    ""I would like to order some pizzas"",
  ]

  fulfillment_activity {
    type = ""ReturnIntent""
  }

  conclusion_statement {
    message {
      content              = ""Your pizza order has been received.""
      content_type         = ""PlainText""
    }
  } 
}

resource ""aws_lex_bot"" ""pizza_ordering_bot"" {
  name                     = ""PizzaOrderingBot""
  description              = ""Bot to order pizzas""
  voice_id                 = ""Joanna""
  idle_session_ttl_in_seconds = ""300""
  child_directed           = false
  enable_model_improvements = true
  nlu_intent_confidence_threshold = 0.5
  locale                  = ""en-US""
  process_behavior        = ""BUILD""

  clarification_prompt {
    message {
      content      = ""I didn't understand you, what type of pizza would you like to order?""
      content_type = ""PlainText""
    }
    max_attempts = 5
  }

  abort_statement {
    message {
      content      = ""Sorry, I am unable to assist at the moment.""
      content_type = ""PlainText""
    }
  }

  intent {
    intent_name    = aws_lex_intent.order_pizza_intent.name
    intent_version = aws_lex_intent.order_pizza_intent.version
  }
}
",planned_values,False,autoiac-project/iac-eval,>= 1.15.0,1.16.1
aws/task-051,aws,5,"aws_iam_role, aws_lambda_function, aws_lambda_permission, aws_lex_bot, aws_lex_intent","# Task 051


Create an aws_lex_bot for ordering pizzas and include a lambda function. The Lambda function code should be packaged inline using a `data ""archive_file""` resource (do not reference external zip files). Include a `aws_lambda_permission` resource to allow Lex to invoke the Lambda function.

## Intent

Has one resource ""aws_lex_bot"" with at least one ""aws_lex_intent"" resource and a ""aws_lambda_function"" resource with a ""aws_lambda_permissions"" resource","Has one resource ""aws_lex_bot"" with at least one ""aws_lex_intent"" resource and a ""aws_lambda_function"" resource with a ""aws_lambda_permissions"" resource","package terraform.policy

import rego.v1

default has_valid_resources = false

# Rule for multiple aws_lex_intent resources
has_valid_lex_intents if {
    count([intent | intent := input.planned_values.root_module.resources[_]; intent.type == ""aws_lex_intent""; intent.values.name; intent.values.fulfillment_activity.code_hook])
}


# Check if AWS IAM Role for Lambda is being created 
aws_iam_role_lambda_valid(resources) if { 
	some resource in resources 
    resource.type == ""aws_iam_role"" 
    contains(resource.change.after.assume_role_policy,""lambda.amazonaws.com"") 
} 

# Check if AWS Lambda function is being created 
aws_lambda_function_valid(resources) if { 
	some resource in resources 
    resource.type == ""aws_lambda_function"" 
}
# Rule for aws_lex_bot resource with specific arguments
has_valid_lex_bot_instance if {
    some i
    resource := input.planned_values.root_module.resources[i]
    resource.type == ""aws_lex_bot""
    is_boolean(resource.values.child_directed)
    resource.values.clarification_prompt
    resource.values.abort_statement
    resource.values.name
    # is_boolean(resource.values.create_version)
    # resource.values.description
    # is_boolean(resource.values.detect_sentiment)
    # resource.values.idle_session_ttl_in_seconds
    # resource.values.process_behavior
    # resource.values.voice_id
    # resource.values.locale
    # is_boolean(resource.values.enable_model_improvements)
    # resource.values.nlu_intent_confidence_threshold
}

# Combined rule to ensure all conditions are met
has_valid_resources if {
    has_valid_lex_intents
    has_valid_lex_bot_instance
    aws_iam_role_lambda_valid(input.resource_changes) 
    aws_lambda_function_valid(input.resource_changes)
}

main if {
    has_valid_lex_intents
    has_valid_lex_bot_instance
    has_valid_resources
}
","terraform {
  required_version = "">= 1.15.0""

  required_providers {
    aws = {
      source  = ""hashicorp/aws""
      version = ""~> 6.0""
    }
  }
}

provider ""aws"" {
  region  = ""us-east-1""
}

resource ""aws_lambda_permission"" ""allow_lex_to_start_execution"" {
  statement_id  = ""AllowExecutionFromLex""
  action        = ""lambda:InvokeFunction""
  function_name = aws_lambda_function.hello_pizza.function_name
  principal     = ""lex.amazonaws.com""
  # source_arn    = ""${aws_lex_bot.order_pizza.arn}:$LATEST""
}

data ""archive_file"" ""hello_pizza"" {
  type        = ""zip""
  output_path = ""${path.module}/hello_pizza.zip""

  source {
    content  = ""def handler(event, context): return {'statusCode': 200}""
    filename = ""hello_pizza.py""
  }
}

resource ""aws_lambda_function"" ""hello_pizza"" {
  function_name = ""hello_pizza""
  role          = aws_iam_role.iam_exec_role.arn
  filename      = data.archive_file.hello_pizza.output_path
  source_code_hash = data.archive_file.hello_pizza.output_base64sha256
  handler       = ""hello_pizza.handler""
  runtime       = ""python3.12""
}

resource ""aws_iam_role"" ""iam_exec_role"" {
  name = ""iam-exec-role""
  assume_role_policy = jsonencode({
    Version = ""2012-10-17""
    Statement = [
      {
        Action = ""sts:AssumeRole""
        Effect = ""Allow""
        Sid    = """"
        Principal = {
          Service = ""lambda.amazonaws.com""
        }
      },
    ]
  })
}

resource ""aws_lex_intent"" ""OrderPizza"" {
  name = ""OrderPizza""

  sample_utterances = [
    ""I would like to pick up a pizza"",
    ""I would like to order some pizzas"",
  ]

  slot {
    name                     = ""PizzaType""
    description              = ""Type of pizza to order""
    slot_constraint          = ""Required"" 
    slot_type                = ""AMAZON.AlphaNumeric""
    priority                 = 1
    value_elicitation_prompt {
      message {
        content             = ""What type of pizza would you like?""
        content_type        = ""PlainText""
      }
      max_attempts         = 2
    }
  }

  fulfillment_activity {
    type = ""CodeHook""
    code_hook {
      uri            = aws_lambda_function.hello_pizza.arn
      message_version = ""1.0""
    }
  }
}

resource ""aws_lex_bot"" ""order_pizza"" {
  name     = ""OrderPizza""
  description  = ""Orders a pizza from a local pizzeria""
  
  idle_session_ttl_in_seconds = 600
  locale = ""en-US""

  child_directed = false

  voice_id = ""Salli""
  process_behavior = ""BUILD""

  clarification_prompt {
    max_attempts = 2
    message {
      content      = ""I didn't understand that, can you please repeat?""
      content_type = ""PlainText""
    }
  }
  
  abort_statement {
    message {
      content      = ""Sorry, I could not understand. Goodbye.""
      content_type = ""PlainText""
    }
  }
  
  intent {
    intent_name    = aws_lex_intent.OrderPizza.name
    intent_version = aws_lex_intent.OrderPizza.version
  }

  # depends_on = [aws_lambda_permission.allow_lex_to_start_execution]
}
",resource_changes,False,autoiac-project/iac-eval,>= 1.15.0,1.16.1
aws/task-057,aws,2,aws_kinesis_stream,"# Task 057


Generate a basic Amazon Kinesis stream

## Intent

Has one ""aws_kinesis_stream"" resource","Has one ""aws_kinesis_stream"" resource","package terraform.policy

import rego.v1

default has_valid_resources = false

has_valid_kinesis_stream if {
    resource := input.planned_values.root_module.resources[i]
    resource.type == ""aws_kinesis_stream""
    resource.values.name
}

has_valid_resources if {
	has_valid_kinesis_stream
}

main if {
    has_valid_kinesis_stream
    has_valid_resources
}
","terraform {
  required_version = "">= 1.15.0""

  required_providers {
    aws = {
      source  = ""hashicorp/aws""
      version = ""~> 6.0""
    }
  }
}

provider ""aws"" {
  region = ""us-west-2""
}

resource ""aws_kinesis_stream"" ""test_stream"" {
  name             = ""drow1""
  shard_count      = 1
  retention_period = 48

  shard_level_metrics = [
    ""IncomingBytes"",
    ""OutgoingBytes"",
  ]

  stream_mode_details {
    stream_mode = ""PROVISIONED""
  }

  tags = {
    Environment = ""test""
  }
}
",planned_values,False,autoiac-project/iac-eval,>= 1.15.0,1.16.1
aws/task-058,aws,5,"aws_iam_policy, aws_iam_policy_document, aws_iam_role, aws_iam_role_policy_attachment, aws_kinesis_analytics_application, aws_kinesis_stream","# Task 058


Generate a basic Amazon Kinesis Analytics Application with an input kinesis stream

## Intent

Has one ""aws_kinesis_analytics_application"" resource with one ""aws_kinesis_stream"" resource as an input","Has one ""aws_kinesis_analytics_application"" resource with one ""aws_kinesis_stream"" resource as an input","package terraform.policy

import rego.v1

default has_valid_resources = false

has_valid_iam_role(resources) if { 
        some resource in resources 
    resource.type == ""aws_iam_role"" 
    contains(resource.change.after.assume_role_policy,""kinesisanalytics.amazonaws.com"") 
}

has_valid_kinesis_stream if {
        some i
    resource := input.planned_values.root_module.resources[i]
    resource.type == ""aws_kinesis_stream""
    resource.values.name
}

has_valid_kinesis_analytics_application if {
        some i
        resource := input.planned_values.root_module.resources[i]
    resource.type == ""aws_kinesis_analytics_application""
    resource.values.name
    resource.values.inputs[_].kinesis_stream
}

has_valid_resources if {
        has_valid_iam_role(input.resource_changes)
        has_valid_kinesis_stream
    has_valid_kinesis_analytics_application
}

main if {
    has_valid_kinesis_stream
    has_valid_kinesis_analytics_application
    has_valid_resources
}
","terraform {
  required_version = "">= 1.15.0""

  required_providers {
    aws = {
      source  = ""hashicorp/aws""
      version = ""~> 6.0""
    }
  }
}

provider ""aws"" {
  region  = ""us-east-1""
}


data ""aws_iam_policy_document"" ""StreamReaderWriter"" {
  statement {
    effect = ""Allow""
    actions = [""kinesis:DescribeStream"",
               ""kinesis:GetShardIterator"",
               ""kinesis:GetRecords""]
    resources = [aws_kinesis_stream.test_stream.arn]
  }
}

data ""aws_iam_policy_document"" ""KinesisAssume"" {
  statement {
    effect  = ""Allow""
    actions = [""sts:AssumeRole""]
    principals {
      type        = ""Service""
      identifiers = [""kinesisanalytics.amazonaws.com""]
    }
  }
}

resource ""aws_iam_policy"" ""StreamReaderWriter"" {
  name   = ""KinesisStreamReaderWriter""
  policy = data.aws_iam_policy_document.StreamReaderWriter.json
}

resource ""aws_iam_role"" ""kinesis_role"" {
  name               = ""kinesis_role""
  assume_role_policy = data.aws_iam_policy_document.KinesisAssume.json
}

resource ""aws_iam_role_policy_attachment"" ""attach_kinesis_role"" {
  role       = aws_iam_role.kinesis_role.name
  policy_arn = aws_iam_policy.StreamReaderWriter.arn
}

resource ""aws_kinesis_stream"" ""test_stream"" {
  name             = ""events""
  shard_count      = 1
  retention_period = 168
}


resource ""aws_kinesis_analytics_application"" ""test_application"" {
  name = ""kinesis-analytics-application-test""

  inputs {
    name_prefix = ""test_prefix""

    kinesis_stream {
      resource_arn = aws_kinesis_stream.test_stream.arn
      role_arn     = aws_iam_role.kinesis_role.arn
    }

    parallelism {
      count = 1
    }

    schema {
      record_columns {
        mapping  = ""$.test""
        name     = ""test""
        sql_type = ""VARCHAR(8)""
      }

      record_encoding = ""UTF-8""

      record_format {
        mapping_parameters {
          json {
            record_row_path = ""$""
          }
        }
      }
    }
  }
}
",resource_changes,False,autoiac-project/iac-eval,>= 1.15.0,1.16.1
aws/task-069,aws,2,aws_kinesis_video_stream,"# Task 069


Generate a basic Kinesis Video Stream resource

## Intent

Has one ""aws_kinesis_video_stream"" resource","Has one ""aws_kinesis_video_stream"" resource","package terraform.policy

import rego.v1

default has_valid_resources = false

has_valid_kinesis_video_stream if {
	some i
    resource := input.planned_values.root_module.resources[i]
    resource.type == ""aws_kinesis_video_stream""
    resource.values.name
}

has_valid_resources if {
	has_valid_kinesis_video_stream
}

main if {
    has_valid_kinesis_video_stream
    has_valid_resources
}
","terraform {
  required_version = "">= 1.15.0""

  required_providers {
    aws = {
      source  = ""hashicorp/aws""
      version = ""~> 6.0""
    }
  }
}

provider ""aws"" {
  region = ""us-east-1""
}

resource ""aws_kinesis_video_stream"" ""default"" {
  name                    = ""terraform-kinesis-video-stream""
  data_retention_in_hours = 1
  device_name             = ""kinesis-video-device-name""
  media_type              = ""video/h264""

  tags = {
    Name = ""terraform-kinesis-video-stream""
  }
}
",planned_values,False,autoiac-project/iac-eval,>= 1.15.0,1.16.1
aws/task-072,aws,1,aws_kinesis_analytics_application,"# Task 072


Generate a basic Amazon Kinesis Analytics Application

## Intent

Has one ""aws_kinesis_analytics_application"" resource","Has one ""aws_kinesis_analytics_application"" resource","package terraform.policy

import rego.v1

default has_valid_resources = false

has_valid_kinesis_analytics_application if {
        some i
        resource := input.planned_values.root_module.resources[i]
    resource.type == ""aws_kinesis_analytics_application""
    resource.values.name
}

has_valid_resources if {
    has_valid_kinesis_analytics_application
}

main if {
    has_valid_kinesis_analytics_application
    has_valid_resources
}
","terraform {
  required_version = "">= 1.15.0""

  required_providers {
    aws = {
      source  = ""hashicorp/aws""
      version = ""~> 6.0""
    }
  }
}

provider ""aws"" {
  region = ""us-west-2""
}

resource ""aws_kinesis_analytics_application"" ""test_application"" {
  name = ""kinesis-analytics-application-test""
}
",planned_values,False,autoiac-project/iac-eval,>= 1.15.0,1.16.1
aws/task-079,aws,1,aws_route53_zone,"# Task 079


Set up an aws_route_53 zone named ""example53.com""

## Intent

Has one ""aws_route53_zone"" resource
    with ""name"" set to ""example53.com""","Has one ""aws_route53_zone"" resource
    with ""name"" set to ""example53.com""","package terraform.policy

import rego.v1

default is_configuration_valid = false

default is_valid_r53_zone = false


# Validate aws_route53_zone resource
is_valid_r53_zone if {
	some i
	resource := input.resource_changes[i]
    resource.type == ""aws_route53_zone""
    resource.change.after.name == ""example53.com""
}


# Combine all checks into a final rule
is_configuration_valid if {
    is_valid_r53_zone
}

main if {
    is_valid_r53_zone
    is_configuration_valid
}
","terraform {
  required_version = "">= 1.15.0""

  required_providers {
    aws = {
      source  = ""hashicorp/aws""
      version = ""~> 6.0""
    }
  }
}

provider ""aws"" {
  region = ""us-east-1""
}

resource ""aws_route53_zone"" ""primary"" {
  name = ""example53.com""
}
",resource_changes,False,autoiac-project/iac-eval,>= 1.15.0,1.16.1
aws/task-092,aws,4,"aws_eks_access_entry, aws_eks_cluster, aws_iam_role, aws_subnet, aws_vpc","# Task 092


Create a Terraform script for an AWS EKS access entry with name ""example"". Define a resource to grant access to an EKS cluster using the cluster's name and a principal's ARN. Include assigning specific Kubernetes groups and set the access type to 'STANDARD'.

## Intent

has one ""aws_eks_access_entry"" resource
with one ""cluster_name""
with one ""principal_arn""
with one ""kubernetes_groups""
with one ""type""","has one ""aws_eks_access_entry"" resource
with one ""cluster_name""
with one ""principal_arn""
with one ""kubernetes_groups""
with one ""type""","package terraform.policy

import rego.v1

default has_aws_eks_access_entry_example = false

has_aws_eks_access_entry_example if {
    entry := input.planned_values.root_module.resources[_]
    entry.type == ""aws_eks_access_entry""
    entry.name == ""example""
    entry.values.kubernetes_groups == [""group-1"", ""group-2""]
    entry.values.type == ""STANDARD""
}

main if {
    has_aws_eks_access_entry_example
}
","terraform {
  required_version = "">= 1.15.0""

  required_providers {
    aws = {
      source  = ""hashicorp/aws""
      version = ""~> 6.0""
    }
  }
}

provider ""aws"" {
  region = ""us-east-1""
}

resource ""aws_vpc"" ""main"" {
  cidr_block = ""10.0.0.0/16""
}

resource ""aws_subnet"" ""private-us-east-1a"" {
  vpc_id     = aws_vpc.main.id
  cidr_block = ""10.0.1.0/24""
}

resource ""aws_iam_role"" ""example"" {
  name = ""eks-cluster-1""

  assume_role_policy = <<POLICY
{
  ""Version"": ""2012-10-17"",
  ""Statement"": [
    {
      ""Effect"": ""Allow"",
      ""Principal"": {
        ""Service"": ""eks.amazonaws.com""
      },
      ""Action"": ""sts:AssumeRole""
    }
  ]
}
POLICY
}

resource ""aws_iam_role_policy_attachment"" ""eks_cluster_policy"" {
  policy_arn = ""arn:aws:iam::aws:policy/AmazonEKSClusterPolicy""
  role       = aws_iam_role.example.name
}

resource ""aws_iam_role_policy_attachment"" ""eks_service_policy"" {
  policy_arn = ""arn:aws:iam::aws:policy/AmazonEKSServicePolicy""
  role       = aws_iam_role.example.name
}

resource ""aws_eks_cluster"" ""example"" {
  name     = ""test""
  version  = ""test-version""
  role_arn = aws_iam_role.example.arn

  vpc_config {
    subnet_ids = [
      aws_subnet.private-us-east-1a.id,
    ]
  }
}

resource ""aws_eks_access_entry"" ""example"" {
  cluster_name      = aws_eks_cluster.example.name
  principal_arn     = aws_iam_role.example.arn
  kubernetes_groups = [""group-1"", ""group-2""]
  type              = ""STANDARD""
}
",planned_values,False,autoiac-project/iac-eval,>= 1.15.0,1.16.1
aws/task-093,aws,4,"aws_eks_access_policy_association, aws_eks_cluster, aws_iam_role, aws_iam_user, aws_subnet, aws_vpc","# Task 093


Create a Terraform script to associate an access policy with name ""example"", with an AWS EKS cluster. Define a resource linking the cluster's name to the EKS access policy ARN ""arn:aws:eks::aws:cluster-access-policy/AmazonEKSViewPolicy"" and a principal's ARN. Include settings for an access scope limited to a specific namespace.

## Intent

has one ""aws_eks_access_policy_association"" resource
with one ""cluster_name""
with one ""policy_arn""
with one ""principal_arn""
with one ""access_scope""","has one ""aws_eks_access_policy_association"" resource
with one ""cluster_name""
with one ""policy_arn""
with one ""principal_arn""
with one ""access_scope""","package terraform.policy

import rego.v1

default has_aws_eks_access_policy_association_example = false

has_aws_eks_access_policy_association_example if {
    policy_assoc := input.planned_values.root_module.resources[_]
    policy_assoc.type == ""aws_eks_access_policy_association""
    policy_assoc.name == ""example""
    policy_assoc.values.policy_arn == ""arn:aws:eks::aws:cluster-access-policy/AmazonEKSViewPolicy""
    policy_assoc.values.access_scope[_].type == ""namespace""
    policy_assoc.values.access_scope[_].namespaces == [""example-namespace""]
}

main if {
    has_aws_eks_access_policy_association_example
}
","terraform {
  required_version = "">= 1.15.0""

  required_providers {
    aws = {
      source  = ""hashicorp/aws""
      version = ""~> 6.0""
    }
  }
}

provider ""aws"" {
  region = ""us-east-1""
}

resource ""aws_vpc"" ""main"" {
  cidr_block = ""10.0.0.0/16""
}

resource ""aws_subnet"" ""private-us-east-1a"" {
  vpc_id     = aws_vpc.main.id
  cidr_block = ""10.0.1.0/24""
}

resource ""aws_iam_role"" ""example"" {
  name = ""eks-cluster-1""

  assume_role_policy = <<POLICY
{
  ""Version"": ""2012-10-17"",
  ""Statement"": [
    {
      ""Effect"": ""Allow"",
      ""Principal"": {
        ""Service"": ""eks.amazonaws.com""
      },
      ""Action"": ""sts:AssumeRole""
    }
  ]
}
POLICY
}

resource ""aws_iam_role_policy_attachment"" ""eks_cluster_policy"" {
  policy_arn = ""arn:aws:iam::aws:policy/AmazonEKSClusterPolicy""
  role       = aws_iam_role.example.name
}

resource ""aws_iam_role_policy_attachment"" ""eks_service_policy"" {
  policy_arn = ""arn:aws:iam::aws:policy/AmazonEKSServicePolicy""
  role       = aws_iam_role.example.name
}

resource ""aws_eks_cluster"" ""example"" {
  name     = ""test""
  version  = ""test-version""
  role_arn = aws_iam_role.example.arn

  vpc_config {
    subnet_ids = [
      aws_subnet.private-us-east-1a.id,
    ]
  }
}

resource ""aws_iam_user"" ""example"" {
  name = ""eks-test""
}

resource ""aws_eks_access_policy_association"" ""example"" {
  cluster_name  = aws_eks_cluster.example.name
  policy_arn    = ""arn:aws:eks::aws:cluster-access-policy/AmazonEKSViewPolicy""
  principal_arn = aws_iam_user.example.arn

  access_scope {
    type       = ""namespace""
    namespaces = [""example-namespace""]
  }
}
",planned_values,False,autoiac-project/iac-eval,>= 1.15.0,1.16.1
aws/task-094,aws,4,"aws_eks_addon, aws_eks_cluster, aws_iam_role, aws_subnet, aws_vpc","# Task 094


Generate a Terraform script to add an addon with name ""example"", to an AWS EKS cluster. Define a resource that specifies the cluster's name and sets the addon name to 'vpc-cni'.

## Intent

has one ""aws_eks_addon"" resource
with one ""cluster_name""
with one ""addon_name""","has one ""aws_eks_addon"" resource
with one ""cluster_name""
with one ""addon_name""","package terraform.policy

import rego.v1

default has_aws_eks_addon_example = false

has_aws_eks_addon_example if {
    addon := input.planned_values.root_module.resources[_]
    addon.type == ""aws_eks_addon""
    addon.name == ""example""
    addon.values.addon_name == ""vpc-cni""
}

main if {
    has_aws_eks_addon_example
}
","terraform {
  required_version = "">= 1.15.0""

  required_providers {
    aws = {
      source  = ""hashicorp/aws""
      version = ""~> 6.0""
    }
  }
}

provider ""aws"" {
  region = ""us-east-1""
}

resource ""aws_vpc"" ""main"" {
  cidr_block = ""10.0.0.0/16""
}

resource ""aws_subnet"" ""private-us-east-1a"" {
  vpc_id     = aws_vpc.main.id
  cidr_block = ""10.0.1.0/24""
}

resource ""aws_iam_role"" ""example"" {
  name = ""eks-cluster-1""

  assume_role_policy = <<POLICY
{
  ""Version"": ""2012-10-17"",
  ""Statement"": [
    {
      ""Effect"": ""Allow"",
      ""Principal"": {
        ""Service"": ""eks.amazonaws.com""
      },
      ""Action"": ""sts:AssumeRole""
    }
  ]
}
POLICY
}

resource ""aws_iam_role_policy_attachment"" ""eks_cluster_policy"" {
  policy_arn = ""arn:aws:iam::aws:policy/AmazonEKSClusterPolicy""
  role       = aws_iam_role.example.name
}

resource ""aws_iam_role_policy_attachment"" ""eks_service_policy"" {
  policy_arn = ""arn:aws:iam::aws:policy/AmazonEKSServicePolicy""
  role       = aws_iam_role.example.name
}

resource ""aws_eks_cluster"" ""example"" {
  name     = ""test""
  version  = ""test-version""
  role_arn = aws_iam_role.example.arn

  vpc_config {
    subnet_ids = [
      aws_subnet.private-us-east-1a.id,
    ]
  }
}

resource ""aws_eks_addon"" ""example"" {
  cluster_name = aws_eks_cluster.example.name
  addon_name   = ""vpc-cni""
}
",planned_values,False,autoiac-project/iac-eval,>= 1.15.0,1.16.1
aws/task-097,aws,3,"aws_iam_role, aws_iam_role_policy_attachment","# Task 097


Create a Terraform script for an AWS IAM role designed for EKS Fargate profiles. Define a role with a specific name (with the name attribute set to ""eks-fargate-profile-example"") and an assume role policy that allows actions from 'eks-fargate-pods.amazonaws.com'. Also, attach a predefined Amazon EKS Fargate Pod Execution Role Policy to this role.

## Intent

has one ""aws_iam_role"" resource
with one ""name""
with one ""assume_role_policy""

has one ""aws_iam_role_policy_attachment"" resource
with one ""policy_arn""
with one ""role""","has one ""aws_iam_role"" resource
with one ""name""
with one ""assume_role_policy""

has one ""aws_iam_role_policy_attachment"" resource
with one ""policy_arn""
with one ""role""","package terraform.policy

import rego.v1

default has_aws_iam_role_example = false
default has_aws_iam_role_policy_attachment_example = false

has_aws_iam_role_example if {
    role := input.planned_values.root_module.resources[_]
    role.type == ""aws_iam_role""
    role.values.name == ""eks-fargate-profile-example""
    assume_policy := json.unmarshal(role.values.assume_role_policy)
    assume_policy.Statement[0].Action == ""sts:AssumeRole""
    assume_policy.Statement[0].Effect == ""Allow""
    assume_policy.Statement[0].Principal.Service == ""eks-fargate-pods.amazonaws.com""
    assume_policy.Version == ""2012-10-17""
}

has_aws_iam_role_policy_attachment_example if {
    attachment := input.planned_values.root_module.resources[_]
    attachment.type == ""aws_iam_role_policy_attachment""
    attachment.values.policy_arn == ""arn:aws:iam::aws:policy/AmazonEKSFargatePodExecutionRolePolicy""
}

valid_configuration if {
    has_aws_iam_role_example
    has_aws_iam_role_policy_attachment_example
}

main if {
    valid_configuration
}
","terraform {
  required_version = "">= 1.15.0""

  required_providers {
    aws = {
      source  = ""hashicorp/aws""
      version = ""~> 6.0""
    }
  }
}

provider ""aws"" {
  region = ""us-east-1""
}

resource ""aws_iam_role"" ""example"" {
  name = ""eks-fargate-profile-example""

  assume_role_policy = jsonencode({
    Statement = [{
      Action = ""sts:AssumeRole""
      Effect = ""Allow""
      Principal = {
        Service = ""eks-fargate-pods.amazonaws.com""
      }
    }]
    Version = ""2012-10-17""
  })
}

resource ""aws_iam_role_policy_attachment"" ""example-AmazonEKSFargatePodExecutionRolePolicy"" {
  policy_arn = ""arn:aws:iam::aws:policy/AmazonEKSFargatePodExecutionRolePolicy""
  role       = aws_iam_role.example.name
}
",planned_values,False,autoiac-project/iac-eval,>= 1.15.0,1.16.1
aws/task-098,aws,4,"aws_eks_cluster, aws_eks_identity_provider_config, aws_iam_role, aws_subnet, aws_vpc","# Task 098


Generate a Terraform script to configure an OIDC identity provider for an AWS EKS cluster (where the cluster has it's name attribute set to ""example""). Define a resource that links to the cluster by name and sets up OIDC with specific parameters including client ID, identity provider config name, and issuer URL.

## Intent

has one ""aws_eks_identity_provider_config"" resource
with one ""cluster_name""
with one ""oidc"" block containing:
one ""client_id""
one ""identity_provider_config_name""
one ""issuer_url""","has one ""aws_eks_identity_provider_config"" resource
with one ""cluster_name""
with one ""oidc"" block containing:
one ""client_id""
one ""identity_provider_config_name""
one ""issuer_url""","package terraform.policy

import rego.v1

default has_aws_eks_identity_provider_config_example = false

has_aws_eks_identity_provider_config_example if {
    identity_provider_config := input.planned_values.root_module.resources[_]
    identity_provider_config.type == ""aws_eks_identity_provider_config""
    identity_provider_config.values.oidc[_].client_id != null
    identity_provider_config.values.oidc[_].identity_provider_config_name != null
    identity_provider_config.values.oidc[_].issuer_url != null
}

main if {
    has_aws_eks_identity_provider_config_example
}
","terraform {
  required_version = "">= 1.15.0""

  required_providers {
    aws = {
      source  = ""hashicorp/aws""
      version = ""~> 6.0""
    }
  }
}

provider ""aws"" {
  region = ""us-east-1""
}

resource ""aws_vpc"" ""main"" {
  cidr_block = ""10.0.0.0/16""
}

resource ""aws_subnet"" ""example1"" {
  vpc_id     = aws_vpc.main.id
  cidr_block = ""10.0.1.0/24""
}

resource ""aws_subnet"" ""example2"" {
  vpc_id     = aws_vpc.main.id
  cidr_block = ""10.0.2.0/24""
}

resource ""aws_iam_role"" ""example"" {
  name = ""eks-cluster-1""

  assume_role_policy = <<POLICY
{
  ""Version"": ""2012-10-17"",
  ""Statement"": [
    {
      ""Effect"": ""Allow"",
      ""Principal"": {
        ""Service"": ""eks.amazonaws.com""
      },
      ""Action"": ""sts:AssumeRole""
    }
  ]
}
POLICY
}

resource ""aws_iam_role_policy_attachment"" ""eks_cluster_policy"" {
  policy_arn = ""arn:aws:iam::aws:policy/AmazonEKSClusterPolicy""
  role       = aws_iam_role.example.name
}

resource ""aws_iam_role_policy_attachment"" ""eks_service_policy"" {
  policy_arn = ""arn:aws:iam::aws:policy/AmazonEKSServicePolicy""
  role       = aws_iam_role.example.name
}

resource ""aws_eks_cluster"" ""example"" {
  name     = ""example""
  role_arn = aws_iam_role.example.arn

  vpc_config {
    subnet_ids = [aws_subnet.example1.id, aws_subnet.example2.id]
  }
}

resource ""aws_eks_identity_provider_config"" ""example"" {
  cluster_name = aws_eks_cluster.example.name

  oidc {
    client_id                     = ""your client_id""
    identity_provider_config_name = ""example""
    issuer_url                    = ""https://www.sampleurl.com""
  }
}
",planned_values,False,autoiac-project/iac-eval,>= 1.15.0,1.16.1
aws/task-108,aws,2,"aws_s3_bucket, aws_s3_bucket_versioning","# Task 108


Create a bucket ""sample"". Implement versioning resource for the AWS S3 bucket named 'sample' with the versioning status set to 'Enabled' and specify the expected_bucket_owner as '123456789012' to ensure ownership consistency.

## Intent

has one aws_s3_bucket resource
with bucket

has one ""aws_s3_bucket_versioning"" resource
     with bucket
     with versionaning_configuration
          with status","has one aws_s3_bucket resource
with bucket

has one ""aws_s3_bucket_versioning"" resource
     with bucket
     with versionaning_configuration
          with status","package terraform.policy

import rego.v1

default has_s3_bucket_versioning = false

default has_s3_bucket = false

default valid_configuration = false

has_s3_bucket if {
    resource := input.resource_changes[_]
    resource.type == ""aws_s3_bucket""
    resource.name == ""sample""
}

has_s3_bucket_versioning if {
    versioning := input.resource_changes[_]
    versioning.type == ""aws_s3_bucket_versioning""
    versioning.change.after.expected_bucket_owner == ""123456789012""
    versioning.change.after.versioning_configuration[_].status == ""Enabled""
}

valid_configuration if {
    has_s3_bucket
    has_s3_bucket_versioning
}

main if {
    valid_configuration
}
","terraform {
  required_version = "">= 1.15.0""

  required_providers {
    aws = {
      source  = ""hashicorp/aws""
      version = ""~> 6.0""
    }
  }
}

provider ""aws"" {
    region = ""us-west-1""
}

resource ""aws_s3_bucket"" ""sample"" {
  bucket = ""sample""
}

resource ""aws_s3_bucket_versioning"" ""sample"" {
  bucket = ""sample""
  versioning_configuration {
    status = ""Enabled""
  }
  expected_bucket_owner = ""123456789012""
}
",resource_changes,False,autoiac-project/iac-eval,>= 1.15.0,1.16.1
aws/task-109,aws,5,"aws_dynamodb_table, aws_s3_bucket, aws_s3_bucket_public_access_block, aws_s3_bucket_server_side_encryption_configuration, aws_s3_bucket_versioning","# Task 109


Set up an AWS S3 bucket and DynamoDB table for Terraform state management. Ensure the S3 bucket has preventive measures against accidental deletion and is configured with versioning enabled, server-side encryption using AES256, and public access restrictions. Create a DynamoDB table with a hash key named 'LockID' using 'PAY_PER_REQUEST' billing mode for Terraform locking.

## Intent

has one aws_s3_bucket_versioning resource
with bucket    
with status

has one aws_dynamodb_table resource
with name
with hash_key

has one aws_s3_bucket_lifecycle_configuration resource
with bucket 
with rule
    with id
    with status
    with action
    with transition
        with days
        with storage_class

has one aws_s3_bucket_server_side_encryption_configuration resource
with bucket
with rule
    with apply_server_side_encryption_by_default
    with sse_algorithm

has one aws_s3_bucket_public_access_block resource
with bucket
with block_public_acls (boolean)
with block_public_policy (boolean)
with ignore_public_acls (boolean)
with restrict_public_buckets(boolean)

has one aws_dynamodb_table resource
with name  
with hash_key  
with attribute
    with name
    with type","has one aws_s3_bucket_versioning resource
with bucket    
with status

has one aws_dynamodb_table resource
with name
with hash_key

has one aws_s3_bucket_lifecycle_configuration resource
with bucket 
with rule
    with id
    with status
    with action
    with transition
        with days
        with storage_class

has one aws_s3_bucket_server_side_encryption_configuration resource
with bucket
with rule
    with apply_server_side_encryption_by_default
    with sse_algorithm

has one aws_s3_bucket_public_access_block resource
with bucket
with block_public_acls (boolean)
with block_public_policy (boolean)
with ignore_public_acls (boolean)
with restrict_public_buckets(boolean)

has one aws_dynamodb_table resource
with name  
with hash_key  
with attribute
    with name
    with type","package terraform.policy

import rego.v1

default has_s3_bucket_versioning = false
default has_dynamodb_table = false
default has_s3_bucket_server_side_encryption_configuration = false
default has_s3_bucket_public_access_block = false
default valid_configuration = false


# Check for aws_s3_bucket_versioning resource with 'bucket' and 'status'
has_s3_bucket_versioning if {
    versioning := input.planned_values.root_module.resources[_]
    versioning.type == ""aws_s3_bucket_versioning""
    versioning.values.versioning_configuration[_].status == ""Enabled""
}

# Check for aws_dynamodb_table resource with 'name' and 'hash_key'
has_dynamodb_table if {
    some i
    table := input.planned_values.root_module.resources[i]
    table.type == ""aws_dynamodb_table""
    table.values.name != null
    table.values.hash_key != null
}

# Check for aws_s3_bucket_server_side_encryption_configuration resource with 'bucket', 'rule', and 'sse_algorithm'
has_s3_bucket_server_side_encryption_configuration if {
    some i
    encryption := input.planned_values.root_module.resources[i]
    encryption.type == ""aws_s3_bucket_server_side_encryption_configuration""
    encryption.values.rule != null
    encryption.values.rule[0].apply_server_side_encryption_by_default != null
    encryption.values.rule[0].apply_server_side_encryption_by_default[0].sse_algorithm != null
}

# Check for aws_s3_bucket_public_access_block resource with 'bucket' and boolean flags
has_s3_bucket_public_access_block if {
    some i
    access_block := input.planned_values.root_module.resources[i]
    access_block.type == ""aws_s3_bucket_public_access_block""
    access_block.values.block_public_acls == true
    access_block.values.block_public_policy == true
    access_block.values.ignore_public_acls == true
    access_block.values.restrict_public_buckets == true
}

# Combined validation rule
valid_configuration if {
    has_s3_bucket_versioning
    has_dynamodb_table
    has_s3_bucket_server_side_encryption_configuration
    has_s3_bucket_public_access_block
}

main if {
    valid_configuration
}
","terraform {
  required_version = "">= 1.15.0""

  required_providers {
    aws = {
      source  = ""hashicorp/aws""
      version = ""~> 6.0""
    }
  }
}

provider ""aws"" {
  region  = ""us-east-1""
}

resource ""aws_s3_bucket"" ""terraform_state"" {
  bucket = ""iac-misc-terraform-state""
}

resource ""aws_s3_bucket_versioning"" ""enabled"" {
  bucket = aws_s3_bucket.terraform_state.id
  versioning_configuration {
    status = ""Enabled""
  }
}

resource ""aws_s3_bucket_server_side_encryption_configuration"" ""default"" {
  bucket = aws_s3_bucket.terraform_state.id

  rule {
    apply_server_side_encryption_by_default {
      sse_algorithm = ""AES256""
    }
  }
}

resource ""aws_s3_bucket_public_access_block"" ""public_access"" {
  bucket                  = aws_s3_bucket.terraform_state.id
  block_public_acls       = true
  block_public_policy     = true
  ignore_public_acls      = true
  restrict_public_buckets = true
}

resource ""aws_dynamodb_table"" ""terraform_locks"" {
  name         = ""iac-misc-terraform-locks""
  billing_mode = ""PAY_PER_REQUEST""
  hash_key     = ""LockID""

  attribute {
    name = ""LockID""
    type = ""S""
  }
}
",planned_values,False,autoiac-project/iac-eval,>= 1.15.0,1.16.1
aws/task-110,aws,4,"aws_s3_bucket, aws_s3_bucket_acl, aws_s3_bucket_lifecycle_configuration, aws_s3_bucket_versioning","# Task 110


Create an AWS S3 bucket named 'wellcomecollection-platform-infra' with preventive destruction measures. Set the bucket ACL to 'private' and configure a lifecycle policy for automatic deletion of objects with a 'tmp/' prefix after 30 days. Implement versioning and set up lifecycle rules to transition old versions to the 'STANDARD_IA' storage class after 30 days and delete noncurrent versions after 90 days.

## Intent

has one aws_s3_bucket resource
with bucket

has one aws_s3_bucket_acl resource
with bucket 
with acl

has one aws_s3_bucket_lifecycle_configuration resource
with bucket
with rule
     with id
     with status
     with action
     with transition
          with days
          with storage_class
with expiration
     with days

has one aws_s3_bucket_versioning resource
with bucket
with versioning_configuration
     with status (can be ""Enabled"" or ""Suspended"")","has one aws_s3_bucket resource
with bucket

has one aws_s3_bucket_acl resource
with bucket 
with acl

has one aws_s3_bucket_lifecycle_configuration resource
with bucket
with rule
     with id
     with status
     with action
     with transition
          with days
          with storage_class
with expiration
     with days

has one aws_s3_bucket_versioning resource
with bucket
with versioning_configuration
     with status (can be ""Enabled"" or ""Suspended"")","package terraform.policy

import rego.v1

default has_s3_bucket = false

default has_s3_bucket_acl = false

default has_s3_bucket_lifecycle_configuration_one = false

default has_s3_bucket_lifecycle_configuration_two = false

default has_s3_bucket_versioning = false

default valid_configuration = false

has_s3_bucket if {
    bucket := input.planned_values.root_module.resources[_]
    bucket.type == ""aws_s3_bucket""
}

has_s3_bucket_acl if {
        acl := input.planned_values.root_module.resources[_]
    acl.type == ""aws_s3_bucket_acl""
        acl.values.acl == ""private""
}

has_s3_bucket_lifecycle_configuration_one if {
        lifecycle := input.planned_values.root_module.resources[_]
    lifecycle.type == ""aws_s3_bucket_lifecycle_configuration""
        rule1 := lifecycle.values.rule[_]
        rule1.id != null
        rule1.status == ""Enabled""
        rule1.expiration[_].days == 30
}

has_s3_bucket_lifecycle_configuration_two if {
        lifecycle := input.planned_values.root_module.resources[_]
    lifecycle.type == ""aws_s3_bucket_lifecycle_configuration""
        rule2 := lifecycle.values.rule[_]
        rule2.id != null
        rule2.status == ""Enabled""
        rule2.noncurrent_version_expiration[_].noncurrent_days == 90
    rule2.transition[_].days == 30
    rule2.transition[_].storage_class == ""STANDARD_IA""
}

has_s3_bucket_versioning if {
    versioning := input.planned_values.root_module.resources[_]
    versioning.type == ""aws_s3_bucket_versioning""
    versioning.values.versioning_configuration[_].status == ""Enabled""
}

valid_configuration if {
        has_s3_bucket
        has_s3_bucket_acl
        has_s3_bucket_lifecycle_configuration_one
    has_s3_bucket_lifecycle_configuration_two
        has_s3_bucket_versioning
}

main if {
    valid_configuration
}
","terraform {
  required_version = "">= 1.15.0""

  required_providers {
    aws = {
      source  = ""hashicorp/aws""
      version = ""~> 6.0""
    }
  }
}

provider ""aws"" {
  region = ""us-east-1""
}

resource ""aws_s3_bucket"" ""platform_infra"" {
  bucket_prefix = ""wellcomecollection-platform-infra-""
}

resource ""aws_s3_bucket_ownership_controls"" ""example"" {
    bucket = aws_s3_bucket.platform_infra.id
    rule {
        object_ownership = ""BucketOwnerPreferred""
    }
}

resource ""aws_s3_bucket_acl"" ""platform_infra"" {
  depends_on = [ aws_s3_bucket_ownership_controls.example ]

  bucket = aws_s3_bucket.platform_infra.id
  acl    = ""private""
}

resource ""aws_s3_bucket_lifecycle_configuration"" ""platform_infra"" {
  bucket = aws_s3_bucket.platform_infra.id

  rule {
    id = ""tmp""

    filter {
      prefix = ""tmp/""
    }

    expiration {
      days = 30
    }

    status = ""Enabled""
  }

  rule {
    id = ""expire_old_versions""

    transition {
      days          = 30
      storage_class = ""STANDARD_IA""
    }

    noncurrent_version_expiration {
      noncurrent_days = 90
    }

    status = ""Enabled""
  }
}

resource ""aws_s3_bucket_versioning"" ""platform_infra"" {
  bucket = aws_s3_bucket.platform_infra.id

  versioning_configuration {
    status = ""Enabled""
  }
}
",planned_values,False,autoiac-project/iac-eval,>= 1.15.0,1.16.1
aws/task-111,aws,2,"aws_s3_bucket, aws_s3_bucket_logging","# Task 111


Create a bucket ""a"". Then configure logging for the bucket to send access logs to another bucket named 'logging-680235478471' with a prefix of 'log/' in the target bucket.

## Intent

has one aws_s3_bucket resource
with bucket

has one aws_s3_bucket_logging resource
with bucket
with target_bucket
with target_prefix","has one aws_s3_bucket resource
with bucket

has one aws_s3_bucket_logging resource
with bucket
with target_bucket
with target_prefix","package terraform.policy

import rego.v1

default has_s3_bucket = false

default has_s3_bucket_logging = false

default valid_configuration = false

has_s3_bucket if {
    bucket := input.planned_values.root_module.resources[_]
    bucket.type == ""aws_s3_bucket""
    bucket.name == ""a""
}

has_s3_bucket_logging if {
    logging := input.planned_values.root_module.resources[_]
    logging.type == ""aws_s3_bucket_logging""
    logging.values.target_bucket == ""logging-680235478471""
    logging.values.target_prefix == ""log/""
}

valid_configuration if {
    has_s3_bucket
    has_s3_bucket_logging
}

main if {
    valid_configuration
}
","terraform {
  required_version = "">= 1.15.0""

  required_providers {
    aws = {
      source  = ""hashicorp/aws""
      version = ""~> 6.0""
    }
  }
}

provider ""aws"" {
    region = ""us-west-1""
}

resource ""aws_s3_bucket"" ""a"" {
  bucket = ""testbucketineu-west2""
}

resource ""aws_s3_bucket_logging"" ""example"" {
  bucket        = ""testbucketineu-west2""
  target_bucket = ""logging-680235478471""
  target_prefix = ""log/""
}
",planned_values,False,autoiac-project/iac-eval,>= 1.15.0,1.16.1
aws/task-112,aws,2,"aws_s3_bucket, aws_s3_bucket_object_lock_configuration","# Task 112


Create an AWS S3 bucket named 'example-bucket' with object lock enabled. Configure object lock governance mode with a retention period of 90 days for objects in the bucket.

## Intent

has one aws_s3_bucket resource
with bucket

has one aws_s3_bucket_object_lock_configuration resource
with bucket
with rule
     with default_retention
          with mode (GOVERNANCE or COMPLIANCE)
          with days or years","has one aws_s3_bucket resource
with bucket

has one aws_s3_bucket_object_lock_configuration resource
with bucket
with rule
     with default_retention
          with mode (GOVERNANCE or COMPLIANCE)
          with days or years","package terraform.policy

import rego.v1

default has_s3_bucket = false

default has_s3_bucket_object_lock_configuration = false

default valid_configuration = false


has_s3_bucket if {
    bucket := input.planned_values.root_module.resources[_]
    bucket.type == ""aws_s3_bucket""
    bucket.values.bucket == ""example-bucket""
}

has_s3_bucket_object_lock_configuration if {
    lock_config := input.planned_values.root_module.resources[_]
    lock_config.type == ""aws_s3_bucket_object_lock_configuration""
    default_retention := lock_config.values.rule[_].default_retention[_]
    default_retention.mode == ""GOVERNANCE""
    default_retention.days == 90
}

valid_configuration if {
    has_s3_bucket
    has_s3_bucket_object_lock_configuration
}

main if {
    valid_configuration
}
","terraform {
  required_version = "">= 1.15.0""

  required_providers {
    aws = {
      source  = ""hashicorp/aws""
      version = ""~> 6.0""
    }
  }
}

provider ""aws"" {
    region = ""us-west-1""
}

resource ""aws_s3_bucket"" ""example"" {
  bucket = ""example-bucket""
}

resource ""aws_s3_bucket_object_lock_configuration"" ""example"" {
  bucket = aws_s3_bucket.example.bucket

  rule {
    default_retention {
      mode  = ""GOVERNANCE""
      days  = 90
    }
  }
}
",planned_values,False,autoiac-project/iac-eval,>= 1.15.0,1.16.1
aws/task-113,aws,2,"aws_s3_bucket, aws_s3_bucket_object_lock_configuration","# Task 113


Create an AWS S3 bucket named 'example-bucket' with object lock enabled. Configure object lock compliance mode with a retention period of 30 days for objects in the bucket.

## Intent

has one aws_s3_bucket resource
with bucket

has one aws_s3_bucket_object_lock_configuration resource
with bucket
with rule
     with default_retention
          with mode (GOVERNANCE or COMPLIANCE)
          with days or years","has one aws_s3_bucket resource
with bucket

has one aws_s3_bucket_object_lock_configuration resource
with bucket
with rule
     with default_retention
          with mode (GOVERNANCE or COMPLIANCE)
          with days or years","package terraform.policy

import rego.v1

default has_s3_bucket = false

default has_s3_bucket_object_lock_configuration = false

default valid_configuration = false


has_s3_bucket if {
    bucket := input.planned_values.root_module.resources[_]
    bucket.type == ""aws_s3_bucket""
    bucket.values.bucket == ""example-bucket""
}

has_s3_bucket_object_lock_configuration if {
    lock_config := input.planned_values.root_module.resources[_]
    lock_config.type == ""aws_s3_bucket_object_lock_configuration""
    default_retention := lock_config.values.rule[_].default_retention[_]
    default_retention.mode == ""COMPLIANCE""
    default_retention.days == 30
}

valid_configuration if {
    has_s3_bucket
    has_s3_bucket_object_lock_configuration
}

main if {
    valid_configuration
}
","terraform {
  required_version = "">= 1.15.0""

  required_providers {
    aws = {
      source  = ""hashicorp/aws""
      version = ""~> 6.0""
    }
  }
}

provider ""aws"" {
    region = ""us-west-1""
}

resource ""aws_s3_bucket"" ""example"" {
  bucket = ""example-bucket""
}

resource ""aws_s3_bucket_object_lock_configuration"" ""example"" {
  bucket = aws_s3_bucket.example.bucket

  rule {
    default_retention {
      mode  = ""COMPLIANCE""
      days  = 30
    }
  }
}
",planned_values,False,autoiac-project/iac-eval,>= 1.15.0,1.16.1
aws/task-114,aws,2,"aws_s3_bucket, aws_s3_bucket_request_payment_configuration","# Task 114


create a bucket 'pike-680235478471'. Set up request payment configuration for an AWS S3 bucket named 'pike-680235478471', specifying the payer as 'Requester'.

## Intent

has one aws_s3_bucket resource
with bucket

has one aws_s3_bucket_request_payment_configuration resource
with bucket
with payer (BucketOwner or Requester)","has one aws_s3_bucket resource
with bucket

has one aws_s3_bucket_request_payment_configuration resource
with bucket
with payer (BucketOwner or Requester)","package terraform.policy

import rego.v1

default has_s3_bucket = false

default has_s3_bucket_request_payment_configuration = false

default valid_configuration = false

has_s3_bucket if {
    some i
    bucket := input.planned_values.root_module.resources[i]
    bucket.type == ""aws_s3_bucket""
    bucket.values.bucket == ""pike-680235478471""
}

has_s3_bucket_request_payment_configuration if {
    some i
    payment_config := input.planned_values.root_module.resources[i]
    payment_config.type == ""aws_s3_bucket_request_payment_configuration""
    payment_config.values.payer == ""Requester""
}

valid_configuration if {
    has_s3_bucket
    has_s3_bucket_request_payment_configuration
}

main if {
    valid_configuration
}
","terraform {
  required_version = "">= 1.15.0""

  required_providers {
    aws = {
      source  = ""hashicorp/aws""
      version = ""~> 6.0""
    }
  }
}

provider ""aws"" {
    region = ""us-west-1""
}

resource ""aws_s3_bucket"" ""a"" {
  bucket = ""pike-680235478471""
}

resource ""aws_s3_bucket_request_payment_configuration"" ""pike"" {
  bucket = ""pike-680235478471""
  payer  = ""Requester""
}
",planned_values,False,autoiac-project/iac-eval,>= 1.15.0,1.16.1
aws/task-115,aws,2,"aws_s3_bucket, aws_s3_bucket_public_access_block","# Task 115


Implement public access block settings for an AWS S3 bucket named 'pike-680235478471' to block public ACLs, public policies, and restrict public buckets.

## Intent

has one aws_s3_bucket resource
with bucket

has one aws_s3_bucket_public_access_block resource
with bucket
with block_public_acls (boolean)
with block_public_policy (boolean)
with ignore_public_acls (boolean)
with restrict_public_buckets (boolean)","has one aws_s3_bucket resource
with bucket

has one aws_s3_bucket_public_access_block resource
with bucket
with block_public_acls (boolean)
with block_public_policy (boolean)
with ignore_public_acls (boolean)
with restrict_public_buckets (boolean)","package terraform.policy

import rego.v1

default has_s3_bucket = false

default has_s3_bucket_public_access_block = false

default valid_configuration = false

has_s3_bucket if {
    resource := input.planned_values.root_module.resources[_]
    resource.type == ""aws_s3_bucket""
    resource.values.bucket == ""pike-680235478471""
}

has_s3_bucket_public_access_block if {
    some i
    resource := input.planned_values.root_module.resources[i]
    resource.type == ""aws_s3_bucket_public_access_block""
    resource.values.block_public_acls == true
    resource.values.block_public_policy == true
    resource.values.ignore_public_acls == true
    resource.values.restrict_public_buckets == true
}


valid_configuration if {
    has_s3_bucket
    has_s3_bucket_public_access_block
}

main if {
    valid_configuration
}
","terraform {
  required_version = "">= 1.15.0""

  required_providers {
    aws = {
      source  = ""hashicorp/aws""
      version = ""~> 6.0""
    }
  }
}

provider ""aws"" {
    region = ""us-west-1""
}

resource ""aws_s3_bucket"" ""a"" {
  bucket = ""pike-680235478471""
}

resource ""aws_s3_bucket_public_access_block"" ""example"" {
  bucket = ""pike-680235478471""

  block_public_acls       = true
  block_public_policy     = true
  ignore_public_acls      = true
  restrict_public_buckets = true
}
",planned_values,False,autoiac-project/iac-eval,>= 1.15.0,1.16.1
aws/task-117,aws,3,"aws_s3_bucket, aws_s3_bucket_acl, aws_s3_bucket_policy","# Task 117


Create a Terraform configuration that defines an AWS S3 bucket, a private ACL for the bucket, and a bucket policy allowing s3:GetObject actions with a condition based on the AWS Referer header. The bucket should be named ""my_unique_bucket_name,"" and the policy should grant access to all principals.

## Intent

Resource ""aws_s3_bucket""
has one ""bucket""

Resource ""aws_s3_bucket_acl""
has one ""bucket""
has one ""acl""

Resource ""aws_s3_bucket_policy""
has one ""bucket""
has one ""policy""","Resource ""aws_s3_bucket""
has one ""bucket""

Resource ""aws_s3_bucket_acl""
has one ""bucket""
has one ""acl""

Resource ""aws_s3_bucket_policy""
has one ""bucket""
has one ""policy""","package terraform.policy

import rego.v1

default has_aws_s3_bucket = false
default has_aws_s3_bucket_acl = false
default has_aws_s3_bucket_policy = false

has_aws_s3_bucket if {
    bucket := input.planned_values.root_module.resources[_]
    bucket.type == ""aws_s3_bucket""
    bucket.values.bucket == ""my_unique_bucket_name""
}

has_aws_s3_bucket_acl if {
    acl := input.planned_values.root_module.resources[_]
    acl.type == ""aws_s3_bucket_acl""
    acl.values.acl == ""private""
}

has_aws_s3_bucket_policy if {
    policy := input.planned_values.root_module.resources[_]
    policy.type == ""aws_s3_bucket_policy""
}

valid_configuration if {
    has_aws_s3_bucket
    has_aws_s3_bucket_acl
    has_aws_s3_bucket_policy
}

main if {
    valid_configuration
}
","terraform {
  required_version = "">= 1.15.0""

  required_providers {
    aws = {
      source  = ""hashicorp/aws""
      version = ""~> 6.0""
    }
  }
}

provider ""aws"" {
    region = ""us-west-1""
}

resource ""aws_s3_bucket"" ""my_bucket"" {
  bucket = ""my_unique_bucket_name""
}

resource ""aws_s3_bucket_acl"" ""my_bucket_acl"" {
  bucket = aws_s3_bucket.my_bucket.id
  acl    = ""private""
}

resource ""aws_s3_bucket_policy"" ""my_bucket_policy"" {
  bucket = aws_s3_bucket.my_bucket.id
  policy = jsonencode({
    Version = ""2012-10-17"",
    Statement = [
      {
        Sid       = ""ExampleStatement1"",
        Effect    = ""Allow"",
        Principal = ""*"",
        Action    = [
          ""s3:GetObject""
        ],
        Resource = [
          ""${aws_s3_bucket.my_bucket.arn}/*""
        ],
        Condition = {
          StringEquals = {
            ""aws:Referer"" = ""http://www.example.com""
          }
        }
      }
    ]
  })
}
",planned_values,False,autoiac-project/iac-eval,>= 1.15.0,1.16.1
aws/task-118,aws,3,"aws_iam_policy_document, aws_s3_bucket, aws_s3_bucket_notification, aws_sns_topic","# Task 118


Create an IAM policy document that allows the 's3.amazonaws.com' service to publish to an SNS topic for S3 event notifications. Specify the actions as 'SNS:Publish' and set the resource to the ARN of the SNS topic 's3-event-notification-topic'. Apply a condition to allow this action only if the source ARN is similar to the ARN of the specified S3 bucket. Create an SNS topic named 's3-event-notification-topic' with the generated IAM policy. Set up an S3 bucket named 'your-bucket-name' and configure it to send notifications to the SNS topic for 's3:ObjectCreated:*' events with a filter for '.log' suffix.

## Intent

Data ""aws_iam_policy_document""
has one ""effect""
has one ""principals"" 
has one ""actions""
has one ""resources""

Resource ""aws_sns_topic"" 
has one ""name""
uses the JSON output

Resource ""aws_s3_bucket"" 
has one ""bucket""

Resource ""aws_s3_bucket_notification"" 
has one ""bucket""
configures a ""topic"" notification with:
""topic_arn""
""events""
""filter_suffix""","Data ""aws_iam_policy_document""
has one ""effect""
has one ""principals"" 
has one ""actions""
has one ""resources""

Resource ""aws_sns_topic"" 
has one ""name""
uses the JSON output

Resource ""aws_s3_bucket"" 
has one ""bucket""

Resource ""aws_s3_bucket_notification"" 
has one ""bucket""
configures a ""topic"" notification with:
""topic_arn""
""events""
""filter_suffix""","package terraform.policy

import rego.v1

default has_aws_iam_policy_document_topic = false
default has_aws_sns_topic = false
default has_aws_s3_bucket = false
default has_aws_s3_bucket_notification = false

has_aws_iam_policy_document_topic if {
    policy := input.planned_values.root_module.resources[_]
    policy.type == ""aws_iam_policy_document""
}

has_aws_sns_topic if {
    topic := input.planned_values.root_module.resources[_]
    topic.type == ""aws_sns_topic""
    topic.name == ""topic""
    topic.values.name == ""s3-event-notification-topic""
}

has_aws_s3_bucket if {
    bucket := input.planned_values.root_module.resources[_]
    bucket.type == ""aws_s3_bucket""
    bucket.name == ""bucket""
    bucket.values.bucket == ""your-bucket-name""
}

has_aws_s3_bucket_notification if {
    notification := input.planned_values.root_module.resources[_]
    notification.type == ""aws_s3_bucket_notification""
    notification.name == ""bucket_notification""
    notification.values.topic[0].events[0] == ""s3:ObjectCreated:*""
    notification.values.topic[0].filter_suffix == "".log""
}

valid_configuration if {
    has_aws_iam_policy_document_topic
    has_aws_sns_topic
    has_aws_s3_bucket
    has_aws_s3_bucket_notification
}

main if {
    valid_configuration
}
","terraform {
  required_version = "">= 1.15.0""

  required_providers {
    aws = {
      source  = ""hashicorp/aws""
      version = ""~> 6.0""
    }
  }
}

provider ""aws"" {
    region = ""us-west-1""
}

data ""aws_iam_policy_document"" ""topic"" {
  statement {
    effect = ""Allow""

    principals {
      type        = ""Service""
      identifiers = [""s3.amazonaws.com""]
    }

    actions   = [""SNS:Publish""]
    resources = [""arn:aws:sns:*:*:s3-event-notification-topic""]

    condition {
      test     = ""ArnLike""
      variable = ""aws:SourceArn""
      values   = [aws_s3_bucket.bucket.arn]
    }
  }
}
resource ""aws_sns_topic"" ""topic"" {
  name   = ""s3-event-notification-topic""
  policy = data.aws_iam_policy_document.topic.json
}

resource ""aws_s3_bucket"" ""bucket"" {
  bucket = ""your-bucket-name""
}

resource ""aws_s3_bucket_notification"" ""bucket_notification"" {
  bucket = aws_s3_bucket.bucket.id

  topic {
    topic_arn     = aws_sns_topic.topic.arn
    events        = [""s3:ObjectCreated:*""]
    filter_suffix = "".log""
  }
}
",planned_values,False,autoiac-project/iac-eval,>= 1.15.0,1.16.1
aws/task-119,aws,3,"aws_s3_bucket, aws_s3_bucket_object_lock_configuration, aws_s3_bucket_versioning","# Task 119


Create a Terraform configuration that sets up an AWS S3 bucket named ""mybucket"" with versioning enabled. Additionally, configure object lock retention for compliance mode with a retention period of 5 days. Ensure that the object lock configuration is applied to the same bucket as versioning. Use appropriate resource types and dynamic references for bucket IDs and ARNs in the configuration.

## Intent

Resource ""aws_s3_bucket""
has one ""bucket""

Resource ""aws_s3_bucket_versioning""
has one ""bucket""
with one ""status"" in ""versioning_configuration""

Resource ""aws_s3_bucket_object_lock_configuration""
has one ""bucket""
with one ""mode"" and ""days"" in ""default_retention"" within ""rule""","Resource ""aws_s3_bucket""
has one ""bucket""

Resource ""aws_s3_bucket_versioning""
has one ""bucket""
with one ""status"" in ""versioning_configuration""

Resource ""aws_s3_bucket_object_lock_configuration""
has one ""bucket""
with one ""mode"" and ""days"" in ""default_retention"" within ""rule""","package terraform.policy

import rego.v1

default has_aws_s3_bucket = false
default has_aws_s3_bucket_versioning = false
default has_aws_s3_bucket_object_lock_configuration = false

has_aws_s3_bucket if {
    bucket := input.planned_values.root_module.resources[_]
    bucket.type == ""aws_s3_bucket""
    bucket.values.bucket == ""mybucket""
}

has_aws_s3_bucket_versioning if {
    versioning := input.planned_values.root_module.resources[_]
    versioning.type == ""aws_s3_bucket_versioning""
    versioning.values.versioning_configuration[_].status == ""Enabled""
}

has_aws_s3_bucket_object_lock_configuration if {
    lock_config := input.planned_values.root_module.resources[_]
    lock_config.type == ""aws_s3_bucket_object_lock_configuration""
    lock_config.values.rule[_].default_retention[_].mode == ""COMPLIANCE""
    lock_config.values.rule[_].default_retention[_].days == 5
}

valid_configuration if {
    has_aws_s3_bucket
    has_aws_s3_bucket_versioning
    has_aws_s3_bucket_object_lock_configuration
}

main if {
    valid_configuration
}
","terraform {
  required_version = "">= 1.15.0""

  required_providers {
    aws = {
      source  = ""hashicorp/aws""
      version = ""~> 6.0""
    }
  }
}

provider ""aws"" {
    region = ""us-west-1""
}

resource ""aws_s3_bucket"" ""example"" {
  bucket = ""mybucket""
}

resource ""aws_s3_bucket_versioning"" ""example"" {
  bucket = aws_s3_bucket.example.id

  versioning_configuration {
    status = ""Enabled""
  }
}

resource ""aws_s3_bucket_object_lock_configuration"" ""example"" {
  bucket = aws_s3_bucket.example.id

  rule {
    default_retention {
      mode = ""COMPLIANCE""
      days = 5
    }
  }
}
",planned_values,False,autoiac-project/iac-eval,>= 1.15.0,1.16.1
aws/task-120,aws,2,"aws_kms_key, aws_s3_bucket, aws_s3_bucket_server_side_encryption_configuration","# Task 120


Create a Terraform configuration for an AWS environment. Start by defining a KMS key with the description ""This key is used to encrypt bucket objects"" and a deletion window of 10 days. Next, define an S3 bucket named ""mybucket"". Finally, configure server-side encryption for the S3 bucket using the previously defined KMS key. The encryption should use the ""aws:kms"" algorithm. Include resource blocks for each component and ensure the bucket encryption references the KMS key's ARN and uses the KMS algorithm for encryption.

## Intent

Resource ""aws_kms_key""
has one ""description""
has one ""deletion_window_in_days""

Resource ""aws_s3_bucket""
has one ""bucket""

Resource ""aws_s3_bucket_server_side_encryption_configuration""
has one ""bucket""
within ""rule"", it specifies:
""kms_master_key_id""
""sse_algorithm""","Resource ""aws_kms_key""
has one ""description""
has one ""deletion_window_in_days""

Resource ""aws_s3_bucket""
has one ""bucket""

Resource ""aws_s3_bucket_server_side_encryption_configuration""
has one ""bucket""
within ""rule"", it specifies:
""kms_master_key_id""
""sse_algorithm""","package terraform.policy

import rego.v1

default has_aws_kms_key = false
default has_aws_s3_bucket = false
default has_aws_s3_bucket_server_side_encryption_configuration = false

has_aws_kms_key if {
    key := input.planned_values.root_module.resources[_]
    key.type == ""aws_kms_key""
    key.values.description == ""This key is used to encrypt bucket objects""
    key.values.deletion_window_in_days == 10
}

has_aws_s3_bucket if {
    bucket := input.planned_values.root_module.resources[_]
    bucket.type == ""aws_s3_bucket""
    bucket.values.bucket == ""mybucket""
}

has_aws_s3_bucket_server_side_encryption_configuration if {
    encryption_config := input.planned_values.root_module.resources[_]
    encryption_config.type == ""aws_s3_bucket_server_side_encryption_configuration""
    rule := encryption_config.values.rule[_].apply_server_side_encryption_by_default[_]
    rule.sse_algorithm == ""aws:kms""
}

valid_configuration if {
    has_aws_kms_key
    has_aws_s3_bucket
    has_aws_s3_bucket_server_side_encryption_configuration
}

main if {
    valid_configuration
}
","terraform {
  required_version = "">= 1.15.0""

  required_providers {
    aws = {
      source  = ""hashicorp/aws""
      version = ""~> 6.0""
    }
  }
}

provider ""aws"" {
    region = ""us-west-1""
}

resource ""aws_kms_key"" ""mykey"" {
  description             = ""This key is used to encrypt bucket objects""
  deletion_window_in_days = 10
}

resource ""aws_s3_bucket"" ""mybucket"" {
  bucket = ""mybucket""
}

resource ""aws_s3_bucket_server_side_encryption_configuration"" ""example"" {
  bucket = aws_s3_bucket.mybucket.id

  rule {
    apply_server_side_encryption_by_default {
      kms_master_key_id = aws_kms_key.mykey.arn
      sse_algorithm     = ""aws:kms""
    }
  }
}
",planned_values,False,autoiac-project/iac-eval,>= 1.15.0,1.16.1
aws/task-121,aws,2,"aws_s3_bucket, aws_s3_bucket_acl, aws_s3_bucket_ownership_controls","# Task 121


Generate a Terraform configuration for managing AWS S3 resources. Start by creating an S3 bucket named ""my-tf-example-bucket"". Follow this with a configuration block for S3 bucket ownership controls, referencing the bucket's ID and setting the object ownership to ""BucketOwnerPreferred"". Then, define an S3 bucket ACL resource that depends on the successful application of the ownership controls. This ACL should set the bucket access to private and also reference the bucket's ID. Ensure each resource block is defined clearly and connected appropriately through references.

## Intent

Resource ""aws_s3_bucket""
has one ""bucket""

Resource ""aws_s3_bucket_ownership_controls""
has one ""bucket""
within ""rule"", it specifies:
""object_ownership""

Resource ""aws_s3_bucket_acl""
has a dependency on ""aws_s3_bucket_ownership_controls.example""
has one ""bucket""
has one ""acl""","Resource ""aws_s3_bucket""
has one ""bucket""

Resource ""aws_s3_bucket_ownership_controls""
has one ""bucket""
within ""rule"", it specifies:
""object_ownership""

Resource ""aws_s3_bucket_acl""
has a dependency on ""aws_s3_bucket_ownership_controls.example""
has one ""bucket""
has one ""acl""","package terraform.policy

import rego.v1

default has_aws_s3_bucket = false
default has_aws_s3_bucket_ownership_controls = false
default has_aws_s3_bucket_acl = false

has_aws_s3_bucket if {
    bucket := input.planned_values.root_module.resources[_]
    bucket.type == ""aws_s3_bucket""
    bucket.values.bucket == ""my-tf-example-bucket""
}

has_aws_s3_bucket_ownership_controls if {
    ownership_controls := input.planned_values.root_module.resources[_]
    ownership_controls.type == ""aws_s3_bucket_ownership_controls""
    ownership_controls.values.rule[_].object_ownership == ""BucketOwnerPreferred""
}

has_aws_s3_bucket_acl if {
    acl := input.planned_values.root_module.resources[_]
    acl.type == ""aws_s3_bucket_acl""
    acl.values.acl == ""private""
}

valid_configuration if {
    has_aws_s3_bucket
    has_aws_s3_bucket_ownership_controls
    has_aws_s3_bucket_acl
}

main if {
    valid_configuration
}
","terraform {
  required_version = "">= 1.15.0""

  required_providers {
    aws = {
      source  = ""hashicorp/aws""
      version = ""~> 6.0""
    }
  }
}

provider ""aws"" {
    region = ""us-west-1""
}

resource ""aws_s3_bucket"" ""example"" {
  bucket = ""my-tf-example-bucket""
}

resource ""aws_s3_bucket_ownership_controls"" ""example"" {
  bucket = aws_s3_bucket.example.id
  rule {
    object_ownership = ""BucketOwnerPreferred""
  }
}

resource ""aws_s3_bucket_acl"" ""example"" {
  depends_on = [aws_s3_bucket_ownership_controls.example]

  bucket = aws_s3_bucket.example.id
  acl    = ""private""
}
",planned_values,False,autoiac-project/iac-eval,>= 1.15.0,1.16.1
aws/task-122,aws,3,"aws_s3_bucket, aws_s3_bucket_acl, aws_s3_bucket_logging","# Task 122


Create a Terraform configuration for setting up AWS S3 buckets with specific access control and logging features. Start by defining two S3 buckets: one named ""my-tf-example-bucket"" and one named ""my-tf-log-bucket"". Next, establish access control for each bucket with predefined ACL settings, ensuring the example bucket is set to private and the log bucket is set to allow log delivery writes. Finally, configure S3 bucket logging for the example bucket to send its logs to the log bucket, with target prefix ""log/"". Ensure all resources are appropriately linked using their identifiers and that the configuration reflects the correct dependencies and settings as described.

## Intent

Resource ""aws_s3_bucket""
has one ""bucket""

Resource ""aws_s3_bucket_acl"" 
has one ""bucket""
has one ""acl"" set to ""private""

Resource ""aws_s3_bucket""
has one ""bucket""

Resource ""aws_s3_bucket_acl""
has one ""bucket""
has one ""acl"" set to ""log-delivery-write""

Resource ""aws_s3_bucket_logging""
has one ""bucket""
has one ""target_bucket""
has one ""target_prefix""","Resource ""aws_s3_bucket""
has one ""bucket""

Resource ""aws_s3_bucket_acl"" 
has one ""bucket""
has one ""acl"" set to ""private""

Resource ""aws_s3_bucket""
has one ""bucket""

Resource ""aws_s3_bucket_acl""
has one ""bucket""
has one ""acl"" set to ""log-delivery-write""

Resource ""aws_s3_bucket_logging""
has one ""bucket""
has one ""target_bucket""
has one ""target_prefix""","package terraform.policy

import rego.v1

default has_aws_s3_bucket_example = false
default has_aws_s3_bucket_acl_example = false
default has_aws_s3_bucket_log = false
default has_aws_s3_bucket_acl_log = false
default has_aws_s3_bucket_logging_example = false

has_aws_s3_bucket_example if {
    bucket := input.planned_values.root_module.resources[_]
    bucket.type == ""aws_s3_bucket""
    bucket.values.bucket == ""my-tf-example-bucket""
}

has_aws_s3_bucket_acl_example if {
    acl := input.planned_values.root_module.resources[_]
    acl.type == ""aws_s3_bucket_acl""
    acl.values.acl == ""private""
}

has_aws_s3_bucket_log if {
    bucket := input.planned_values.root_module.resources[_]
    bucket.type == ""aws_s3_bucket""
    bucket.values.bucket == ""my-tf-log-bucket""
}

has_aws_s3_bucket_acl_log if {
    acl := input.planned_values.root_module.resources[_]
    acl.type == ""aws_s3_bucket_acl""
    acl.values.acl == ""log-delivery-write""
}

has_aws_s3_bucket_logging_example if {
    logging := input.planned_values.root_module.resources[_]
    logging.type == ""aws_s3_bucket_logging""
    logging.values.target_prefix == ""log/""
}

valid_configuration if {
    has_aws_s3_bucket_example
    has_aws_s3_bucket_acl_example
    has_aws_s3_bucket_log
    has_aws_s3_bucket_acl_log
    has_aws_s3_bucket_logging_example
}

main if {
    valid_configuration
}
","terraform {
  required_version = "">= 1.15.0""

  required_providers {
    aws = {
      source  = ""hashicorp/aws""
      version = ""~> 6.0""
    }
  }
}

provider ""aws"" {
    region = ""us-west-1""
}

resource ""aws_s3_bucket"" ""example"" {
  bucket = ""my-tf-example-bucket""
}

resource ""aws_s3_bucket_acl"" ""example"" {
  bucket = aws_s3_bucket.example.id
  acl    = ""private""
}

resource ""aws_s3_bucket"" ""log_bucket"" {
  bucket = ""my-tf-log-bucket""
}

resource ""aws_s3_bucket_acl"" ""log_bucket_acl"" {
  bucket = aws_s3_bucket.log_bucket.id
  acl    = ""log-delivery-write""
}

resource ""aws_s3_bucket_logging"" ""example"" {
  bucket = aws_s3_bucket.example.id

  target_bucket = aws_s3_bucket.log_bucket.id
  target_prefix = ""log/""
}
",planned_values,False,autoiac-project/iac-eval,>= 1.15.0,1.16.1
aws/task-123,aws,1,aws_s3_bucket_object,"# Task 123


Craft a Terraform configuration for creating an AWS S3 bucket object. Define an S3 bucket object (with value ""object"") with specific attributes including the bucket name (with value ""your_bucket_name""), object key (with value ""new_object_key""), and the path to the source file (with value ""path/to/file""). Do not use `filemd5()` or any file-reading functions.

## Intent

Resource ""aws_s3_bucket_object""
has one ""bucket""
has one ""key""
has one ""source""","Resource ""aws_s3_bucket_object""
has one ""bucket""
has one ""key""
has one ""source""
has one ""etag""","package terraform.policy

import rego.v1

default has_aws_s3_bucket_object = false

has_aws_s3_bucket_object if {
    object := input.planned_values.root_module.resources[_]
    object.type == ""aws_s3_bucket_object""
    object.name == ""object""
    object.values.bucket == ""your_bucket_name""
    object.values.key == ""new_object_key""
    object.values.source == ""path/to/file""
}

valid_configuration if {
    has_aws_s3_bucket_object
}

main if {
    valid_configuration
}
","terraform {
  required_version = "">= 1.15.0""

  required_providers {
    aws = {
      source  = ""hashicorp/aws""
      version = ""~> 6.0""
    }
  }
}

provider ""aws"" {
    region = ""us-west-1""
}

resource ""aws_s3_bucket_object"" ""object"" {
  bucket = ""your_bucket_name""
  key    = ""new_object_key""
  source = ""path/to/file""
}
",planned_values,False,autoiac-project/iac-eval,>= 1.15.0,1.16.1
aws/task-124,aws,2,"aws_s3_bucket, aws_s3_bucket_ownership_controls","# Task 124


Generate a Terraform configuration for creating an AWS S3 bucket and setting its ownership controls. Define a resource for an S3 bucket named ""example"". Follow this by configuring ownership controls for this bucket, referencing its ID. Within the ownership controls, set a rule to specify the object ownership as 'BucketOwnerPreferred'. Ensure that the resources are properly linked using references, and the configuration is clearly laid out to reflect these settings.

## Intent

Resource ""aws_s3_bucket"" 
has one ""bucket""

Resource ""aws_s3_bucket_ownership_controls""
has one ""bucket""
within the ""rule"", it specifies:
""object_ownership""","Resource ""aws_s3_bucket"" 
has one ""bucket""

Resource ""aws_s3_bucket_ownership_controls""
has one ""bucket""
within the ""rule"", it specifies:
""object_ownership""","package terraform.policy

import rego.v1

default has_aws_s3_bucket_example = false
default has_aws_s3_bucket_ownership_controls_example = false

has_aws_s3_bucket_example if {
    bucket := input.planned_values.root_module.resources[_]
    bucket.type == ""aws_s3_bucket""
    bucket.values.bucket == ""example""
}

has_aws_s3_bucket_ownership_controls_example if {
    controls := input.planned_values.root_module.resources[_]
    controls.type == ""aws_s3_bucket_ownership_controls""
    controls.values.rule[_].object_ownership == ""BucketOwnerPreferred""
}

valid_configuration if {
    has_aws_s3_bucket_example
    has_aws_s3_bucket_ownership_controls_example
}

main if {
    valid_configuration
}
","terraform {
  required_version = "">= 1.15.0""

  required_providers {
    aws = {
      source  = ""hashicorp/aws""
      version = ""~> 6.0""
    }
  }
}

provider ""aws"" {
    region = ""us-west-1""
}

resource ""aws_s3_bucket"" ""example"" {
  bucket = ""example""
}

resource ""aws_s3_bucket_ownership_controls"" ""example"" {
  bucket = aws_s3_bucket.example.id

  rule {
    object_ownership = ""BucketOwnerPreferred""
  }
}
",planned_values,False,autoiac-project/iac-eval,>= 1.15.0,1.16.1
aws/task-127,aws,3,"aws_ami, aws_instance","# Task 127


Create an AWS aws_ami for the latest Amazon Linux 2 AMI. Set the cpu count to 2 and cores per threads per core to 2

## Intent

create aws_ami resource with cpu_count = 2 and cores_per_thread=2",create aws_ami resource with cpu_count = 2 and cores_per_thread=2,"package terraform.policy

import rego.v1

default allow = false

allow if {
    check_aws_instance(input.resource_changes)
}

check_aws_instance(resources) if {
    some resource in resources
    resource.type == ""aws_instance""
    check_cpu_options(resource)
}

check_cpu_options(aws_instance) if {
	aws_instance.change.after.cpu_options[0].core_count == 2
	aws_instance.change.after.cpu_options[0].threads_per_core == 2
}

main if {
    allow
}
","terraform {
  required_version = "">= 1.15.0""

  required_providers {
    aws = {
      source  = ""hashicorp/aws""
      version = ""~> 6.0""
    }
  }
}

provider ""aws"" {
  # Configure your AWS provider settings here
  region = ""us-east-1""  # Update with your desired AWS region
}

data ""aws_ami"" ""latest_amazon_linux_2"" {
  most_recent = true

  owners = [""amazon""]

  filter {
    name   = ""name""
    values = [""amzn2-ami-hvm-*-x86_64-gp2""]
  }

  filter {
    name   = ""root-device-type""
    values = [""ebs""]
  }
}

resource ""aws_instance"" ""example_instance"" {
  ami           = data.aws_ami.latest_amazon_linux_2.id
  instance_type = ""t3.2xlarge""

  cpu_options {
    core_count       = 2
    threads_per_core = 2
  }
}
",resource_changes,False,autoiac-project/iac-eval,>= 1.15.0,1.16.1
aws/task-128,aws,4,"aws_ami, aws_instance, aws_subnet, aws_vpc","# Task 128


Create a custom Virtual Private Cloud (VPC) with CIDR block 10.0.0.0/16. Create two subnets in us-east-1a and us-east-1b. Finally create an EC2 instance in each subnet using the latest Amazon Linux 2 AMI, with t2.micro instance type and an attached EBS volume of 50 GB.

## Intent

Create a VPC, 2 subnets, and ec2 instance in each subnet with latest Amazon Linux 2 AMI, with t2.micro instance type and an attached EBS volume of 50 GB.","Create a VPC, 2 subnets, and ec2 instance in each subnet with latest Amazon Linux 2 AMI, with t2.micro instance type and an attached EBS volume of 50 GB.","package terraform.policy

import rego.v1

default allow = false

allow if {
    count(aws_instances) == 2
    subnet_a_exists(input.resource_changes)
    subnet_b_exists(input.resource_changes)
}

aws_instances contains resource if {
    resource := input.resource_changes[_]
    resource.type == ""aws_instance""
    check_ami(resource)
    check_instance_type(resource)
    check_root_block_device(resource)
}

subnet_a_exists(resources) if {
    some resource in resources
    resource.type == ""aws_subnet""
    resource.change.after.availability_zone == ""us-east-1a""
    resource.change.after.cidr_block == ""10.0.1.0/24""
}

subnet_b_exists(resources) if {
    some resource in resources
    resource.type == ""aws_subnet""
    resource.change.after.availability_zone == ""us-east-1b""
    resource.change.after.cidr_block == ""10.0.2.0/24""
}

check_aws_instance(resources) if {
    some resource in resources
    resource.type == ""aws_instance""
    check_ami(resource)
    check_instance_type(resource)
    check_root_block_device(resource)
}

check_ami(aws_instance) if {
    aws_instance.change.after.ami != null
    aws_instance.change.after.ami != """"
}

check_instance_type(aws_instance) if {
    aws_instance.change.after.instance_type == ""t2.micro""
}

check_root_block_device(aws_instance) if {
    aws_instance.change.after.root_block_device[0].volume_size == 50
}

main if {
    allow
}
","terraform {
  required_version = "">= 1.15.0""

  required_providers {
    aws = {
      source  = ""hashicorp/aws""
      version = ""~> 6.0""
    }
  }
}

provider ""aws"" {
  region = ""us-east-1""
}

data ""aws_ami"" ""latest_amazon_linux_2"" {
  most_recent = true

  owners = [""amazon""]

  filter {
    name   = ""name""
    values = [""amzn2-ami-hvm-*-x86_64-gp2""]
  }

  filter {
    name   = ""root-device-type""
    values = [""ebs""]
  }
}

# Create a Virtual Private Cloud (VPC)
resource ""aws_vpc"" ""my_vpc"" {
  cidr_block = ""10.0.0.0/16""
}

data ""aws_availability_zones"" ""azs"" {
    state = ""available""
}

resource ""aws_subnet"" ""subnet_a"" {
  vpc_id            = aws_vpc.my_vpc.id
  cidr_block        = ""10.0.1.0/24""
  availability_zone = data.aws_availability_zones.azs.names[0]
}

resource ""aws_subnet"" ""subnet_b"" {
  vpc_id            = aws_vpc.my_vpc.id
  cidr_block        = ""10.0.2.0/24""
  availability_zone = data.aws_availability_zones.azs.names[1]
}

# Create an EC2 instance in Subnet A
resource ""aws_instance"" ""ec2_instance_a"" {
  ami           = data.aws_ami.latest_amazon_linux_2.id
  instance_type = ""t2.micro""
  subnet_id     = aws_subnet.subnet_a.id

  root_block_device {
    volume_size = 50
  }
}

# # Create an EC2 instance in Subnet B
resource ""aws_instance"" ""ec2_instance_b"" {
  ami           = data.aws_ami.latest_amazon_linux_2.id
  instance_type = ""t2.micro""
  subnet_id     = aws_subnet.subnet_b.id

  root_block_device {
    volume_size = 50
  }
}
",resource_changes,False,autoiac-project/iac-eval,>= 1.15.0,1.16.1
aws/task-129,aws,5,"aws_ami, aws_autoscaling_group, aws_ec2_fleet, aws_launch_template, aws_subnet, aws_vpc","# Task 129


VPC with a public and private subnet. Define an EC2 Fleet of the newest AWS Linux 2 with a combination of 5 On-Demand and 4 Spot Instances.  Utilize Launch Templates for configuration consistency.

## Intent

Create VPC, public subnet in the VPC, private subnet in the VPC, aws_ec2_fleet with 5 spot and 4 on demand, and aws_autoscaling","Create VPC, public subnet in the VPC, private subnet in the VPC, aws_ec2_fleet with 5 spot and 4 on demand, and aws_autoscaling","package terraform.policy

import rego.v1

default allow = false

allow if {
    public_subnet_exists(input.resource_changes)
    private_subnet_exists(input.resource_changes)
    ec2_fleet_valid(input.resource_changes)
    launch_template_valid(input.resource_changes)
    scaling_group_valid(input.resource_changes)
}

public_subnet_exists(resources) if {
    some resource in resources
    resource.type == ""aws_subnet""
    resource.change.after.map_public_ip_on_launch == true
}

private_subnet_exists(resources) if {
    some resource in resources
    resource.type == ""aws_subnet""
    resource.change.after.map_public_ip_on_launch == false
}

ec2_fleet_valid(resources) if {
    some resource in resources
    resource.type == ""aws_ec2_fleet""
    resource.change.after.launch_template_config[0].launch_template_specification[0].version == ""$Latest""
    resource.change.after.target_capacity_specification[0].on_demand_target_capacity == 5
    resource.change.after.target_capacity_specification[0].spot_target_capacity == 4
}

launch_template_valid(resources) if {
    some resource in resources
    resource.type == ""aws_launch_template""
    resource.change.after.image_id == ""ami-0591e1c6a24d08458""
}

scaling_group_valid(resources) if {
    some resource in resources
    resource.type == ""aws_autoscaling_group""
    resource.change.after.launch_template[0].version == ""$Latest""
}

main if {
    allow
}
","terraform {
  required_version = "">= 1.15.0""

  required_providers {
    aws = {
      source  = ""hashicorp/aws""
      version = ""~> 6.0""
    }
  }
}

provider ""aws"" {
  region  = ""us-east-1""
}

# Create a Virtual Private Cloud (VPC)
resource ""aws_vpc"" ""my_vpc"" {
  cidr_block = ""10.0.0.0/16""
}

data ""aws_availability_zones"" ""available"" {
  state = ""available""
}

# Create Public Subnet
resource ""aws_subnet"" ""public_subnet"" {
  vpc_id                  = aws_vpc.my_vpc.id
  cidr_block              = ""10.0.1.0/24""
  availability_zone       = data.aws_availability_zones.available.names[0]
  map_public_ip_on_launch = true
}

# Create Private Subnet
resource ""aws_subnet"" ""private_subnet"" {
  vpc_id            = aws_vpc.my_vpc.id
  cidr_block        = ""10.0.2.0/24""
  availability_zone = data.aws_availability_zones.available.names[1]
}


data ""aws_ami"" ""latest_amazon_linux_2"" {
  most_recent = true
  owners      = [""amazon""]

  filter {
    name   = ""name""
    values = [""*ubuntu-noble-24.04-amd64-server-*""]
  }
}

# Create Launch Template for EC2 instances
resource ""aws_launch_template"" ""ec2_launch_template"" {
  name = ""my-launch-template""

  instance_type = ""t2.micro""
  image_id = data.aws_ami.latest_amazon_linux_2.id
}

# Create EC2 Fleet
resource ""aws_ec2_fleet"" ""ec2_fleet"" {
  launch_template_config {
    launch_template_specification {
      launch_template_id = aws_launch_template.ec2_launch_template.id
      version            = aws_launch_template.ec2_launch_template.latest_version
    }
  }

  target_capacity_specification {
    default_target_capacity_type = ""on-demand""
    total_target_capacity        = 9
    on_demand_target_capacity    = 5
    spot_target_capacity         = 4
  }

  excess_capacity_termination_policy = ""termination""
  replace_unhealthy_instances = true
  terminate_instances = true

  # Additional configurations can be added as needed
}

# Don't know why we use asg and ec2 fleet together
# # Create EC2 Auto Scaling Group
# resource ""aws_autoscaling_group"" ""asg"" {
#   desired_capacity    = 1
#   max_size            = 10
#   min_size            = 1
#   vpc_zone_identifier = [aws_subnet.public_subnet.id, aws_subnet.private_subnet.id]
  
#   launch_template {
#     id      = aws_launch_template.ec2_launch_template.id
#     version = aws_launch_template.ec2_launch_template.latest_version
#   }

#   health_check_type         = ""EC2""
#   health_check_grace_period = 300

#   # Additional configurations can be added as needed
# }
",resource_changes,False,autoiac-project/iac-eval,>= 1.15.0,1.16.1
aws/task-130,aws,5,"aws_db_instance, aws_instance, aws_security_group, aws_subnet, aws_vpc","# Task 130


Create VPC with three subnets: one public subnet and two private subnets. Create an EC2 instance in the public subnet running web servers, an EC2 instance in the private subnet running the application servers, and an RDS instance in the other private subnet serving as the database.

## Intent",,"package terraform.policy

import rego.v1

default allow = false

allow if {
    public_subnet_exists(input.resource_changes)
    count(private_subnet_exists) == 2
    count(aws_instances) == 2
    rds_exist(input.resource_changes)
}

public_subnet_exists(resources) if {
    some resource in resources
    resource.type == ""aws_subnet""
    resource.change.after.map_public_ip_on_launch == true
}

private_subnet_exists contains resource if {
    resource := input.resource_changes[_]
    resource.type == ""aws_subnet""
    resource.change.after.map_public_ip_on_launch == false
}

rds_exist(resources) if {
    some resource in resources
    resource.type == ""aws_db_instance""
}

aws_instances contains resource if {
    resource := input.resource_changes[_]
    resource.type == ""aws_instance""
}

main if {
    allow
}
","terraform {
  required_version = "">= 1.15.0""

  required_providers {
    aws = {
      source  = ""hashicorp/aws""
      version = ""~> 6.0""
    }
  }
}

provider ""aws"" {
  region  = ""us-east-1""
}

# Create a Virtual Private Cloud (VPC)
resource ""aws_vpc"" ""my_vpc"" {
  cidr_block = ""10.0.0.0/16""
}

data ""aws_availability_zones"" ""available"" {
  state = ""available""
}

# Create Public Subnet
resource ""aws_subnet"" ""public_subnet"" {
  vpc_id                  = aws_vpc.my_vpc.id
  cidr_block              = ""10.0.1.0/24""
  availability_zone       = data.aws_availability_zones.available.names[0]
  map_public_ip_on_launch = true
}

# Create Private Subnet 1
resource ""aws_subnet"" ""private_subnet_1"" {
  vpc_id            = aws_vpc.my_vpc.id
  cidr_block        = ""10.0.2.0/24""
  availability_zone = data.aws_availability_zones.available.names[1]
}

# Create Private Subnet 2
resource ""aws_subnet"" ""private_subnet_2"" {
  vpc_id            = aws_vpc.my_vpc.id
  cidr_block        = ""10.0.3.0/24""
  availability_zone = data.aws_availability_zones.available.names[2]
}

# Create Security Group for EC2 instances
resource ""aws_security_group"" ""web_sg"" {
  vpc_id = aws_vpc.my_vpc.id
  name   = ""web_sg""

  # Define inbound and outbound rules as needed
}

data ""aws_ami"" ""latest_amazon_linux_2"" {
  most_recent = true
  owners      = [""amazon""]

  filter {
    name   = ""name""
    values = [""*ubuntu-noble-24.04-amd64-server-*""]
  }
}

# Create EC2 instance in the Public Subnet (Web Server)
resource ""aws_instance"" ""web_instance"" {
  ami             =  data.aws_ami.latest_amazon_linux_2.id
  instance_type   = ""t2.micro""
  subnet_id       = aws_subnet.public_subnet.id
  security_groups = [aws_security_group.web_sg.id]

  # Additional configurations can be added as needed
}

# Create EC2 instance in Private Subnet 1 (Application Server)
resource ""aws_instance"" ""app_instance"" {
  ami           = data.aws_ami.latest_amazon_linux_2.id
  instance_type = ""t2.micro""
  subnet_id     = aws_subnet.private_subnet_1.id

  # Additional configurations can be added as needed
}

resource ""aws_db_subnet_group"" ""main"" {
  name       = ""mydb-subnet-group""
  subnet_ids = [aws_subnet.private_subnet_1.id, aws_subnet.private_subnet_2.id]
}

# Create RDS instance in Private Subnet 2 (Database)
resource ""aws_db_instance"" ""db_instance"" {
  identifier           = ""mydb""
  engine               = ""mysql""
  instance_class       = ""db.t3.micro""
  allocated_storage    = 20
  username             = ""admin""
  password             = ""your-password"" # Replace with your desired password
  skip_final_snapshot  = true
  db_subnet_group_name = aws_db_subnet_group.main.name
}
",resource_changes,False,autoiac-project/iac-eval,>= 1.15.0,1.16.1
aws/task-131,aws,6,"aws_efs_file_system, aws_efs_mount_target, aws_instance, aws_security_group, aws_subnet, aws_vpc","# Task 131


Create a VPC with private subnets. Create 2 of the newest AWS Linux 2 EC2 instances in the private subnet mounting an EFS file system for shared storage.

## Intent",,"package terraform.policy

import rego.v1

default allow = false

# Check VPC exists with correct CIDR
vpc_exists if {
    some i
    input.planned_values.root_module.resources[i].type == ""aws_vpc""
    input.planned_values.root_module.resources[i].values.cidr_block == ""10.0.0.0/16""
}

# Check private subnet 1 exists
private_subnet_1_exists if {
    some i
    input.planned_values.root_module.resources[i].type == ""aws_subnet""
    input.planned_values.root_module.resources[i].values.cidr_block == ""10.0.1.0/24""
}

# Check private subnet 2 exists
private_subnet_2_exists if {
    some i
    input.planned_values.root_module.resources[i].type == ""aws_subnet""
    input.planned_values.root_module.resources[i].values.cidr_block == ""10.0.2.0/24""
}

# Check EFS exists
efs_exists if {
    some i
    input.planned_values.root_module.resources[i].type == ""aws_efs_file_system""
}

aws_instances contains resource if {
    resource := input.resource_changes[_]
    resource.type == ""aws_instance""
    resource.change.after.ami != null
    resource.change.after.ami != """"
}

# Aggregate all checks
allow if {
    vpc_exists
    private_subnet_1_exists
    private_subnet_2_exists
    efs_exists
    count(aws_instances) == 2
}

main if {
    allow
}
","terraform {
  required_version = "">= 1.15.0""

  required_providers {
    aws = {
      source  = ""hashicorp/aws""
      version = ""~> 6.0""
    }
  }
}

# Define the provider (AWS in this case)


provider ""aws"" {
  region = ""us-east-1""
}

# Create a Virtual Private Cloud (VPC)
resource ""aws_vpc"" ""my_vpc"" {
  cidr_block = ""10.0.0.0/16""
}

data ""aws_availability_zones"" ""available"" {
  state = ""available""
}

# Create Private Subnet 1
resource ""aws_subnet"" ""private_subnet_1"" {
  vpc_id            = aws_vpc.my_vpc.id
  cidr_block        = ""10.0.1.0/24""
  availability_zone = data.aws_availability_zones.available.names[0]
}

# Create Private Subnet 2
resource ""aws_subnet"" ""private_subnet_2"" {
  vpc_id            = aws_vpc.my_vpc.id
  cidr_block        = ""10.0.2.0/24""
  availability_zone = data.aws_availability_zones.available.names[1]
}

# Create Security Group for EC2 instances
resource ""aws_security_group"" ""ec2_sg"" {
  vpc_id = aws_vpc.my_vpc.id
  name   = ""ec2_sg""
}

resource ""aws_vpc_security_group_ingress_rule"" ""ingress1"" {
  security_group_id = aws_security_group.ec2_sg.id
  cidr_ipv4 = ""0.0.0.0/0""
  from_port = 80
  ip_protocol = ""tcp""
  to_port = 80
}

resource ""aws_vpc_security_group_ingress_rule"" ""ingress2"" {
  security_group_id = aws_security_group.ec2_sg.id
  cidr_ipv4 = ""0.0.0.0/0""
  from_port = 22
  ip_protocol = ""tcp""
  to_port = 22
}

# Allow NFS traffic
resource ""aws_vpc_security_group_ingress_rule"" ""ingress3"" {
  security_group_id = aws_security_group.ec2_sg.id
  cidr_ipv4 = ""0.0.0.0/0""
  from_port = 2049
  ip_protocol = ""tcp""
  to_port = 2049
}

resource ""aws_vpc_security_group_egress_rule"" ""egress1"" {
  security_group_id = aws_security_group.ec2_sg.id
  cidr_ipv4         = ""0.0.0.0/0""
  ip_protocol       = ""-1""
}

# Create EFS File System
resource ""aws_efs_file_system"" ""efs"" {
  creation_token = ""my-efs""
  lifecycle_policy {
    transition_to_ia = ""AFTER_30_DAYS""
  }
}

# Create EFS Mount Target for Private Subnet 1
resource ""aws_efs_mount_target"" ""mount_target_1"" {
  file_system_id  = aws_efs_file_system.efs.id
  subnet_id       = aws_subnet.private_subnet_1.id
  security_groups = [aws_security_group.ec2_sg.id]
}

# Create EFS Mount Target for Private Subnet 2
resource ""aws_efs_mount_target"" ""mount_target_2"" {
  file_system_id  = aws_efs_file_system.efs.id
  subnet_id       = aws_subnet.private_subnet_2.id
  security_groups = [aws_security_group.ec2_sg.id]
}

data ""aws_ami"" ""amzn2"" {
  most_recent = true
  owners      = [""amazon""]

  filter {
    name   = ""name""
    values = [""*ubuntu-noble-24.04-amd64-server-*""]
  }
}

# Create EC2 instances in Private Subnet 1 and Subnet 2
resource ""aws_instance"" ""ec2_instance_1"" {
  ami             = data.aws_ami.amzn2.id
  instance_type   = ""t2.micro""
  subnet_id       = aws_subnet.private_subnet_1.id
  security_groups = [aws_security_group.ec2_sg.id]

  user_data = <<-EOF
              #!/bin/bash
              mkdir /mnt/efs
              mount -t efs ${aws_efs_file_system.efs.id}:/ /mnt/efs
              EOF
}

resource ""aws_instance"" ""ec2_instance_2"" {
  ami             = data.aws_ami.amzn2.id
  instance_type   = ""t2.micro""
  subnet_id       = aws_subnet.private_subnet_2.id
  security_groups = [aws_security_group.ec2_sg.id]

  user_data = <<-EOF
              #!/bin/bash
              mkdir /mnt/efs
              mount -t efs ${aws_efs_file_system.efs.id}:/ /mnt/efs
              EOF
}

output ""ami_id"" {
  value = data.aws_ami.amzn2.id
}

output ""ami_name"" {
  value = data.aws_ami.amzn2.name
}

output ""efs_id"" {
  value = aws_efs_file_system.efs.id
}
",resource_changes,False,autoiac-project/iac-eval,>= 1.15.0,1.16.1
aws/task-132,aws,4,"aws_instance, aws_placement_group, aws_security_group, aws_subnet, aws_vpc","# Task 132


VPC with public and private subnets. Define 3 EC2 instances within an EC2 placement group. Use clustering.

## Intent",,"package terraform.policy

import rego.v1

default allow = false

# Check for VPC with public and private subnets
vpc_exists if {
    some i
    input.resource_changes[i].type == ""aws_vpc""
}

public_subnet_exists(resources) if {
    some resource in resources
    resource.type == ""aws_subnet""
    resource.change.after.map_public_ip_on_launch == true
}

private_subnet_exists(resources) if {
    some resource in resources
    resource.type == ""aws_subnet""
    resource.change.after.map_public_ip_on_launch == false
}

aws_instances contains resource if {
    resource := input.resource_changes[_]
    resource.type == ""aws_instance""
}

# Aggregate all checks
allow if {
    vpc_exists
    public_subnet_exists(input.resource_changes)
    private_subnet_exists(input.resource_changes)
    count(aws_instances) == 3
}

main if {
    allow
}
","terraform {
  required_version = "">= 1.15.0""

  required_providers {
    aws = {
      source  = ""hashicorp/aws""
      version = ""~> 6.0""
    }
  }
}

provider ""aws"" {
  region = ""us-east-1""
}

# Create a Virtual Private Cloud (VPC)
resource ""aws_vpc"" ""my_vpc"" {
  cidr_block = ""10.0.0.0/16""
}

# Create Public Subnet
resource ""aws_subnet"" ""public_subnet"" {
  vpc_id                  = aws_vpc.my_vpc.id
  cidr_block              = ""10.0.1.0/24""
  availability_zone       = ""us-east-1a""
  map_public_ip_on_launch = true
}

data ""aws_availability_zones"" ""azs"" {
    state = ""available""
}

# Create Private Subnet
resource ""aws_subnet"" ""private_subnet"" {
  vpc_id            = aws_vpc.my_vpc.id
  cidr_block        = ""10.0.2.0/24""
  availability_zone = data.aws_availability_zones.azs.names[0]
}

# Create EC2 Placement Group
resource ""aws_placement_group"" ""my_placement_group"" {
  name     = ""my-placement-group""
  strategy = ""cluster""
}

# Create Security Group for EC2 instances
resource ""aws_security_group"" ""ec2_sg"" {
  vpc_id = aws_vpc.my_vpc.id
  name   = ""ec2_sg""
}

data ""aws_ami"" ""amzn2"" {
  most_recent = true
  owners      = [""amazon""]

  filter {
    name   = ""name""
    values = [""*ubuntu-noble-24.04-amd64-server-*""]
  }
}

# Create EC2 instances in the Placement Group in the Private Subnet
resource ""aws_instance"" ""ec2_instance"" {
  count           = 3
  ami             = data.aws_ami.amzn2.id
  instance_type   = ""m5.large""
  subnet_id       = aws_subnet.private_subnet.id
  security_groups = [aws_security_group.ec2_sg.id]
  placement_group = aws_placement_group.my_placement_group.name
}
",resource_changes,False,autoiac-project/iac-eval,>= 1.15.0,1.16.1
aws/task-133,aws,2,aws_elasticache_cluster,"# Task 133


Provide a Memcached Cluster

## Intent

requires cluster id, engine=memcached, node_type, num_cache_nodes, parameter_group_name","requires cluster id, engine=memcached, node_type, num_cache_nodes, parameter_group_name","package terraform.policy

import rego.v1

default allow = false

aws_elasticache_cluster_valid(resources) if {
    some resource in resources
    resource.type == ""aws_elasticache_cluster""
    resource.change.after.engine == ""memcached""
}

# Aggregate all checks
allow if {
    aws_elasticache_cluster_valid(input.resource_changes)
}

main if {
    allow
}
","terraform {
  required_version = "">= 1.15.0""

  required_providers {
    aws = {
      source  = ""hashicorp/aws""
      version = ""~> 6.0""
    }
  }
}

provider ""aws"" {
  region=""us-east-1""
}
resource ""aws_elasticache_cluster"" ""example"" {
  cluster_id           = ""cluster-example""
  engine               = ""memcached""
  node_type            = ""cache.m4.large""
  num_cache_nodes      = 2
  parameter_group_name = ""default.memcached1.4""
  port                 = 11211
}
",resource_changes,False,autoiac-project/iac-eval,>= 1.15.0,1.16.1
aws/task-134,aws,1,aws_elasticache_cluster,"# Task 134


Provide a Redis Instance

## Intent

requires cluster id, engine=redis, node_type, num_cache_nodes, parameter_group_name","requires cluster id, engine=redis, node_type, num_cache_nodes, parameter_group_name","package terraform.policy

import rego.v1

default allow = false

aws_elasticache_cluster_valid(resources) if {
    some resource in resources
    resource.type == ""aws_elasticache_cluster""
    resource.change.after.engine == ""redis""
}

# Aggregate all checks
allow if {
    aws_elasticache_cluster_valid(input.resource_changes)
}

main if {
    allow
}
","terraform {
  required_version = "">= 1.15.0""

  required_providers {
    aws = {
      source  = ""hashicorp/aws""
      version = ""~> 6.0""
    }
  }
}

resource ""aws_elasticache_cluster"" ""example"" {
  cluster_id           = ""cluster-example""
  engine               = ""redis""
  node_type            = ""cache.m4.large""
  num_cache_nodes      = 1
  parameter_group_name = ""default.redis3.2""
  engine_version       = ""3.2.10""
  port                 = 6379
}
",resource_changes,False,autoiac-project/iac-eval,>= 1.15.0,1.16.1
aws/task-135,aws,1,aws_elasticache_user,"# Task 135


Provide an ElastiCache user resource with redis

## Intent

requires access string, engine = REDIS, user id and user name","requires access string, engine = REDIS, user id and user name","package terraform.policy

import rego.v1

default allow = false

aws_elasticache_user_valid(resources) if {
    some resource in resources
    resource.type == ""aws_elasticache_user""
    resource.change.after.engine == ""REDIS""
}

# Aggregate all checks
allow if {
    aws_elasticache_user_valid(input.resource_changes)
}

main if {
    allow
}
","terraform {
  required_version = "">= 1.15.0""

  required_providers {
    aws = {
      source  = ""hashicorp/aws""
      version = ""~> 6.0""
    }
  }
}

resource ""aws_elasticache_user"" ""test"" {
  user_id       = ""testUserId""
  user_name     = ""testUserName""
  access_string = ""on ~app::* -@all +@read +@hash +@bitmap +@geo -setbit -bitfield -hset -hsetnx -hmset -hincrby -hincrbyfloat -hdel -bitop -geoadd -georadius -georadiusbymember""
  engine        = ""REDIS""
  passwords     = [""password123456789""]
}
",resource_changes,False,autoiac-project/iac-eval,>= 1.15.0,1.16.1
aws/task-136,aws,1,aws_elasticache_user,"# Task 136


Provide an ElastiCache user resource with iam

## Intent

requires access string, engine = REDIS, user id and user name, authentication_mode {type = ""iam""}","requires access string, engine = REDIS, user id and user name, authentication_mode {type = ""iam""}","package terraform.policy

import rego.v1

default allow = false

aws_elasticache_user_valid(resources) if {
    some resource in resources
    resource.type == ""aws_elasticache_user""
    resource.change.after.authentication_mode[_].type == ""iam""
}

# Aggregate all checks
allow if {
    aws_elasticache_user_valid(input.resource_changes)
}

main if {
    allow
}
","terraform {
  required_version = "">= 1.15.0""

  required_providers {
    aws = {
      source  = ""hashicorp/aws""
      version = ""~> 6.0""
    }
  }
}

resource ""aws_elasticache_user"" ""test"" {
  user_id       = ""testUserId""
  user_name     = ""testUserName""
  access_string = ""on ~* +@all""
  engine        = ""REDIS""

  authentication_mode {
    type = ""iam""
  }
}
",resource_changes,False,autoiac-project/iac-eval,>= 1.15.0,1.16.1
aws/task-137,aws,2,aws_elasticache_user,"# Task 137


Provide an ElastiCache user resource with password.

## Intent

requires access string, engine = REDIS, user id and user name, authentication_mode {type= ""password"", passwords = [""password1"", ""password2""]}","requires access string, engine = REDIS, user id and user name, authentication_mode {type= ""password"", passwords = [""password1"", ""password2""]}","package terraform.policy

import rego.v1

default allow = false

aws_elasticache_user_valid(resources) if {
    some resource in resources
    resource.type == ""aws_elasticache_user""
    resource.change.after.authentication_mode[_].type == ""password""
}

# Aggregate all checks
allow if {
    aws_elasticache_user_valid(input.resource_changes)
}

main if {
    allow
}
","terraform {
  required_version = "">= 1.15.0""

  required_providers {
    aws = {
      source  = ""hashicorp/aws""
      version = ""~> 6.0""
    }
  }
}

resource ""aws_elasticache_user"" ""test"" {
  user_id       = ""testUserId""
  user_name     = ""testUserName""
  access_string = ""on ~* +@all""
  engine        = ""REDIS""

  authentication_mode {
    type      = ""password""
    passwords = [""password1"", ""password2""]
  }
}
",resource_changes,False,autoiac-project/iac-eval,>= 1.15.0,1.16.1
aws/task-138,aws,2,"aws_elasticache_user, aws_elasticache_user_group","# Task 138


Provide an ElastiCache user group resource.

## Intent

creates elasticache user resources(requires access string, engine = REDIS, user id and user name) and sets engine , creates group resource using the user ids","creates elasticache user resources(requires access string, engine = REDIS, user id and user name) and sets engine , creates group resource using the user ids","package terraform.policy

import rego.v1

default allow = false

aws_elasticache_user_group_valid(resources) if {
    some resource in resources
    resource.type == ""aws_elasticache_user_group""
}

# Aggregate all checks
allow if {
    aws_elasticache_user_group_valid(input.resource_changes)
}

main if {
    allow
}
","terraform {
  required_version = "">= 1.15.0""

  required_providers {
    aws = {
      source  = ""hashicorp/aws""
      version = ""~> 6.0""
    }
  }
}

resource ""aws_elasticache_user"" ""test"" {
  user_id       = ""testUserId""
  user_name     = ""default""
  access_string = ""on ~app::* -@all +@read +@hash +@bitmap +@geo -setbit -bitfield -hset -hsetnx -hmset -hincrby -hincrbyfloat -hdel -bitop -geoadd -georadius -georadiusbymember""
  engine        = ""REDIS""
  passwords     = [""password123456789""]
}

resource ""aws_elasticache_user_group"" ""test"" {
  engine        = ""REDIS""
  user_group_id = ""userGroupId""
  user_ids      = [aws_elasticache_user.test.user_id]
}
",resource_changes,False,autoiac-project/iac-eval,>= 1.15.0,1.16.1
aws/task-139,aws,3,"aws_elasticache_user, aws_elasticache_user_group, aws_elasticache_user_group_association","# Task 139


Associate an existing ElastiCache user and an existing user group.

## Intent

creates elasticache user group and a user resource then associates the 2 using ids",creates elasticache user group and a user resource then associates the 2 using ids,"package terraform.policy

import rego.v1

default allow = false

# Check if AWS ElastiCache user group exists
aws_elasticache_user_group_exists(resources) if {
    some resource in resources
    resource.type == ""aws_elasticache_user_group""
    resource.change.actions[_] == ""create""
}

# Check if AWS ElastiCache user exists
aws_elasticache_user_exists(resources) if {
    some resource in resources
    resource.type == ""aws_elasticache_user""
    resource.change.actions[_] == ""create""
}

# Check if AWS ElastiCache user group association is valid
aws_elasticache_user_group_association_valid(resources) if {
    aws_elasticache_user_exists(resources)
    aws_elasticache_user_group_exists(resources)

    some resource in resources
    resource.type == ""aws_elasticache_user_group_association""
    resource.change.actions[_] == ""create""
    user_id := resource.change.after.user_id
    group_id := resource.change.after.user_group_id

    user_id_exists(user_id, resources)
    group_id_exists(group_id, resources)
}

# Helper functions to check if user_id and group_id exist in the resources
user_id_exists(user_id, resources) if {
    some resource in resources
    resource.type == ""aws_elasticache_user""
    resource.change.after.user_id == user_id
}

group_id_exists(group_id, resources) if {
    some resource in resources
    resource.type == ""aws_elasticache_user_group""
    resource.change.after.user_group_id == group_id
}

# Aggregate all checks
allow if {
    aws_elasticache_user_group_association_valid(input.resource_changes)
}

main if {
    allow
}
","terraform {
  required_version = "">= 1.15.0""

  required_providers {
    aws = {
      source  = ""hashicorp/aws""
      version = ""~> 6.0""
    }
  }
}

resource ""aws_elasticache_user"" ""default"" { 
  user_id = ""defaultUserID"" 
  user_name = ""default"" 
  access_string = ""on ~app::* -@all +@read +@hash +@bitmap +@geo -setbit -bitfield -hset -hsetnx -hmset -hincrby -hincrbyfloat -hdel -bitop -geoadd -georadius -georadiusbymember"" 
  engine = ""REDIS"" 
  passwords = [""password123456789""] 
} 

resource ""aws_elasticache_user_group"" ""example""{ 
  engine = ""REDIS"" 
  user_group_id = ""userGroupId"" 
  user_ids = [aws_elasticache_user.default.user_id] 
  lifecycle { ignore_changes = [user_ids] } 
} 

resource ""aws_elasticache_user"" ""example"" { 
  user_id = ""exampleUserID"" 
  user_name = ""exampleuser"" 
  access_string = ""on ~app::* -@all +@read +@hash +@bitmap +@geo -setbit -bitfield -hset -hsetnx -hmset -hincrby -hincrbyfloat -hdel -bitop -geoadd -georadius -georadiusbymember"" 
  engine = ""REDIS"" 
  passwords = [""password123456789""] 
} 

resource ""aws_elasticache_user_group_association"" ""example"" { 
  user_group_id = aws_elasticache_user_group.example.user_group_id 
  user_id = aws_elasticache_user.example.user_id 
}
",resource_changes,False,autoiac-project/iac-eval,>= 1.15.0,1.16.1
aws/task-140,aws,1,aws_redshift_cluster,"# Task 140


Create a RedShift cluster resource with a single node

## Intent

Has an aws_redshift_cluster resource and check cluster_type is ""single_node"" or number of nodes is 1","Has an aws_redshift_cluster resource and check cluster_type is ""single_node"" or number of nodes is 1","package terraform.policy

import rego.v1

default allow = false

aws_redshift_cluster_valid(resources) if {
    some resource in resources
    resource.type == ""aws_redshift_cluster""
    resource.change.after.number_of_nodes == 1
}

# Aggregate all checks
allow if {
    aws_redshift_cluster_valid(input.resource_changes)
}

main if {
    allow
}
","terraform {
  required_version = "">= 1.15.0""

  required_providers {
    aws = {
      source  = ""hashicorp/aws""
      version = ""~> 6.0""
    }
  }
}

resource ""aws_redshift_cluster"" ""example"" {
  cluster_identifier = ""tf-redshift-cluster""
  database_name      = ""mydb""
  master_username    = ""exampleuser""
  master_password    = ""Mustbe8characters""
  node_type          = ""dc2.large""
  cluster_type       = ""single-node""
}
",resource_changes,False,autoiac-project/iac-eval,>= 1.15.0,1.16.1
aws/task-141,aws,2,"aws_redshift_cluster, aws_redshift_usage_limit","# Task 141


Create a 2 node RedShift cluster and limit the concurrency scaling to 60 minutes

## Intent

Has an aws_redshift_cluster resource and check cluster_type is ""single_node"" or number of nodes is 2, check there is a aws_redshift_usage_limit resouce where the feature type is concurrency_scaling, limit_type is ""time"", and amount is 60","Has an aws_redshift_cluster resource and check cluster_type is ""single_node"" or number of nodes is 2, check there is a aws_redshift_usage_limit resouce where the feature type is concurrency_scaling, limit_type is ""time"", and amount is 60","package terraform.policy

import rego.v1

default allow = false

aws_redshift_cluster_valid(resources) if {
    some resource in resources
    resource.type == ""aws_redshift_cluster""
    resource.change.after.number_of_nodes == 2
}

aws_redshift_usage_limit_valid(resources) if {
    some resource in resources
    resource.type == ""aws_redshift_usage_limit""
    resource.change.after.feature_type == ""concurrency-scaling""
    resource.change.after.limit_type == ""time""
    resource.change.after.amount == 60
}

# Aggregate all checks
allow if {
    aws_redshift_cluster_valid(input.resource_changes)
    aws_redshift_usage_limit_valid(input.resource_changes)
}

main if {
    allow
}
","terraform {
  required_version = "">= 1.15.0""

  required_providers {
    aws = {
      source  = ""hashicorp/aws""
      version = ""~> 6.0""
    }
  }
}

resource ""aws_redshift_cluster"" ""example"" {
  cluster_identifier = ""redshift-cluster-1""
  node_type          = ""dc2.large""
  number_of_nodes    = 2

  database_name = ""mydb""
  master_username = ""foo""
  master_password = ""Mustbe8characters""

  skip_final_snapshot = true
}

resource ""aws_redshift_usage_limit"" ""example"" {
  cluster_identifier = aws_redshift_cluster.example.id
  feature_type       = ""concurrency-scaling""
  limit_type         = ""time""
  amount             = 60
}
",resource_changes,False,autoiac-project/iac-eval,>= 1.15.0,1.16.1
aws/task-142,aws,2,"aws_redshift_cluster, aws_redshift_endpoint_authorization","# Task 142


Create a 2 node RedShift cluster and create a new Amazon Redshift endpoint authorization for an account with AWS id 012345678910

## Intent

Has an aws_redshift_resouce with 2 nodes and creates a aws_redshift_endpoint_authorization resource with account =012345678910",Has an aws_redshift_resouce with 2 nodes and creates a aws_redshift_endpoint_authorization resource with account =012345678910,"package terraform.policy

import rego.v1

default allow = false

aws_redshift_cluster_valid(resources) if {
    some resource in resources
    resource.type == ""aws_redshift_cluster""
    resource.change.after.number_of_nodes == 2
}

# Function to check if Redshift snapshot schedule is every 12 hours
aws_redshift_endpoint_authorization_valid(resources) if {
    some resource in resources
    resource.type == ""aws_redshift_endpoint_authorization""
    resource.change.after.account == ""012345678910""
}

# Aggregate all checks
allow if {
    aws_redshift_cluster_valid(input.resource_changes)
    aws_redshift_endpoint_authorization_valid(input.resource_changes)
}

main if {
    allow
}
","terraform {
  required_version = "">= 1.15.0""

  required_providers {
    aws = {
      source  = ""hashicorp/aws""
      version = ""~> 6.0""
    }
  }
}

resource ""aws_redshift_cluster"" ""example"" {
  cluster_identifier = ""redshift-cluster-1""
  node_type          = ""dc2.large""
  number_of_nodes    = 2

  database_name = ""mydb""
  master_username = ""foo""
  master_password = ""Mustbe8characters""

  skip_final_snapshot = true
}

resource ""aws_redshift_endpoint_authorization"" ""example"" {
  account            = ""012345678910""
  cluster_identifier = aws_redshift_cluster.example.cluster_identifier
}
",resource_changes,False,autoiac-project/iac-eval,>= 1.15.0,1.16.1
aws/task-143,aws,2,"aws_redshift_cluster, aws_redshift_snapshot_schedule, aws_redshift_snapshot_schedule_association","# Task 143


Create a 1 node RedShift cluster and automatically create a snapshot every 12 hours

## Intent

Has an aws_redshift resouce with 1 node and aws_redshift_snapshot_schedule resource with rate set to 12 hours. Then have a aws_redshift_snapshot_schedle_association to conect the 2",Has an aws_redshift resouce with 1 node and aws_redshift_snapshot_schedule resource with rate set to 12 hours. Then have a aws_redshift_snapshot_schedle_association to conect the 2,"package terraform.policy

import rego.v1

default allow = false

aws_redshift_cluster_valid(resources) if {
    some resource in resources
    resource.type == ""aws_redshift_cluster""
    resource.change.after.number_of_nodes == 1
}

# Function to check if Redshift snapshot schedule is every 12 hours
aws_redshift_snapshot_schedule_valid(resources) if {
    some resource in resources
    resource.type == ""aws_redshift_snapshot_schedule""
    resource.change.after.definitions[_] == ""rate(12 hours)""
}

# Aggregate all checks
allow if {
    aws_redshift_cluster_valid(input.resource_changes)
    aws_redshift_snapshot_schedule_valid(input.resource_changes)
}

main if {
    allow
}
","terraform {
  required_version = "">= 1.15.0""

  required_providers {
    aws = {
      source  = ""hashicorp/aws""
      version = ""~> 6.0""
    }
  }
}

resource ""aws_redshift_cluster"" ""example"" {
  cluster_identifier = ""redshift-cluster-1""
  node_type          = ""dc2.large""
  number_of_nodes    = 1

  database_name = ""mydb""
  master_username = ""foo""
  master_password = ""Mustbe8characters""

  skip_final_snapshot = true
}

resource ""aws_redshift_snapshot_schedule"" ""default"" {
  identifier = ""tf-redshift-snapshot-schedule""
  definitions = [
    ""rate(12 hours)"",
  ]
}

resource ""aws_redshift_snapshot_schedule_association"" ""default"" {
  cluster_identifier  = aws_redshift_cluster.example.id
  schedule_identifier = aws_redshift_snapshot_schedule.default.id
}
",resource_changes,False,autoiac-project/iac-eval,>= 1.15.0,1.16.1
aws/task-146,aws,2,aws_redshift_cluster,"# Task 146


Setup a 2 node RedShift cluster in us-east-1 and replicate it to us-east-2.

## Intent

Creates a redshift_clluster in us-east-1 and a snapshot_copy in us-east-2",Creates a redshift_clluster in us-east-1 and a snapshot_copy in us-east-2,"package terraform.policy

import rego.v1

default allow = false

aws_redshift_cluster_valid(resources) if {
    some resource in resources
    resource.type == ""aws_redshift_cluster""
    resource.change.after.number_of_nodes == 2
}

aws_redshift_snapshot_copy_valid(resources) if {
    some resource in resources
    resource.type == ""aws_redshift_snapshot_copy""
    resource.change.after.destination_region == ""us-east-2""
}

allow if {
    aws_redshift_cluster_valid(input.resource_changes)
    aws_redshift_snapshot_copy_valid(input.resource_changes)
}

main if {
    allow
}
","terraform {
  required_version = "">= 1.15.0""

  required_providers {
    aws = {
      source  = ""hashicorp/aws""
      version = ""~> 6.0""
    }
  }
}

provider ""aws"" {
  region = ""us-east-1""
  alias  = ""useast1""
}

resource ""aws_redshift_cluster"" ""primary_cluster"" {
  provider = aws.useast1

  cluster_identifier  = ""primary-cluster""
  database_name       = ""mydatabase""
  master_username     = ""myusername""
  master_password     = ""Mypassword1""
  node_type           = ""dc2.large""
  cluster_type        = ""multi-node""
  number_of_nodes     = 2
  skip_final_snapshot = true
}

resource ""aws_redshift_snapshot_copy"" ""primary_cluster"" {
  cluster_identifier = aws_redshift_cluster.primary_cluster.id
  destination_region = ""us-east-2""
}
",resource_changes,False,autoiac-project/iac-eval,>= 1.15.0,1.16.1
aws/task-147,aws,3,"aws_iam_role, aws_iam_role_policy_attachment, aws_redshift_cluster, aws_redshift_cluster_iam_roles","# Task 147


Create an IAM role and a redshift cluster and associate the IAM role with the RedShift cluster.

## Intent

Create a aws_iam_role, aws_redshift_cluster, and attach the role to the cluster","Create a aws_iam_role, aws_redshift_cluster, and attach the role to the cluster","package terraform.policy

import rego.v1

default allow = false

aws_redshift_cluster_valid(resources) if {
    some resource in resources
    resource.type == ""aws_redshift_cluster""
    resource.change.after.number_of_nodes == 1
}

iam_role_vaild(resources) if {
    some resource in resources
    resource.type == ""aws_iam_role""
}

aws_iam_role_policy_attachment(resources) if {
    some resource in resources
    resource.type == ""aws_iam_role_policy_attachment""
}

aws_redshift_cluster_iam_roles_valid(resources) if {
    some resource in resources
    resource.type == ""aws_redshift_cluster_iam_roles""
}

# Aggregate all checks
allow if {
    aws_redshift_cluster_valid(input.resource_changes)
    iam_role_vaild(input.resource_changes)
    aws_iam_role_policy_attachment(input.resource_changes)
    aws_redshift_cluster_iam_roles_valid(input.resource_changes)
}

main if {
    allow
}
","terraform {
  required_version = "">= 1.15.0""

  required_providers {
    aws = {
      source  = ""hashicorp/aws""
      version = ""~> 6.0""
    }
  }
}

resource ""aws_iam_role"" ""redshift_role"" {
  name = ""redshift_role""

  assume_role_policy = jsonencode({
    Version = ""2012-10-17"",
    Statement = [
      {
        Action = ""sts:AssumeRole"",
        Effect = ""Allow"",
        Principal = {
          Service = ""redshift.amazonaws.com""
        },
      },
    ],
  })
}

resource ""aws_iam_role_policy_attachment"" ""redshift_s3_read_only"" {
  role       = aws_iam_role.redshift_role.name
  policy_arn = ""arn:aws:iam::aws:policy/AmazonS3ReadOnlyAccess""
}

resource ""aws_redshift_cluster"" ""example"" {
  cluster_identifier = ""tf-redshift-cluster""
  database_name      = ""mydb""
  master_username    = ""foo""
  master_password    = ""Mustbe8characters""
  node_type          = ""dc2.large""
  cluster_type       = ""single-node""

  depends_on = [aws_iam_role.redshift_role]
}

resource ""aws_redshift_cluster_iam_roles"" ""example"" {
  cluster_identifier = aws_redshift_cluster.example.id
  iam_role_arns      = [aws_iam_role.redshift_role.arn]
}
",resource_changes,False,autoiac-project/iac-eval,>= 1.15.0,1.16.1
aws/task-148,aws,3,"aws_redshift_cluster, aws_redshift_resource_policy","# Task 148


Create a 2-node RedShift cluster and attach a resource policy to it.

## Intent

Create a redshift cluster and a aws_reedshift_resource_poliicy attached to it",Create a redshift cluster and a aws_reedshift_resource_poliicy attached to it,"package terraform.policy

import rego.v1

default allow = false

aws_redshift_cluster_valid(resources) if {
    some resource in resources
    resource.type == ""aws_redshift_cluster""
    resource.change.after.number_of_nodes == 2
}

aws_redshift_resource_policy_valid(resources) if {
    some resource in resources
    resource.type == ""aws_redshift_resource_policy""
}

# Aggregate all checks
allow if {
    aws_redshift_cluster_valid(input.resource_changes)
    aws_redshift_resource_policy_valid(input.resource_changes)
}

main if {
    allow
}
","terraform {
  required_version = "">= 1.15.0""

  required_providers {
    aws = {
      source  = ""hashicorp/aws""
      version = ""~> 6.0""
    }
  }
}

resource ""aws_redshift_cluster"" ""example"" {
  cluster_identifier = ""redshift-cluster-1""
  node_type          = ""dc2.large""
  cluster_type       = ""multi-node""
  number_of_nodes    = 2

  database_name = ""mydb""
  master_username = ""foo""
  master_password = ""Mustbe8characters""

  skip_final_snapshot = true
}

resource ""aws_redshift_resource_policy"" ""example"" {
  resource_arn = aws_redshift_cluster.example.cluster_namespace_arn
  policy = jsonencode({
    Version = ""2012-10-17""
    Statement = [{
      Effect = ""Allow""
      Principal = {
        AWS = ""arn:aws:iam::12345678901:root""
      }
      Action   = ""redshift:CreateInboundIntegration""
      Resource = aws_redshift_cluster.example.cluster_namespace_arn
      Sid      = """"
    }]
  })
}
",resource_changes,False,autoiac-project/iac-eval,>= 1.15.0,1.16.1
aws/task-149,aws,4,"aws_redshift_cluster, aws_redshift_endpoint_access, aws_redshift_subnet_group, aws_subnet, aws_vpc","# Task 149


Create a RedShift cluster with 2 nodes and create an endpoint access for it

## Intent

Create a cluster and a endpoint associated with it",Create a cluster and a endpoint associated with it,"package terraform.policy

import rego.v1

default allow = false

# Check if AWS Redshift cluster with 2 nodes is being created
aws_redshift_cluster_valid(resources) if {
    some resource in resources
    resource.type == ""aws_redshift_cluster""
    resource.change.after.number_of_nodes == 2
}

# Check if AWS Redshift endpoint access is being created
aws_redshift_endpoint_access_valid(resources) if {
    some resource in resources
    resource.type == ""aws_redshift_endpoint_access""
}

# Aggregate all checks
allow if {
    aws_redshift_cluster_valid(input.resource_changes)
    aws_redshift_endpoint_access_valid(input.resource_changes)
}

main if {
    allow
}
","terraform {
  required_version = "">= 1.15.0""

  required_providers {
    aws = {
      source  = ""hashicorp/aws""
      version = ""~> 6.0""
    }
  }
}

provider ""aws"" {
  region = ""us-east-1""
}

resource ""aws_vpc"" ""example_vpc"" {
  cidr_block          = ""10.0.0.0/16""
  enable_dns_support  = true
  enable_dns_hostnames = true
}

data ""aws_availability_zones"" ""azs"" {
    state = ""available""
}

resource ""aws_subnet"" ""subnet_a"" {
  vpc_id                = aws_vpc.example_vpc.id
  cidr_block            = ""10.0.1.0/24""
  availability_zone     = data.aws_availability_zones.azs.names[0]
  map_public_ip_on_launch = true
}

resource ""aws_subnet"" ""subnet_b"" {
  vpc_id                = aws_vpc.example_vpc.id
  cidr_block            = ""10.0.2.0/24""
  availability_zone     = data.aws_availability_zones.azs.names[1]
  map_public_ip_on_launch = true
}

# Create the Redshift subnet group
resource ""aws_redshift_subnet_group"" ""example_subnet_group"" {
  name        = ""example-subnet-group""
  description = ""Example Redshift subnet group""

  subnet_ids = [aws_subnet.subnet_a.id, aws_subnet.subnet_b.id]
}

resource ""aws_redshift_cluster"" ""example"" {
  cluster_identifier = ""redshift-cluster-1""
  node_type          = ""dc2.large""
  cluster_type       = ""multi-node""
  number_of_nodes    = 2

  database_name = ""mydb""
  master_username = ""foo""
  master_password = ""Mustbe8characters""

  skip_final_snapshot = true
}

resource ""aws_redshift_endpoint_access"" ""example"" {
  endpoint_name      = ""example""
  subnet_group_name  = aws_redshift_subnet_group.example_subnet_group.id
  cluster_identifier = aws_redshift_cluster.example.cluster_identifier
}
",resource_changes,False,autoiac-project/iac-eval,>= 1.15.0,1.16.1
aws/task-150,aws,3,"archive_file, aws_iam_policy_document, aws_iam_role, aws_lambda_function","# Task 150


Create an AWS Lambda function with an IAM role, an IAM policy document for assuming the role, and an archive file for the Lambda function code. The Lambda function should be triggered by a nodejs18 runtime, have a specific handler, and use a ""lambda.js"" as the source file for the code.

## Intent

Needs to have a defined IAM role. Data for a .zip file, with source file = lambda.js, function name can be anything. For the aws_lambda_function use the defined zip, function name, set handler to anything, and runtime to ""nodejs.18x""","Needs to have a defined IAM role. Data for a .zip file, with source file = lambda.js, function name can be anything. For the aws_lambda_function use the defined zip, function name, set handler to anything, and runtime to ""nodejs.18x""","package terraform.policy

import rego.v1

default allow = false

aws_iam_role_for_lambda_valid(resources) if {
    some resource in resources
    resource.type == ""aws_iam_role""
}

aws_lambda_function_valid(resources) if {
    some resource in resources
    resource.type == ""aws_lambda_function""
    resource.change.after.runtime == ""nodejs18.x""
    resource.change.after.handler == ""index.test""
    resource.change.after.filename == ""lambda_function_payload.zip""
}

allow if {
    aws_iam_role_for_lambda_valid(input.resource_changes)
    aws_lambda_function_valid(input.resource_changes)
}

main if {
    allow
}
","terraform {
  required_version = "">= 1.15.0""

  required_providers {
    aws = {
      source  = ""hashicorp/aws""
      version = ""~> 6.0""
    }
  }
}

data ""aws_iam_policy_document"" ""assume_role"" {
  statement {
    effect = ""Allow""

    principals {
      type        = ""Service""
      identifiers = [""lambda.amazonaws.com""]
    }

    actions = [""sts:AssumeRole""]
  }
}

resource ""aws_iam_role"" ""iam_for_lambda"" {
  name               = ""iam_for_lambda""
  assume_role_policy = data.aws_iam_policy_document.assume_role.json
}

data ""archive_file"" ""lambda"" {
  type        = ""zip""
  output_path = ""${path.module}/lambda_function_payload.zip""

  source {
    content  = ""exports.handler = async (event) => ({ statusCode: 200, body: 'OK' });""
    filename = ""lambda.js""
  }
}

resource ""aws_lambda_function"" ""test_lambda"" {
  filename      = ""lambda_function_payload.zip""
  function_name = ""lambda_function_name""
  role          = aws_iam_role.iam_for_lambda.arn
  handler       = ""index.test""

  runtime = ""nodejs18.x""
}
",resource_changes,False,autoiac-project/iac-eval,>= 1.15.0,1.16.1
aws/task-151,aws,3,"archive_file, aws_iam_policy_document, aws_iam_role, aws_lambda_function, aws_lambda_function_url","# Task 151


Create a Lambda function URL resource for an aws_lambda_function called ""example_lambda

## Intent

Needs an aws_lambda_function defined(IAM role, zip). aws_lambda_function_url must have an authorization and the lambda function","Needs an aws_lambda_function defined(IAM role, zip). aws_lambda_function_url must have an authorization and the lambda function","package terraform.policy

import rego.v1

default allow = false

# Check for Lambda Function URL Resource
aws_lambda_function_url_valid(resources) if {
    some resource in resources
    resource.type == ""aws_lambda_function_url""
    resource.change.after.function_name == ""lambda_function_name""
}

# Check for AWS Lambda Function named ""example_lambda""
aws_lambda_function_example_lambda_valid(resources) if {
    some resource in resources
    resource.type == ""aws_lambda_function""
    resource.name == ""example_lambda""
}

# Aggregate all checks
allow if {
    aws_lambda_function_url_valid(input.resource_changes)
    aws_lambda_function_example_lambda_valid(input.resource_changes)
}

main if {
    allow
}
","terraform {
  required_version = "">= 1.15.0""

  required_providers {
    aws = {
      source  = ""hashicorp/aws""
      version = ""~> 6.0""
    }
  }
}

data ""aws_iam_policy_document"" ""assume_role"" {
  statement {
    effect = ""Allow""

    principals {
      type        = ""Service""
      identifiers = [""lambda.amazonaws.com""]
    }

    actions = [""sts:AssumeRole""]
  }
}

resource ""aws_iam_role"" ""iam_for_lambda"" {
  name               = ""iam_for_lambda""
  assume_role_policy = data.aws_iam_policy_document.assume_role.json
}

data ""archive_file"" ""lambda"" {
  type        = ""zip""
  output_path = ""${path.module}/lambda_function_payload.zip""

  source {
    content  = ""exports.handler = async (event) => ({ statusCode: 200, body: 'OK' });""
    filename = ""lambda.js""
  }
}

resource ""aws_lambda_function"" ""example_lambda"" {
  filename      = ""lambda_function_payload.zip""
  function_name = ""lambda_function_name""
  role          = aws_iam_role.iam_for_lambda.arn
  handler       = ""index.test""

  runtime = ""nodejs18.x""
}

resource ""aws_lambda_function_url"" ""test_latest"" {
  function_name      = aws_lambda_function.example_lambda.function_name
  authorization_type = ""NONE""
}
",resource_changes,False,autoiac-project/iac-eval,>= 1.15.0,1.16.1
aws/task-152,aws,3,"archive_file, aws_iam_policy_document, aws_iam_role, aws_lambda_function, aws_lambda_invocation","# Task 152


Create an AWS lambda function called ""example_lambda"", and invoke the ""example_lambda"" lambda_function.

## Intent

Needs to have an aws_lambda_function defined (IAM role, zip). Use aws_lambda_invocation on the delcared aws_lambda_function","Needs to have an aws_lambda_function defined (IAM role, zip). Use aws_lambda_invocation on the delcared aws_lambda_function","package terraform.policy

import rego.v1

default allow = false

# Check for Lambda Function URL Resource
aws_lambda_invocation_valid(resources) if {
    some resource in resources
    resource.type == ""aws_lambda_invocation""
}

aws_lambda_function_valid(resources) if {
    some resource in resources
    resource.type == ""aws_lambda_function""
}

# Aggregate all checks
allow if {
    aws_lambda_invocation_valid(input.resource_changes)
    aws_lambda_function_valid(input.resource_changes)
}

main if {
    allow
}
","terraform {
  required_version = "">= 1.15.0""

  required_providers {
    aws = {
      source  = ""hashicorp/aws""
      version = ""~> 6.0""
    }
  }
}

data ""aws_iam_policy_document"" ""assume_role"" {
  statement {
    effect = ""Allow""

    principals {
      type        = ""Service""
      identifiers = [""lambda.amazonaws.com""]
    }

    actions = [""sts:AssumeRole""]
  }
}

resource ""aws_iam_role"" ""iam_for_lambda"" {
  name               = ""iam_for_lambda""
  assume_role_policy = data.aws_iam_policy_document.assume_role.json
}

data ""archive_file"" ""lambda"" {
  type        = ""zip""
  output_path = ""${path.module}/lambda_function_payload.zip""

  source {
    content  = ""exports.handler = async (event) => ({ statusCode: 200, body: 'OK' });""
    filename = ""lambda.js""
  }
}

resource ""aws_lambda_function"" ""example_lambda"" {
  filename      = ""lambda_function_payload.zip""
  function_name = ""lambda_function_name""
  role          = aws_iam_role.iam_for_lambda.arn
  handler       = ""index.test""

  runtime = ""nodejs18.x""
}

resource ""aws_lambda_invocation"" ""example"" {
  function_name = aws_lambda_function.example_lambda.function_name

  input = jsonencode({
    key1 = ""value1""
    key2 = ""value2""
  })
}
",resource_changes,False,autoiac-project/iac-eval,>= 1.15.0,1.16.1
aws/task-153,aws,4,"archive_file, aws_dynamodb_table, aws_iam_policy_document, aws_iam_role, aws_lambda_alias, aws_lambda_function","# Task 153


Create a Lambda function alias for aws_lambda_function

## Intent

Needs to have an aws_lambda_function defined (IAM role, zip). Use aws_lambda_alias (need name, function_name, function_version)","Needs to have an aws_lambda_function defined (IAM role, zip). Use aws_lambda_alias (need name, function_name, function_version)","package terraform.policy

import rego.v1

default allow = false

# Check for Lambda Function URL Resource
aws_lambda_alias_valid(resources) if {
    some resource in resources
    resource.type == ""aws_lambda_alias""
}

aws_lambda_function_valid(resources) if {
    some resource in resources
    resource.type == ""aws_lambda_function""
}

# Aggregate all checks
allow if {
    aws_lambda_alias_valid(input.resource_changes)
    aws_lambda_function_valid(input.resource_changes)
}

main if {
    allow
}
","terraform {
  required_version = "">= 1.15.0""

  required_providers {
    aws = {
      source  = ""hashicorp/aws""
      version = ""~> 6.0""
    }
  }
}

provider ""aws"" {
  region  = ""us-east-1""
}

resource ""aws_dynamodb_table"" ""example_table"" {
  name           = ""example_table""
  hash_key       = ""id""
  read_capacity  = 10
  write_capacity = 10

  attribute {
    name = ""id""
    type = ""S""
  }

  # Enable DynamoDB Streams
  stream_enabled   = true
  stream_view_type = ""NEW_AND_OLD_IMAGES"" # Choose as per your requirement

  # Other configurations for your table
}

data ""aws_iam_policy_document"" ""assume_role"" {
  statement {
    effect = ""Allow""

    principals {
      type        = ""Service""
      identifiers = [""lambda.amazonaws.com""]
    }

    actions = [""sts:AssumeRole""]
  }
}

resource ""aws_iam_role"" ""iam_for_lambda"" {
  name               = ""iam_for_lambda""
  assume_role_policy = data.aws_iam_policy_document.assume_role.json
}

resource ""aws_iam_policy"" ""lambda_dynamodb_policy"" {
  name   = ""lambda-dynamodb-policy""
  policy = jsonencode({
    Version = ""2012-10-17""
    Statement = [
      {
        Action = [
          ""dynamodb:GetItem"",
          ""dynamodb:PutItem"",
          ""dynamodb:UpdateItem"",
          ""dynamodb:DeleteItem""
        ]
        Effect   = ""Allow""
        Resource = aws_dynamodb_table.example_table.arn
      }
    ]
  })
}

resource ""aws_iam_role_policy_attachment"" ""lambda_policy_attach"" {
  role       = aws_iam_role.iam_for_lambda.name
  policy_arn = aws_iam_policy.lambda_dynamodb_policy.arn
}

data ""archive_file"" ""lambda"" {
  type        = ""zip""
  output_path = ""${path.module}/app.zip""

  source {
    content  = ""exports.handler = async (event) => ({ statusCode: 200, body: 'OK' });""
    filename = ""app.js""
  }
}

resource ""aws_lambda_function"" ""example_lambda"" {
  filename      = data.archive_file.lambda.output_path
  function_name = ""lambda_app_function""
  source_code_hash = data.archive_file.lambda.output_base64sha256
  role          = aws_iam_role.iam_for_lambda.arn
  handler       = ""app.handler""
  runtime       = ""nodejs18.x""
}

resource ""aws_lambda_alias"" ""test_lambda_alias"" {
  name             = ""my_alias""
  description      = ""a sample description""
  function_name    = aws_lambda_function.example_lambda.arn
  function_version = ""$LATEST""
}
",resource_changes,False,autoiac-project/iac-eval,>= 1.15.0,1.16.1
aws/task-154,aws,4,"archive_file, aws_dynamodb_table, aws_iam_policy_document, aws_iam_role, aws_lambda_event_source_mapping, aws_lambda_function","# Task 154


Create a Lambda event source mapping from a DynamoDB

## Intent

Needs to have an aws_lambda_function defined (IAM role, zip). Create a DynamoDB table. Create lambda source event from an event source from DynamoDB table and function name.","Needs to have an aws_lambda_function defined (IAM role, zip). Create a DynamoDB table. Create lambda source event from an event source from DynamoDB table and function name.","package terraform.policy

import rego.v1

default allow = false

aws_dynamodb_table_valid(resources) if {
    some resource in resources
    resource.type == ""aws_dynamodb_table""
}

aws_lambda_function_valid(resources) if {
    some resource in resources
    resource.type == ""aws_lambda_function""
}

# Check for Lambda event source mapping from DynamoDB
aws_lambda_event_source_mapping_valid(resources) if {
    some resource in resources
    resource.type == ""aws_lambda_event_source_mapping""
}

# Aggregate all checks
allow if {
    aws_dynamodb_table_valid(input.resource_changes)
    aws_lambda_function_valid(input.resource_changes)
    aws_lambda_event_source_mapping_valid(input.resource_changes)
}

main if {
    allow
}
","terraform {
  required_version = "">= 1.15.0""

  required_providers {
    aws = {
      source  = ""hashicorp/aws""
      version = ""~> 6.0""
    }
  }
}

provider ""aws"" {
  region  = ""us-east-1""
}

resource ""aws_dynamodb_table"" ""example_table"" {
  name           = ""example_table""
  hash_key       = ""id""
  read_capacity  = 10
  write_capacity = 10

  attribute {
    name = ""id""
    type = ""S""
  }

  # Enable DynamoDB Streams
  stream_enabled   = true
  stream_view_type = ""NEW_AND_OLD_IMAGES"" # Choose as per your requirement

  # Other configurations for your table
}

data ""aws_iam_policy_document"" ""assume_role"" {
  statement {
    effect = ""Allow""

    principals {
      type        = ""Service""
      identifiers = [""lambda.amazonaws.com""]
    }

    actions = [""sts:AssumeRole""]
  }
}

resource ""aws_iam_role"" ""iam_for_lambda"" {
  name               = ""iam_for_lambda""
  assume_role_policy = data.aws_iam_policy_document.assume_role.json
}

resource ""aws_iam_role_policy"" ""dynamodb_lambda_policy"" {
  name   = ""lambda-dynamodb-policy""
  role   = aws_iam_role.iam_for_lambda.id
  policy = <<EOF
{
  ""Version"": ""2012-10-17"",
  ""Statement"": [
    {
        ""Sid"": ""AllowLambdaFunctionToCreateLogs"",
        ""Action"": [ 
            ""logs:*"" 
        ],
        ""Effect"": ""Allow"",
        ""Resource"": [ 
            ""arn:aws:logs:*:*:*"" 
        ]
    },
    {
        ""Sid"": ""AllowLambdaFunctionInvocation"",
        ""Effect"": ""Allow"",
        ""Action"": [
            ""lambda:InvokeFunction""
        ],
        ""Resource"": [
            ""${aws_dynamodb_table.example_table.arn}/stream/*""
        ]
    },
    {
        ""Sid"": ""APIAccessForDynamoDBStreams"",
        ""Effect"": ""Allow"",
        ""Action"": [
            ""dynamodb:GetRecords"",
            ""dynamodb:GetShardIterator"",
            ""dynamodb:DescribeStream"",
            ""dynamodb:ListStreams""
        ],
        ""Resource"": ""${aws_dynamodb_table.example_table.arn}/stream/*""
    }
  ]
}
EOF
}

data ""archive_file"" ""lambda_zip_file"" {
  type        = ""zip""
  output_path = ""${path.module}/app.zip""

  source {
    content  = ""exports.handler = async (event) => ({ statusCode: 200, body: 'OK' });""
    filename = ""app.js""
  }
}

resource ""aws_lambda_function"" ""example_lambda"" {
  filename      = data.archive_file.lambda_zip_file.output_path
  function_name = ""lambda_app_function""
  source_code_hash = data.archive_file.lambda_zip_file.output_base64sha256
  role          = aws_iam_role.iam_for_lambda.arn
  handler       = ""app.handler""
  runtime       = ""nodejs18.x""
}

resource ""aws_lambda_event_source_mapping"" ""dynamodb_lambda_mapping"" {
  event_source_arn  = aws_dynamodb_table.example_table.stream_arn
  function_name     = aws_lambda_function.example_lambda.arn
  starting_position = ""LATEST"" # or ""TRIM_HORIZON"" as per your use case

}

output ""dynamodb_arn"" {
  value = aws_dynamodb_table.example_table.arn
  description = ""The ARN of the DynamoDB table""
}

output ""lambda_processing_arn"" {
  value = aws_lambda_function.example_lambda.arn
  description = ""The ARN of the Lambda function processing the DynamoDB stream""
}
",resource_changes,False,autoiac-project/iac-eval,>= 1.15.0,1.16.1
aws/task-155,aws,1,aws_lambda_layer_version,"# Task 155


Create a Lambda Layer Version resource from ""lambda_layer_payload.zip""

## Intent

Create a aws_lambda_layer_version by using file_name = ""lambda_layer_payload.zip"". Layer name can be any.","Create a aws_lambda_layer_version by using file_name = ""lambda_layer_payload.zip"". Layer name can be any.","package terraform.policy

import rego.v1

default allow = false

# Check if the AWS Lambda Layer Version is valid
aws_lambda_layer_version_valid(resources) if {
    some resource in resources
    resource.type == ""aws_lambda_layer_version""
    resource.change.after.filename == ""lambda_layer_payload.zip""
}

# Aggregate all checks
allow if {
    aws_lambda_layer_version_valid(input.resource_changes)
}

main if {
    allow
}
","terraform {
  required_version = "">= 1.15.0""

  required_providers {
    aws = {
      source  = ""hashicorp/aws""
      version = ""~> 6.0""
    }
  }
}

resource ""aws_lambda_layer_version"" ""lambda_layer"" {
  filename   = ""lambda_layer_payload.zip""
  layer_name = ""lambda_layer_name""

  compatible_runtimes = [""nodejs16.x""]
}
",resource_changes,False,autoiac-project/iac-eval,>= 1.15.0,1.16.1
aws/task-156,aws,4,"archive_file, aws_cloudwatch_event_rule, aws_cloudwatch_event_target, aws_iam_policy_document, aws_iam_role, aws_lambda_function, aws_lambda_permission","# Task 156


Create a Lambda function and invoke it every 15 minutes

## Intent

Needs to have an aws_lambda_function defined. Create a aws_cloudwatch_event_rule to trigger every 15 minutes and aws_lambda_permission to have permission to run lambda function. Create a target to trigger the lambda function.",Needs to have an aws_lambda_function defined. Create a aws_cloudwatch_event_rule to trigger every 15 minutes and aws_lambda_permission to have permission to run lambda function. Create a target to trigger the lambda function.,"package terraform.policy

import rego.v1

default allow = false

# Check if AWS Lambda function is being created
aws_lambda_function_created(resources) if {
    some resource in resources
    resource.type == ""aws_lambda_function""
}

# Check if CloudWatch Event Rule is set to invoke Lambda every 15 minutes
cloudwatch_event_rule_for_lambda_valid(resources) if {
    some resource in resources
    resource.type == ""aws_cloudwatch_event_rule""
    resource.change.after.schedule_expression == ""rate(15 minutes)""
}

# Aggregate all checks
allow if {
    aws_lambda_function_created(input.resource_changes)
    cloudwatch_event_rule_for_lambda_valid(input.resource_changes)
}

main if {
    allow
}
","terraform {
  required_version = "">= 1.15.0""

  required_providers {
    aws = {
      source  = ""hashicorp/aws""
      version = ""~> 6.0""
    }
  }
}

provider ""aws"" {
  region = ""us-east-1""
}

resource ""aws_cloudwatch_event_rule"" ""lambda_schedule"" {
  name        = ""lambda-schedule-rule""
  description = ""Invoke Lambda function every 15 minutes""
  schedule_expression = ""rate(15 minutes)""
  role_arn = aws_iam_role.cron.arn
}

# Create a CloudWatch Events Target to associate with the Lambda function
resource ""aws_cloudwatch_event_target"" ""lambda_target"" {
  rule = aws_cloudwatch_event_rule.lambda_schedule.name
  arn = aws_lambda_function.cron.arn
}

data ""archive_file"" ""lambda-func"" {
  type        = ""zip""
  output_path = ""${path.module}/lambda_func.zip""

  source {
    content  = ""def handler(event, context): return {'statusCode': 200}""
    filename = ""lambda_func.py""
  }
}

resource ""aws_lambda_function"" ""cron"" {
  function_name = ""cron-lambda-function""
  role          = aws_iam_role.cron.arn
  filename      = data.archive_file.lambda-func.output_path
  source_code_hash = data.archive_file.lambda-func.output_base64sha256
  handler       = ""lambda_func.handler""
  runtime       = ""python3.12""
}

resource ""aws_lambda_permission"" ""cron"" {
  function_name = aws_lambda_function.cron.function_name
  action        = ""lambda:InvokeFunction""
  principal     = ""events.amazonaws.com""
  source_arn    = aws_cloudwatch_event_rule.lambda_schedule.arn
}

data ""aws_iam_policy_document"" ""cron_assume_role"" {
  statement {
    actions = [""sts:AssumeRole""]
    principals {
      type = ""Service""
      identifiers = [
        ""lambda.amazonaws.com"",
        ""events.amazonaws.com""
      ]
    }
  }
}

resource ""aws_iam_role"" ""cron"" {
  name               = ""cron_assume_role""
  assume_role_policy = data.aws_iam_policy_document.cron_assume_role.json
}

resource ""aws_iam_role_policy_attachment"" ""cron"" {
  role       = aws_iam_role.cron.name
  policy_arn = ""arn:aws:iam::aws:policy/service-role/AWSLambdaBasicExecutionRole""
}
",resource_changes,False,autoiac-project/iac-eval,>= 1.15.0,1.16.1
aws/task-157,aws,4,"archive_file, aws_cloudwatch_event_rule, aws_cloudwatch_event_target, aws_iam_policy_document, aws_iam_role, aws_lambda_function","# Task 157


Trigger a ""aws_lambda_function"" called test_lambda whenever an EC2 image is created. For the Lambda deployment package, use a `data ""archive_file""` with inline source content (do not reference local files). Use `filebase64sha256` on the archive output, not on a local file path.

## Intent

Needs to have an aws_lambda_function defined. Create a aws_cloudwatch_event_rule to trigger on EC2 creation and aws_lambda_permission to have permission to run lambda function. Create a target to trigger the lambda function.",Needs to have an aws_lambda_function defined. Create a aws_cloudwatch_event_rule to trigger on EC2 creation and aws_lambda_permission to have permission to run lambda function. Create a target to trigger the lambda function.,"package terraform.policy

import rego.v1

default allow = false

# Check for CloudWatch event rule for EC2 CreateImage event
ec2_create_image_event_rule_valid(resources) if {
    some resource in resources
    resource.type == ""aws_cloudwatch_event_rule""
    contains(resource.change.after.event_pattern, ""CreateImage"")
    contains(resource.change.after.event_pattern, ""ec2.amazonaws.com"")
}

# Check for CloudWatch event target for triggering test_lambda
cloudwatch_event_target_for_lambda_valid(resources) if {
    some resource in resources
    resource.type == ""aws_cloudwatch_event_target""
    resource.change.after.rule == ""EC2CreateImageEvent""
}

# Aggregate all checks
allow if {
    ec2_create_image_event_rule_valid(input.resource_changes)
    cloudwatch_event_target_for_lambda_valid(input.resource_changes)
}

main if {
    allow
}
","terraform {
  required_version = "">= 1.15.0""

  required_providers {
    aws = {
      source  = ""hashicorp/aws""
      version = ""~> 6.0""
    }
  }
}

provider ""aws"" {
  region = ""us-east-1""
}

resource ""aws_cloudwatch_event_rule"" ""scan_ami"" {
  name          = ""EC2CreateImageEvent""
  description   = ""EC2 Create Image Event...""
  role_arn      = aws_iam_role.cron.arn
  event_pattern = <<EOF
{
  ""source"": [""aws.ec2""],
  ""detail-type"": [""AWS API Call via CloudTrail""],
  ""detail"": {
    ""eventSource"": [""ec2.amazonaws.com""],
    ""eventName"": [""CreateImage""]
  }
}
EOF
}

resource ""aws_cloudwatch_event_target"" ""scan_ami_lambda_function"" {
  rule = aws_cloudwatch_event_rule.scan_ami.name
  arn  = aws_lambda_function.cron.arn
}

data ""archive_file"" ""lambda-func"" {
  type        = ""zip""
  output_path = ""${path.module}/lambda_func.zip""

  source {
    content  = ""def handler(event, context): return {'statusCode': 200}""
    filename = ""lambda_func.py""
  }
}

resource ""aws_lambda_function"" ""cron"" {
  function_name = ""cron-lambda-function""
  role          = aws_iam_role.cron.arn
  filename      = data.archive_file.lambda-func.output_path
  source_code_hash = data.archive_file.lambda-func.output_base64sha256
  handler       = ""lambda_func.handler""
  runtime       = ""python3.12""
}

resource ""aws_lambda_permission"" ""cron"" {
  function_name = aws_lambda_function.cron.function_name
  action        = ""lambda:InvokeFunction""
  principal     = ""events.amazonaws.com""
  source_arn    = aws_cloudwatch_event_rule.scan_ami.arn
}

data ""aws_iam_policy_document"" ""cron_assume_role"" {
  statement {
    actions = [""sts:AssumeRole""]
    principals {
      type = ""Service""
      identifiers = [
        ""lambda.amazonaws.com"",
        ""events.amazonaws.com""
      ]
    }
  }
}

resource ""aws_iam_role"" ""cron"" {
  name               = ""cron_assume_role""
  assume_role_policy = data.aws_iam_policy_document.cron_assume_role.json
}

resource ""aws_iam_role_policy_attachment"" ""cron"" {
  role       = aws_iam_role.cron.name
  policy_arn = ""arn:aws:iam::aws:policy/service-role/AWSLambdaBasicExecutionRole""
}
",resource_changes,False,autoiac-project/iac-eval,>= 1.15.0,1.16.1
aws/task-158,aws,3,"archive_file, aws_iam_policy_document, aws_iam_role, aws_lambda_function","# Task 158


Create an AWS Lambda function to run a file""lambda.js"". Define the IAM roles as needed

## Intent

Create aws_lambda_function (IAM, zip).","Create aws_lambda_function (IAM, zip).","package terraform.policy

import rego.v1

default allow = false

# Check if AWS IAM Role for Lambda is being created
aws_iam_role_lambda_valid(resources) if {
    some resource in resources
    resource.type == ""aws_iam_role""
    contains(resource.change.after.assume_role_policy, ""lambda.amazonaws.com"")
}

# Check if AWS Lambda function is being created
aws_lambda_function_valid(resources) if {
    some resource in resources
    resource.type == ""aws_lambda_function""
    # Check for the specific file name and handler
}

# Aggregate all checks
allow if {
    aws_iam_role_lambda_valid(input.resource_changes)
    aws_lambda_function_valid(input.resource_changes)
}

main if {
    allow
}
","terraform {
  required_version = "">= 1.15.0""

  required_providers {
    aws = {
      source  = ""hashicorp/aws""
      version = ""~> 6.0""
    }
  }
}

data ""aws_iam_policy_document"" ""assume_role"" {
  statement {
    effect = ""Allow""

    principals {
      type        = ""Service""
      identifiers = [""lambda.amazonaws.com""]
    }

    actions = [""sts:AssumeRole""]
  }
}

resource ""aws_iam_role"" ""iam_for_lambda"" {
  name               = ""iam_for_lambda""
  assume_role_policy = data.aws_iam_policy_document.assume_role.json
}

data ""archive_file"" ""lambda"" {
  type        = ""zip""
  output_path = ""${path.module}/lambda_function_payload.zip""

  source {
    content  = ""exports.handler = async (event) => ({ statusCode: 200, body: 'OK' });""
    filename = ""lambda.js""
  }
}

resource ""aws_lambda_function"" ""test_lambda"" {
  filename      = ""lambda_function_payload.zip""
  function_name = ""lambda_function_name""
  role          = aws_iam_role.iam_for_lambda.arn
  handler       = ""index.test""

  runtime = ""nodejs18.x""
}
",resource_changes,False,autoiac-project/iac-eval,>= 1.15.0,1.16.1
aws/task-159,aws,3,"archive_file, aws_iam_policy_document, aws_iam_role, aws_lambda_function","# Task 159


Create an AWS Lambda function to run a file""lambda.js""

## Intent

Create aws_lambda_function (IAM, zip).","Create aws_lambda_function (IAM, zip).","package terraform.policy

import rego.v1

default allow = false

# Check if AWS IAM Role for Lambda is being created
aws_iam_role_lambda_valid(resources) if {
    some resource in resources
    resource.type == ""aws_iam_role""
    contains(resource.change.after.assume_role_policy, ""lambda.amazonaws.com"")
}

# Check if AWS Lambda function is being created
aws_lambda_function_valid(resources) if {
    some resource in resources
    resource.type == ""aws_lambda_function""
    # Check for the specific file name and handler
}

# Aggregate all checks
allow if {
    aws_iam_role_lambda_valid(input.resource_changes)
    aws_lambda_function_valid(input.resource_changes)
}

main if {
    allow
}
","terraform {
  required_version = "">= 1.15.0""

  required_providers {
    aws = {
      source  = ""hashicorp/aws""
      version = ""~> 6.0""
    }
  }
}

data ""aws_iam_policy_document"" ""assume_role"" {
  statement {
    effect = ""Allow""

    principals {
      type        = ""Service""
      identifiers = [""lambda.amazonaws.com""]
    }

    actions = [""sts:AssumeRole""]
  }
}

resource ""aws_iam_role"" ""iam_for_lambda"" {
  name               = ""iam_for_lambda""
  assume_role_policy = data.aws_iam_policy_document.assume_role.json
}

data ""archive_file"" ""lambda"" {
  type        = ""zip""
  output_path = ""${path.module}/lambda_function_payload.zip""

  source {
    content  = ""exports.handler = async (event) => ({ statusCode: 200, body: 'OK' });""
    filename = ""lambda.js""
  }
}

resource ""aws_lambda_function"" ""test_lambda"" {
  filename      = ""lambda_function_payload.zip""
  function_name = ""lambda_function_name""
  role          = aws_iam_role.iam_for_lambda.arn
  handler       = ""index.test""

  runtime = ""nodejs18.x""
}
",resource_changes,False,autoiac-project/iac-eval,>= 1.15.0,1.16.1
aws/task-160,aws,2,"aws_cloudwatch_composite_alarm, aws_cloudwatch_metric_alarm","# Task 160


Create a CloudWatch Composite Alarm resource.

## Intent

Creates an aws_cloudwatch_composite_alarm which requires at least one other aws_cloudwatch_metric_alarm",Creates an aws_cloudwatch_composite_alarm which requires at least one other aws_cloudwatch_metric_alarm,"package terraform.policy

import rego.v1

default allow = false

# Check if AWS CloudWatch Composite Alarm is being created
aws_cloudwatch_composite_alarm_valid(resources) if {
    some resource in resources
    resource.type == ""aws_cloudwatch_composite_alarm""
}

# Aggregate all checks
allow if {
    aws_cloudwatch_composite_alarm_valid(input.resource_changes)
}

main if {
    allow
}
","terraform {
  required_version = "">= 1.15.0""

  required_providers {
    aws = {
      source  = ""hashicorp/aws""
      version = ""~> 6.0""
    }
  }
}

resource ""aws_cloudwatch_composite_alarm"" ""example"" {
  alarm_name        = ""example-composite-alarm""

  alarm_rule = <<EOF
ALARM(${aws_cloudwatch_metric_alarm.foobar.alarm_name})
EOF

}

resource ""aws_cloudwatch_metric_alarm"" ""foobar"" {
  alarm_name                = ""terraform-test-foobar5""
  comparison_operator       = ""GreaterThanOrEqualToThreshold""
  evaluation_periods        = ""2""
  metric_name               = ""CPUUtilization""
  namespace                 = ""AWS/EC2""
  period                    = ""120""
  statistic                 = ""Average""
  threshold                 = ""80""
  alarm_description         = ""This metric monitors ec2 cpu utilization""
  insufficient_data_actions = []
}
",resource_changes,False,autoiac-project/iac-eval,>= 1.15.0,1.16.1
aws/task-161,aws,2,aws_cloudwatch_metric_alarm,"# Task 161


Create a CloudWatch Metric Alarm resource.

## Intent

Createsr a aws_cloudwatch_metric_alarm",Createsr a aws_cloudwatch_metric_alarm,"package terraform.policy

import rego.v1

default allow = false

# Check if AWS CloudWatch Composite Alarm is being created
aws_cloudwatch_composite_alarm_valid(resources) if {
    some resource in resources
    resource.type == ""aws_cloudwatch_metric_alarm""
}

# Aggregate all checks
allow if {
    aws_cloudwatch_composite_alarm_valid(input.resource_changes)
}

main if {
    allow
}
","terraform {
  required_version = "">= 1.15.0""

  required_providers {
    aws = {
      source  = ""hashicorp/aws""
      version = ""~> 6.0""
    }
  }
}

resource ""aws_cloudwatch_metric_alarm"" ""foobar"" {
  alarm_name                = ""terraform-test-foobar5""
  comparison_operator       = ""GreaterThanOrEqualToThreshold""
  evaluation_periods        = 2
  metric_name               = ""CPUUtilization""
  namespace                 = ""AWS/EC2""
  period                    = 120
  statistic                 = ""Average""
  threshold                 = 80
  alarm_description         = ""This metric monitors ec2 cpu utilization""
  insufficient_data_actions = []
}
",resource_changes,False,autoiac-project/iac-eval,>= 1.15.0,1.16.1
aws/task-162,aws,2,aws_cloudwatch_metric_alarm,"# Task 162


Generate a Terraform HCL code snippet to define an AWS CloudWatch metric alarm named 'foobar' that monitors the 'CPUUtilization' metric of AWS EC2 instances. The alarm should trigger when the average CPU utilization is greater than or equal to 80% for two consecutive 2-minute periods. Ensure that no actions are taken when there's insufficient data.

## Intent",,"package terraform.policy

import rego.v1

default allow = false

# Check if AWS CloudWatch Composite Alarm is being created
aws_cloudwatch_composite_alarm_valid(resources) if {
    some resource in resources
    resource.type == ""aws_cloudwatch_metric_alarm""
    resource.change.after.comparison_operator == ""GreaterThanOrEqualToThreshold""
    resource.change.after.threshold == 80
    resource.change.after.evaluation_periods == 2
}

# Aggregate all checks
allow if {
    aws_cloudwatch_composite_alarm_valid(input.resource_changes)
}

main if {
    allow
}
","terraform {
  required_version = "">= 1.15.0""

  required_providers {
    aws = {
      source  = ""hashicorp/aws""
      version = ""~> 6.0""
    }
  }
}

resource ""aws_cloudwatch_metric_alarm"" ""foobar"" {
  alarm_name                = ""terraform-test-foobar5""
  comparison_operator       = ""GreaterThanOrEqualToThreshold""
  evaluation_periods        = 2
  metric_name               = ""CPUUtilization""
  namespace                 = ""AWS/EC2""
  period                    = 120
  statistic                 = ""Average""
  threshold                 = 80
  alarm_description         = ""This metric monitors ec2 cpu utilization""
  insufficient_data_actions = []
}
",resource_changes,False,autoiac-project/iac-eval,>= 1.15.0,1.16.1
aws/task-163,aws,1,aws_dynamodb_contributor_insights,"# Task 163


Create a DynamoDB Contributor Insights resource for a specific table with custom settings

## Intent

Create a DynamoDB table and enable contributor insights",Create a DynamoDB table and enable contributor insights,"package terraform.policy

import rego.v1

default allow = false

# Check if AWS DynamoDB Contributor Insights is being created for a specific table
aws_dynamodb_contributor_insights_valid(resources) if {
    some resource in resources
    resource.type == ""aws_dynamodb_contributor_insights""
}

# Aggregate all checks
allow if {
    aws_dynamodb_contributor_insights_valid(input.resource_changes)
}

main if {
    allow
}
","terraform {
  required_version = "">= 1.15.0""

  required_providers {
    aws = {
      source  = ""hashicorp/aws""
      version = ""~> 6.0""
    }
  }
}

resource ""aws_dynamodb_contributor_insights"" ""test"" {
  table_name = ""ExampleTableName""
}
",resource_changes,False,autoiac-project/iac-eval,>= 1.15.0,1.16.1
aws/task-164,aws,4,"aws_dynamodb_global_table, aws_dynamodb_table","# Task 164


Create a DynamoDB Table in us-east-1, us-west-1 and us-west-2

## Intent

Create a DynamoDB Global Table v1(requires a name and at least one replica (regions))",Create a DynamoDB Global Table v1(requires a name and at least one replica (regions)),"package terraform.policy

import rego.v1

default allow = false

aws_dynamodb_table_valid(resources) if {
    some resource in resources
    resource.type == ""aws_dynamodb_table""
    resource.change.actions[_] == ""create""
    resource.change.after.name == ""myTable""
}

replicas_valid(resources) if {
    some resource in resources
    resource.type == ""aws_dynamodb_table""
    resource.change.after.replica[_].region_name == ""us-west-1""
    resource.change.after.replica[_].region_name == ""us-west-2""
}

allow if {
    aws_dynamodb_table_valid(input.resource_changes)
    replicas_valid(input.resource_changes)
}

main if {
    allow
}
","terraform {
  required_version = "">= 1.15.0""

  required_providers {
    aws = {
      source  = ""hashicorp/aws""
      version = ""~> 6.0""
    }
  }
}

provider ""aws"" {
  region  = ""us-east-1""
}

resource ""aws_dynamodb_table"" ""base_table"" {
  billing_mode     = ""PAY_PER_REQUEST""
  hash_key         = ""myAttribute""
  name             = ""myTable""
  stream_enabled   = true
  stream_view_type = ""NEW_AND_OLD_IMAGES""

  attribute {
    name = ""myAttribute""
    type = ""S""
  }

  replica {
    region_name = ""us-west-1""
  }

  replica {
    region_name = ""us-west-2""
  }
}
",resource_changes,False,autoiac-project/iac-eval,>= 1.15.0,1.16.1
aws/task-165,aws,2,"aws_dynamodb_kinesis_streaming_destination, aws_dynamodb_table, aws_kinesis_stream","# Task 165


Create a Kinesis Streaming Destination for a specific DynamoDB table.

## Intent

create a stream_arn (name), dynamodb table(hash_key, name, attribute (name, type)), create the kineses streaming","create a stream_arn (name), dynamodb table(hash_key, name, attribute (name, type)), create the kineses streaming","package terraform.policy

import rego.v1

default allow = false

# Check if AWS DynamoDB Kinesis Streaming Destination is being created for a specific table
aws_dynamodb_kinesis_streaming_destination_valid(resources) if {
    some resource in resources
    resource.type == ""aws_dynamodb_kinesis_streaming_destination""
}

# Aggregate all checks
allow if {
    aws_dynamodb_kinesis_streaming_destination_valid(input.resource_changes)
}

main if {
    allow
}
","terraform {
  required_version = "">= 1.15.0""

  required_providers {
    aws = {
      source  = ""hashicorp/aws""
      version = ""~> 6.0""
    }
  }
}

resource ""aws_dynamodb_table"" ""example"" {
  name     = ""orders""
  hash_key = ""id""

  attribute {
    name = ""id""
    type = ""S""
  }
}

resource ""aws_kinesis_stream"" ""example"" {
  name        = ""order_item_changes""
  shard_count = 1
}

resource ""aws_dynamodb_kinesis_streaming_destination"" ""example"" {
  stream_arn = aws_kinesis_stream.example.arn
  table_name = aws_dynamodb_table.example.name
}
",resource_changes,False,autoiac-project/iac-eval,>= 1.15.0,1.16.1
aws/task-166,aws,3,aws_dynamodb_table,"# Task 166


Create a DynamoDB table with custom read capacity = 20 and write capacity = 20.

## Intent

dynamodb table -> hash_key, name, attribute (name, type), read_capacity = 20, write_capacity = 20","dynamodb table -> hash_key, name, attribute (name, type), read_capacity = 20, write_capacity = 20","package terraform.policy

import rego.v1

default allow = false

# Check if AWS DynamoDB table is being created with specific read and write capacity settings
aws_dynamodb_table_custom_capacity_valid(resources) if {
    some resource in resources
    resource.type == ""aws_dynamodb_table""
    resource.change.after.read_capacity == 20
    resource.change.after.write_capacity == 20

}

# Aggregate all checks
allow if {
    aws_dynamodb_table_custom_capacity_valid(input.resource_changes)
}

main if {
    allow
}
","terraform {
  required_version = "">= 1.15.0""

  required_providers {
    aws = {
      source  = ""hashicorp/aws""
      version = ""~> 6.0""
    }
  }
}

resource ""aws_dynamodb_table"" ""basic-dynamodb-table"" {
  name           = ""GameScores""
  billing_mode   = ""PROVISIONED""
  read_capacity  = 20
  write_capacity = 20
  hash_key       = ""UserId""
  range_key      = ""GameTitle""

  attribute {
    name = ""UserId""
    type = ""S""
  }

  attribute {
    name = ""GameTitle""
    type = ""S""
  }

  attribute {
    name = ""TopScore""
    type = ""N""
  }

  ttl {
    attribute_name = ""TimeToExist""
    enabled        = false
  }

  global_secondary_index {
    name               = ""GameTitleIndex""
    hash_key           = ""GameTitle""
    range_key          = ""TopScore""
    write_capacity     = 10
    read_capacity      = 10
    projection_type    = ""INCLUDE""
    non_key_attributes = [""UserId""]
  }

  tags = {
    Name        = ""dynamodb-table-1""
    Environment = ""production""
  }
}
",resource_changes,False,autoiac-project/iac-eval,>= 1.15.0,1.16.1
aws/task-167,aws,3,"aws_dynamodb_table, aws_dynamodb_table_item","# Task 167


Provide a DynamoDB table item resource using terraform

## Intent

dynamodb table -> hash_key, name, attribute (name, type), read_capacity = x, write_capacity = x, create a table_item using table name, hashkey, and json item object","dynamodb table -> hash_key, name, attribute (name, type), read_capacity = x, write_capacity = x, create a table_item using table name, hashkey, and json item object","package terraform.policy

import rego.v1

default allow = false

# Check if AWS DynamoDB table is being created with specific read and write capacity settings
aws_dynamodb_table_item_valid(resources) if {
    some resource in resources
    resource.type == ""aws_dynamodb_table_item""

}

# Aggregate all checks
allow if {
    aws_dynamodb_table_item_valid(input.resource_changes)
}

main if {
    allow
}
","terraform {
  required_version = "">= 1.15.0""

  required_providers {
    aws = {
      source  = ""hashicorp/aws""
      version = ""~> 6.0""
    }
  }
}

resource ""aws_dynamodb_table_item"" ""example"" {
  table_name = aws_dynamodb_table.example.name
  hash_key   = aws_dynamodb_table.example.hash_key

  item = <<ITEM
{
  ""exampleHashKey"": {""S"": ""something""},
  ""one"": {""N"": ""11111""},
  ""two"": {""N"": ""22222""},
  ""three"": {""N"": ""33333""},
  ""four"": {""N"": ""44444""}
}
ITEM
}

resource ""aws_dynamodb_table"" ""example"" {
  name           = ""example-name""
  read_capacity  = 10
  write_capacity = 10
  hash_key       = ""exampleHashKey""

  attribute {
    name = ""exampleHashKey""
    type = ""S""
  }
}
",resource_changes,False,autoiac-project/iac-eval,>= 1.15.0,1.16.1
aws/task-168,aws,3,"aws_dynamodb_table, aws_dynamodb_table_replica","# Task 168


Create a DynamoDB Global Table and create a replica of the table

## Intent

dynamodb table -> hash_key, name, attribute (name, type) -> create a repilca with the table arn","dynamodb table -> hash_key, name, attribute (name, type) -> create a repilca with the table arn","package terraform.policy

import rego.v1

default allow = false

# Check if the AWS DynamoDB table is being created in us-east-1
aws_dynamodb_table(resources) if {
    some resource in resources
    resource.type == ""aws_dynamodb_table""
}

# Check if the AWS DynamoDB table replica is being created in us-east-2
aws_dynamodb_table_replica(resources) if {
    some resource in resources
    resource.type == ""aws_dynamodb_table_replica""
}

# Aggregate all checks
allow if {
    aws_dynamodb_table(input.resource_changes)
    aws_dynamodb_table_replica(input.resource_changes)
}

main if {
    allow
}
","terraform {
  required_version = "">= 1.15.0""

  required_providers {
    aws = {
      source  = ""hashicorp/aws""
      version = ""~> 6.0""
    }
  }
}

provider ""aws"" {
  alias  = ""alt""
  region = ""us-east-2""
}

resource ""aws_dynamodb_table"" ""example"" {
  provider         = aws.alt
  name             = ""TestTable""
  hash_key         = ""BrodoBaggins""
  billing_mode     = ""PAY_PER_REQUEST""
  stream_enabled   = true
  stream_view_type = ""NEW_AND_OLD_IMAGES""

  attribute {
    name = ""BrodoBaggins""
    type = ""S""
  }

  lifecycle {
    ignore_changes = [replica]
  }
}

resource ""aws_dynamodb_table_replica"" ""example"" {
  provider         = aws.alt
  global_table_arn = aws_dynamodb_table.example.arn

  tags = {
    Name = ""IZPAWS""
    Pozo = ""Amargo""
  }
}
",resource_changes,False,autoiac-project/iac-eval,>= 1.15.0,1.16.1
aws/task-169,aws,3,"aws_dax_cluster, aws_iam_role","# Task 169


Create a DAX cluster with node type = dax.r4.large and replication factor = 1.

## Intent

require a cluster name, iam_role_arn, node_type, replication factor","require a cluster name, iam_role_arn, node_type, replication factor","package terraform.policy

import rego.v1

default allow = false

# Check if the AWS DynamoDB table is being created in us-east-1
aws_dax_cluster_valid(resources) if {
    some resource in resources
    resource.type == ""aws_dax_cluster""
    resource.change.after.node_type == ""dax.r4.large""
    resource.change.after.replication_factor == 1
}

# Aggregate all checks
allow if {
    aws_dax_cluster_valid(input.resource_changes)
}

main if {
    allow
}
","terraform {
  required_version = "">= 1.15.0""

  required_providers {
    aws = {
      source  = ""hashicorp/aws""
      version = ""~> 6.0""
    }
  }
}

provider ""aws"" {
  region = ""us-east-1""
}

resource ""aws_iam_role"" ""example"" {
  name = ""test""

  assume_role_policy = jsonencode({
    Statement = [{
      Action = ""sts:AssumeRole""
      Effect = ""Allow""
      Principal = {
        Service = ""eks.amazonaws.com""
      }
    }]
    Version = ""2012-10-17""
  })
}


resource ""aws_dax_cluster"" ""bar"" {
  cluster_name       = ""cluster-example""
  iam_role_arn       = aws_iam_role.example.arn
  node_type          = ""dax.r4.large""
  replication_factor = 1
}
",resource_changes,False,autoiac-project/iac-eval,>= 1.15.0,1.16.1
aws/task-170,aws,2,aws_dax_parameter_group,"# Task 170


Create a custom DAX parameter group

## Intent

require name of the group, list of parameters (key, value) pairs","require name of the group, list of parameters (key, value) pairs","package terraform.policy

import rego.v1

default allow = false

# Check if the AWS DynamoDB table is being created in us-east-1
aws_dax_parameter_group_valid(resources) if {
    some resource in resources
    resource.type == ""aws_dax_parameter_group""
}

# Aggregate all checks
allow if {
    aws_dax_parameter_group_valid(input.resource_changes)
}

main if {
    allow
}
","terraform {
  required_version = "">= 1.15.0""

  required_providers {
    aws = {
      source  = ""hashicorp/aws""
      version = ""~> 6.0""
    }
  }
}

resource ""aws_dax_parameter_group"" ""example"" {
  name = ""example""

  parameters {
    name  = ""query-ttl-millis""
    value = ""100000""
  }

  parameters {
    name  = ""record-ttl-millis""
    value = ""100000""
  }
}
",resource_changes,False,autoiac-project/iac-eval,>= 1.15.0,1.16.1
aws/task-171,aws,3,"aws_dax_subnet_group, aws_subnet, aws_vpc","# Task 171


Create a custom DAX subnet group

## Intent

create subnets -> create subnet groups",create subnets -> create subnet groups,"package terraform.policy

import rego.v1

default allow = false

# Check if the AWS DynamoDB table is being created in us-east-1
aws_dax_subnet_group_valid(resources) if {
    some resource in resources
    resource.type == ""aws_dax_subnet_group""
}

# Aggregate all checks
allow if {
    aws_dax_subnet_group_valid(input.resource_changes)
}

main if {
    allow
}
","terraform {
  required_version = "">= 1.15.0""

  required_providers {
    aws = {
      source  = ""hashicorp/aws""
      version = ""~> 6.0""
    }
  }
}

resource ""aws_vpc"" ""main"" {
  cidr_block = ""10.0.0.0/16""
}

resource ""aws_subnet"" ""example1"" {
  vpc_id     = aws_vpc.main.id
  cidr_block = ""10.0.1.0/24""
}

resource ""aws_subnet"" ""example2"" {
  vpc_id     = aws_vpc.main.id
  cidr_block = ""10.0.1.0/24""
}

resource ""aws_dax_subnet_group"" ""example"" {
  name       = ""example""
  subnet_ids = [aws_subnet.example1.id, aws_subnet.example2.id]
}
",resource_changes,False,autoiac-project/iac-eval,>= 1.15.0,1.16.1
aws/task-172,aws,1,aws_dynamodb_table,"# Task 172


Configure on-demand capacity mode for a DynamoDB table.

## Intent

dynamodb table -> hash_key, name, attribute (name, type), billing mode pay per read","dynamodb table -> hash_key, name, attribute (name, type), billing mode pay per read","package terraform.policy

import rego.v1

default allow = false

# Check if the AWS DynamoDB table is being created in us-east-1
aws_dynamodb_table_valid(resources) if {
    some resource in resources
    resource.type == ""aws_dynamodb_table""
    resource.change.after.billing_mode == ""PAY_PER_REQUEST""
}

# Aggregate all checks
allow if {
    aws_dynamodb_table_valid(input.resource_changes)
}

main if {
    allow
}
","terraform {
  required_version = "">= 1.15.0""

  required_providers {
    aws = {
      source  = ""hashicorp/aws""
      version = ""~> 6.0""
    }
  }
}

resource ""aws_dynamodb_table"" ""basic-dynamodb-table"" {
  name           = ""example""
  billing_mode   = ""PAY_PER_REQUEST""
  hash_key       = ""UserId""

  attribute {
    name = ""UserId""
    type = ""S""
  }
}
",resource_changes,False,autoiac-project/iac-eval,>= 1.15.0,1.16.1
aws/task-173,aws,3,"aws_iam_policy_document, aws_iam_role, aws_sagemaker_domain, aws_subnet, aws_vpc","# Task 173


Create a SageMaker Domain resource.

## Intent

Has a sagemaker domain resources which requires a an iam role and a subnet",Has a sagemaker domain resources which requires a an iam role and a subnet,"package terraform.policy

import rego.v1

default allow = false


aws_sagemaker_domain_valid(resources) if {
    some resource in resources
    resource.type == ""aws_sagemaker_domain""
}

aws_iam_role_valid(resources) if {
    some resource in resources
    resource.type == ""aws_iam_role""
}

aws_vpc_valid(resources) if {
    some resource in resources
    resource.type == ""aws_vpc""
}

aws_subnet_valid(resources) if {
    some resource in resources
    resource.type == ""aws_subnet""
}

# Aggregate all checks
allow if {
    aws_sagemaker_domain_valid(input.resource_changes)
    aws_iam_role_valid(input.resource_changes)
    aws_vpc_valid(input.resource_changes)
    aws_subnet_valid(input.resource_changes)
}

main if {
    allow
}
","terraform {
  required_version = "">= 1.15.0""

  required_providers {
    aws = {
      source  = ""hashicorp/aws""
      version = ""~> 6.0""
    }
  }
}

resource ""aws_vpc"" ""example"" {
  cidr_block = ""10.0.0.0/16""
}

resource ""aws_subnet"" ""example"" {
  vpc_id     = aws_vpc.example.id
  cidr_block = ""10.0.1.0/24""
}

resource ""aws_sagemaker_domain"" ""example"" {
  domain_name = ""example""
  auth_mode   = ""IAM""
  vpc_id      = aws_vpc.example.id
  subnet_ids  = [aws_subnet.example.id]

  default_user_settings {
    execution_role = aws_iam_role.example.arn
  }
}

resource ""aws_iam_role"" ""example"" {
  name               = ""example""
  path               = ""/""
  assume_role_policy = data.aws_iam_policy_document.example.json
}

data ""aws_iam_policy_document"" ""example"" {
  statement {
    actions = [""sts:AssumeRole""]

    principals {
      type        = ""Service""
      identifiers = [""sagemaker.amazonaws.com""]
    }
  }
}
",resource_changes,False,autoiac-project/iac-eval,>= 1.15.0,1.16.1
aws/task-174,aws,4,"aws_iam_policy_document, aws_iam_role, aws_sagemaker_domain, aws_sagemaker_user_profile, aws_subnet, aws_vpc","# Task 174


Create a SageMaker user profile resource

## Intent

Has a sagemaker user profile resource which depends on a sagemaker domain resource",Has a sagemaker user profile resource which depends on a sagemaker domain resource,"package terraform.policy

import rego.v1

default allow = false


aws_sagemaker_domain_valid(resources) if {
    some resource in resources
    resource.type == ""aws_sagemaker_domain""
}

aws_iam_role_valid(resources) if {
    some resource in resources
    resource.type == ""aws_iam_role""
}

aws_vpc_valid(resources) if {
    some resource in resources
    resource.type == ""aws_vpc""
}

aws_subnet_valid(resources) if {
    some resource in resources
    resource.type == ""aws_subnet""
}

aws_sagemaker_user_profile_valid(resources) if {
    some resource in resources
    resource.type == ""aws_sagemaker_user_profile""
}

# Aggregate all checks
allow if {
    aws_sagemaker_domain_valid(input.resource_changes)
    aws_iam_role_valid(input.resource_changes)
    aws_vpc_valid(input.resource_changes)
    aws_subnet_valid(input.resource_changes)
    aws_sagemaker_user_profile_valid(input.resource_changes)
}

main if {
    allow
}
","terraform {
  required_version = "">= 1.15.0""

  required_providers {
    aws = {
      source  = ""hashicorp/aws""
      version = ""~> 6.0""
    }
  }
}

provider ""aws"" {
  region = ""us-east-1""
}

resource ""aws_vpc"" ""example"" {
  cidr_block = ""10.0.0.0/16""
}

resource ""aws_subnet"" ""example"" {
  vpc_id     = aws_vpc.example.id
  cidr_block = ""10.0.1.0/24""
}

resource ""aws_sagemaker_domain"" ""example"" {
  domain_name = ""example""
  auth_mode   = ""IAM""
  vpc_id      = aws_vpc.example.id
  subnet_ids  = [aws_subnet.example.id]

  default_user_settings {
    execution_role = aws_iam_role.example.arn
  }
}

resource ""aws_iam_role"" ""example"" {
  name               = ""example""
  path               = ""/""
  assume_role_policy = data.aws_iam_policy_document.example.json
}

data ""aws_iam_policy_document"" ""example"" {
  statement {
    actions = [""sts:AssumeRole""]

    principals {
      type        = ""Service""
      identifiers = [""sagemaker.amazonaws.com""]
    }
  }
}

resource ""aws_sagemaker_user_profile"" ""example"" {
  domain_id         = aws_sagemaker_domain.example.id
  user_profile_name = ""example""
}
",resource_changes,False,autoiac-project/iac-eval,>= 1.15.0,1.16.1
aws/task-175,aws,4,"aws_iam_policy_document, aws_iam_role, aws_sagemaker_domain, aws_sagemaker_space, aws_subnet, aws_vpc","# Task 175


Create a sagemaker space resource.

## Intent",,"package terraform.policy

import rego.v1

default allow = false


aws_sagemaker_domain_valid(resources) if {
    some resource in resources
    resource.type == ""aws_sagemaker_domain""
}

aws_iam_role_valid(resources) if {
    some resource in resources
    resource.type == ""aws_iam_role""
}

aws_vpc_valid(resources) if {
    some resource in resources
    resource.type == ""aws_vpc""
}

aws_subnet_valid(resources) if {
    some resource in resources
    resource.type == ""aws_subnet""
}

aws_sagemaker_space_valid(resources) if {
    some resource in resources
    resource.type == ""aws_sagemaker_space""
}

# Aggregate all checks
allow if {
    aws_sagemaker_domain_valid(input.resource_changes)
    aws_iam_role_valid(input.resource_changes)
    aws_vpc_valid(input.resource_changes)
    aws_subnet_valid(input.resource_changes)
    aws_sagemaker_space_valid(input.resource_changes)
}

main if {
    allow
}
","terraform {
  required_version = "">= 1.15.0""

  required_providers {
    aws = {
      source  = ""hashicorp/aws""
      version = ""~> 6.0""
    }
  }
}

provider ""aws"" {
  region = ""us-east-1""
}

resource ""aws_vpc"" ""example"" {
  cidr_block = ""10.0.0.0/16""
}

resource ""aws_subnet"" ""example"" {
  vpc_id     = aws_vpc.example.id
  cidr_block = ""10.0.1.0/24""
}

resource ""aws_sagemaker_domain"" ""example"" {
  domain_name = ""example""
  auth_mode   = ""IAM""
  vpc_id      = aws_vpc.example.id
  subnet_ids  = [aws_subnet.example.id]

  default_user_settings {
    execution_role = aws_iam_role.example.arn
  }
}

resource ""aws_iam_role"" ""example"" {
  name               = ""example""
  path               = ""/""
  assume_role_policy = data.aws_iam_policy_document.example.json
}

data ""aws_iam_policy_document"" ""example"" {
  statement {
    actions = [""sts:AssumeRole""]

    principals {
      type        = ""Service""
      identifiers = [""sagemaker.amazonaws.com""]
    }
  }
}

resource ""aws_sagemaker_space"" ""example"" {
  domain_id  = aws_sagemaker_domain.example.id
  space_name = ""example""
}
",resource_changes,False,autoiac-project/iac-eval,>= 1.15.0,1.16.1
aws/task-176,aws,5,"aws_iam_policy_document, aws_iam_role, aws_sagemaker_app, aws_sagemaker_domain, aws_sagemaker_user_profile, aws_subnet, aws_vpc","# Task 176


Create a sagemaker_app resource configured to be a JupyterServer.

## Intent",,"package terraform.policy

import rego.v1

default allow = false


aws_sagemaker_domain_valid(resources) if {
    some resource in resources
    resource.type == ""aws_sagemaker_domain""
}

aws_iam_role_valid(resources) if {
    some resource in resources
    resource.type == ""aws_iam_role""
}

aws_vpc_valid(resources) if {
    some resource in resources
    resource.type == ""aws_vpc""
}

aws_subnet_valid(resources) if {
    some resource in resources
    resource.type == ""aws_subnet""
}

aws_sagemaker_user_profile_valid(resources) if {
    some resource in resources
    resource.type == ""aws_sagemaker_user_profile""
}

aws_sagemaker_app_valid(resources) if {
    some resource in resources
    resource.type == ""aws_sagemaker_app""
}

# Aggregate all checks
allow if {
    aws_sagemaker_domain_valid(input.resource_changes)
    aws_iam_role_valid(input.resource_changes)
    aws_vpc_valid(input.resource_changes)
    aws_subnet_valid(input.resource_changes)
    aws_sagemaker_user_profile_valid(input.resource_changes)
    aws_sagemaker_app_valid(input.resource_changes)
}

main if {
    allow
}
","terraform {
  required_version = "">= 1.15.0""

  required_providers {
    aws = {
      source  = ""hashicorp/aws""
      version = ""~> 6.0""
    }
  }
}

provider ""aws"" {
  region  = ""us-east-1""
}

resource ""aws_vpc"" ""example"" {
  cidr_block = ""10.0.0.0/16""
}

resource ""aws_subnet"" ""example"" {
  vpc_id     = aws_vpc.example.id
  cidr_block = ""10.0.1.0/24""
}

resource ""aws_iam_role"" ""example"" {
  name               = ""example""
  path               = ""/""
  assume_role_policy = data.aws_iam_policy_document.example.json
}

data ""aws_iam_policy_document"" ""example"" {
  statement {
    actions = [""sts:AssumeRole""]

    principals {
      type        = ""Service""
      identifiers = [""sagemaker.amazonaws.com""]
    }
  }
}

resource ""aws_sagemaker_domain"" ""example"" {
  domain_name = ""example""
  auth_mode   = ""IAM""
  vpc_id      = aws_vpc.example.id
  subnet_ids  = [aws_subnet.example.id]

  default_user_settings {
    execution_role = aws_iam_role.example.arn
  }
}

resource ""aws_sagemaker_user_profile"" ""example"" {
  domain_id         = aws_sagemaker_domain.example.id
  user_profile_name = ""example""
}

resource ""aws_sagemaker_app"" ""example"" {
  domain_id         = aws_sagemaker_domain.example.id
  user_profile_name = aws_sagemaker_user_profile.example.user_profile_name
  app_name          = ""example""
  app_type          = ""JupyterServer""
}
",resource_changes,False,autoiac-project/iac-eval,>= 1.15.0,1.16.1
aws/task-177,aws,1,aws_sagemaker_code_repository,"# Task 177


Create a sagemaker_code_repository to aws_sagemaker_code_repository to ""https://github.com/hashicorp/terraform-provider-aws.git""

## Intent",,"package terraform.policy

import rego.v1

default allow = false


aws_sagemaker_code_repository_valid(resources) if {
    some resource in resources
    resource.type == ""aws_sagemaker_code_repository""
    resource.change.after.git_config[0].repository_url ==  ""https://github.com/hashicorp/terraform-provider-aws.git""
}

# Aggregate all checks
allow if {
    aws_sagemaker_code_repository_valid(input.resource_changes)
}

main if {
    allow
}
","terraform {
  required_version = "">= 1.15.0""

  required_providers {
    aws = {
      source  = ""hashicorp/aws""
      version = ""~> 6.0""
    }
  }
}

resource ""aws_sagemaker_code_repository"" ""example"" {
  code_repository_name = ""example""

  git_config {
    repository_url = ""https://github.com/hashicorp/terraform-provider-aws.git""
  }
}
",resource_changes,False,autoiac-project/iac-eval,>= 1.15.0,1.16.1
aws/task-178,aws,2,"aws_iam_policy_document, aws_iam_role, aws_sagemaker_image","# Task 178


Create a aws_sagemaker_image

## Intent",,"package terraform.policy

import rego.v1

default allow = false

aws_iam_role_valid(resources) if {
    some resource in resources
    resource.type == ""aws_iam_role""
}

aws_sagemaker_image_valid(resources) if {
    some resource in resources
    resource.type == ""aws_sagemaker_image""
}


# Aggregate all checks
allow if {
    aws_sagemaker_image_valid(input.resource_changes)
    aws_iam_role_valid(input.resource_changes)
}

main if {
    allow
}
","terraform {
  required_version = "">= 1.15.0""

  required_providers {
    aws = {
      source  = ""hashicorp/aws""
      version = ""~> 6.0""
    }
  }
}

resource ""aws_iam_role"" ""example"" {
  name               = ""example""
  path               = ""/""
  assume_role_policy = data.aws_iam_policy_document.example.json
}

data ""aws_iam_policy_document"" ""example"" {
  statement {
    actions = [""sts:AssumeRole""]

    principals {
      type        = ""Service""
      identifiers = [""sagemaker.amazonaws.com""]
    }
  }
}

resource ""aws_sagemaker_image"" ""example"" {
  image_name = ""example""
  role_arn   = aws_iam_role.example.arn
}
",resource_changes,False,autoiac-project/iac-eval,>= 1.15.0,1.16.1
aws/task-179,aws,3,"aws_iam_policy_document, aws_iam_role, aws_sagemaker_model, aws_sagemaker_prebuilt_ecr_image","# Task 179


Create an aws_sagemaker_model running the kmeans image.

## Intent",,"package terraform.policy

import rego.v1

default allow = false

aws_iam_role_valid(resources) if {
	some resource in resources
	resource.type == ""aws_iam_role""
}

aws_sagemaker_model_valid(resources) if {
	some resource in resources
	resource.type == ""aws_sagemaker_model""
	contains(resource.change.after.primary_container[0].image, ""kmeans"")
}

# Aggregate all checks
allow if {
	aws_iam_role_valid(input.resource_changes)
	aws_sagemaker_model_valid(input.resource_changes)
}

main if {
    allow
}
","terraform {
  required_version = "">= 1.15.0""

  required_providers {
    aws = {
      source  = ""hashicorp/aws""
      version = ""~> 6.0""
    }
  }
}

provider ""aws"" {
  region = ""us-west-2""
}

resource ""aws_sagemaker_model"" ""example"" {
  name               = ""my-model""
  execution_role_arn = aws_iam_role.example.arn

  primary_container {
    image = data.aws_sagemaker_prebuilt_ecr_image.test.registry_path
  }
}

resource ""aws_iam_role"" ""example"" {
  assume_role_policy = data.aws_iam_policy_document.assume_role.json
}

data ""aws_iam_policy_document"" ""assume_role"" {
  statement {
    actions = [""sts:AssumeRole""]

    principals {
      type        = ""Service""
      identifiers = [""sagemaker.amazonaws.com""]
    }
  }
}

data ""aws_sagemaker_prebuilt_ecr_image"" ""test"" {
  repository_name = ""kmeans""
}
",resource_changes,False,autoiac-project/iac-eval,>= 1.15.0,1.16.1
aws/task-180,aws,3,"aws_iam_policy_document, aws_iam_role, aws_sagemaker_notebook_instance, aws_sagemaker_prebuilt_ecr_image","# Task 180


Create an aws_sagemaker_notebook_instance on an ml.t2.medium

## Intent",,"package terraform.policy

import rego.v1

default allow = false

aws_iam_role_valid(resources) if {
    some resource in resources
    resource.type == ""aws_iam_role""
}

aws_sagemaker_notebook_instance_valid(resources) if {
    some resource in resources
    resource.type == ""aws_sagemaker_notebook_instance""
    resource.change.after.instance_type == ""ml.t2.medium""
}

# Aggregate all checks
allow if {
    aws_iam_role_valid(input.resource_changes)
    aws_sagemaker_notebook_instance_valid(input.resource_changes)
}

main if {
    allow
}
","terraform {
  required_version = "">= 1.15.0""

  required_providers {
    aws = {
      source  = ""hashicorp/aws""
      version = ""~> 6.0""
    }
  }
}

resource ""aws_sagemaker_notebook_instance"" ""ni"" {
  name          = ""my-notebook-instance""
  role_arn      = aws_iam_role.example.arn
  instance_type = ""ml.t2.medium""
}

resource ""aws_iam_role"" ""example"" {
  assume_role_policy = data.aws_iam_policy_document.assume_role.json
}

data ""aws_iam_policy_document"" ""assume_role"" {
  statement {
    actions = [""sts:AssumeRole""]

    principals {
      type        = ""Service""
      identifiers = [""sagemaker.amazonaws.com""]
    }
  }
}

data ""aws_sagemaker_prebuilt_ecr_image"" ""test"" {
  repository_name = ""kmeans""
}
",resource_changes,False,autoiac-project/iac-eval,>= 1.15.0,1.16.1
aws/task-181,aws,3,"aws_iam_policy_document, aws_iam_role, aws_sagemaker_code_repository, aws_sagemaker_notebook_instance, aws_sagemaker_prebuilt_ecr_image","# Task 181


Create an aws_sagemaker_notebook instance from ""https://github.com/hashicorp/terraform-provider-aws.git""

## Intent",,"package terraform.policy

import rego.v1

default allow = false

aws_iam_role_valid(resources) if {
    some resource in resources
    resource.type == ""aws_iam_role""
}

aws_sagemaker_code_repository_valid(resources) if {
    some resource in resources
    resource.type == ""aws_sagemaker_code_repository""
    resource.change.after.git_config[0].repository_url ==  ""https://github.com/hashicorp/terraform-provider-aws.git""
}

aws_sagemaker_notebook_instance_valid(resources) if {
    some resource in resources
    resource.type == ""aws_sagemaker_notebook_instance""
    resource.change.after.default_code_repository != null
}

# Aggregate all checks
allow if {
    aws_iam_role_valid(input.resource_changes)
    aws_sagemaker_code_repository_valid(input.resource_changes)
    aws_sagemaker_notebook_instance_valid(input.resource_changes)
}

main if {
    allow
}
","terraform {
  required_version = "">= 1.15.0""

  required_providers {
    aws = {
      source  = ""hashicorp/aws""
      version = ""~> 6.0""
    }
  }
}

resource ""aws_sagemaker_code_repository"" ""example"" {
  code_repository_name = ""my-notebook-instance-code-repo""

  git_config {
    repository_url = ""https://github.com/hashicorp/terraform-provider-aws.git""
  }
}

resource ""aws_sagemaker_notebook_instance"" ""ni"" {
  name                    = ""my-notebook-instance""
  role_arn                = aws_iam_role.example.arn
  instance_type           = ""ml.t2.medium""
  default_code_repository = aws_sagemaker_code_repository.example.code_repository_name
}

resource ""aws_iam_role"" ""example"" {
  assume_role_policy = data.aws_iam_policy_document.assume_role.json
}

data ""aws_iam_policy_document"" ""assume_role"" {
  statement {
    actions = [""sts:AssumeRole""]

    principals {
      type        = ""Service""
      identifiers = [""sagemaker.amazonaws.com""]
    }
  }
}

data ""aws_sagemaker_prebuilt_ecr_image"" ""test"" {
  repository_name = ""kmeans""
}
",resource_changes,False,autoiac-project/iac-eval,>= 1.15.0,1.16.1
aws/task-182,aws,3,"aws_iam_policy_document, aws_iam_role, aws_sagemaker_pipeline, aws_sagemaker_prebuilt_ecr_image","# Task 182


Create a SageMaker Pipeline resource.

## Intent",,"package terraform.policy

import rego.v1

default allow = false

aws_iam_role_valid(resources) if {
    some resource in resources
    resource.type == ""aws_iam_role""
}

aws_sagemaker_pipeline_valid(resources) if {
    some resource in resources
    resource.type == ""aws_sagemaker_pipeline""
}

# Aggregate all checks
allow if {
    aws_iam_role_valid(input.resource_changes)
    aws_sagemaker_pipeline_valid(input.resource_changes)
}

main if {
    allow
}
","terraform {
  required_version = "">= 1.15.0""

  required_providers {
    aws = {
      source  = ""hashicorp/aws""
      version = ""~> 6.0""
    }
  }
}

resource ""aws_sagemaker_pipeline"" ""example"" {
  pipeline_name         = ""example""
  pipeline_display_name = ""example""
  role_arn              = aws_iam_role.example.arn

  pipeline_definition = jsonencode({
    Version = ""2020-12-01""
    Steps = [{
      Name = ""Test""
      Type = ""Fail""
      Arguments = {
        ErrorMessage = ""test""
      }
    }]
  })
}

resource ""aws_iam_role"" ""example"" {
  assume_role_policy = data.aws_iam_policy_document.assume_role.json
}

data ""aws_iam_policy_document"" ""assume_role"" {
  statement {
    actions = [""sts:AssumeRole""]

    principals {
      type        = ""Service""
      identifiers = [""sagemaker.amazonaws.com""]
    }
  }
}

data ""aws_sagemaker_prebuilt_ecr_image"" ""test"" {
  repository_name = ""kmeans""
}
",resource_changes,False,autoiac-project/iac-eval,>= 1.15.0,1.16.1
aws/task-183,aws,1,aws_sagemaker_human_task_ui,"# Task 183


Create a SageMaker Human Task UI resource with inline ui_template content set to exactly:
```
<h1>
    TEST
</h1>
```
Do not use `file()` to read from an external file — provide the content inline.

## Intent

Has one ""aws_sagemaker_human_task_ui"" resource with ui_template content matching the specified HTML.",,"package terraform.policy

import rego.v1

default allow = false

aws_sagemaker_human_task_ui_valid(resources) if {
    some resource in resources
    resource.type == ""aws_sagemaker_human_task_ui""
    resource.change.after.ui_template[0].content == ""\u003ch1\u003e\n    TEST\n\u003c/h1\u003e""

}

# Aggregate all checks
allow if {
    aws_sagemaker_human_task_ui_valid(input.resource_changes)
}

main if {
    allow
}
","terraform {
  required_version = "">= 1.15.0""

  required_providers {
    aws = {
      source  = ""hashicorp/aws""
      version = ""~> 6.0""
    }
  }
}

resource ""aws_sagemaker_human_task_ui"" ""example"" {
  human_task_ui_name = ""example""

  ui_template {
    content = ""<h1>\n    TEST\n</h1>""
  }
}
",resource_changes,False,autoiac-project/iac-eval,>= 1.15.0,1.16.1
aws/task-184,aws,3,"aws_iam_policy_document, aws_iam_role, aws_sagemaker_endpoint_configuration, aws_sagemaker_model, aws_sagemaker_prebuilt_ecr_image","# Task 184


Create a SageMaker endpoint cofiguration for a sagemaker_model

## Intent",,"package terraform.policy

import rego.v1

default allow = false

aws_iam_role_valid(resources) if {
    some resource in resources
    resource.type == ""aws_iam_role""
}

aws_sagemaker_model_valid(resources) if {
    some resource in resources
    resource.type == ""aws_sagemaker_model""
}

aws_sagemaker_endpoint_configuration_valid(resources) if {
    some resource in resources
    resource.type == ""aws_sagemaker_endpoint_configuration""
}

# Aggregate all checks
allow if {
    aws_iam_role_valid(input.resource_changes)
    aws_sagemaker_model_valid(input.resource_changes)
    aws_sagemaker_endpoint_configuration_valid(input.resource_changes)
}

main if {
    allow
}
","terraform {
  required_version = "">= 1.15.0""

  required_providers {
    aws = {
      source  = ""hashicorp/aws""
      version = ""~> 6.0""
    }
  }
}

resource ""aws_sagemaker_model"" ""example"" {
  name               = ""my-model""
  execution_role_arn = aws_iam_role.example.arn

  primary_container {
    image = data.aws_sagemaker_prebuilt_ecr_image.test.registry_path
  }
}

resource ""aws_iam_role"" ""example"" {
  assume_role_policy = data.aws_iam_policy_document.assume_role.json
}

data ""aws_iam_policy_document"" ""assume_role"" {
  statement {
    actions = [""sts:AssumeRole""]

    principals {
      type        = ""Service""
      identifiers = [""sagemaker.amazonaws.com""]
    }
  }
}

data ""aws_sagemaker_prebuilt_ecr_image"" ""test"" {
  repository_name = ""kmeans""
}

resource ""aws_sagemaker_endpoint_configuration"" ""ec"" {
  name = ""my-endpoint-config""

  production_variants {
    variant_name           = ""variant-1""
    model_name             = aws_sagemaker_model.example.name
    initial_instance_count = 1
    instance_type          = ""ml.t2.medium""
  }

}
",resource_changes,False,autoiac-project/iac-eval,>= 1.15.0,1.16.1
aws/task-185,aws,3,"aws_iam_policy_document, aws_iam_role, aws_sagemaker_endpoint, aws_sagemaker_endpoint_configuration, aws_sagemaker_model, aws_sagemaker_prebuilt_ecr_image","# Task 185


Create a SageMaker endpoint

## Intent",,"package terraform.policy

import rego.v1

default allow = false

aws_iam_role_valid(resources) if {
    some resource in resources
    resource.type == ""aws_iam_role""
}

aws_sagemaker_model_valid(resources) if {
    some resource in resources
    resource.type == ""aws_sagemaker_model""
}

aws_sagemaker_endpoint_configuration_valid(resources) if {
    some resource in resources
    resource.type == ""aws_sagemaker_endpoint_configuration""
}

aws_sagemaker_endpoint_valid(resources) if {
    some resource in resources
    resource.type == ""aws_sagemaker_endpoint""
}

# Aggregate all checks
allow if {
    aws_iam_role_valid(input.resource_changes)
    aws_sagemaker_model_valid(input.resource_changes)
    aws_sagemaker_endpoint_configuration_valid(input.resource_changes)
    aws_sagemaker_endpoint_valid(input.resource_changes)
}

main if {
    allow
}
","terraform {
  required_version = "">= 1.15.0""

  required_providers {
    aws = {
      source  = ""hashicorp/aws""
      version = ""~> 6.0""
    }
  }
}

resource ""aws_sagemaker_model"" ""example"" {
  name               = ""my-model""
  execution_role_arn = aws_iam_role.example.arn

  primary_container {
    image = data.aws_sagemaker_prebuilt_ecr_image.test.registry_path
  }
}

resource ""aws_iam_role"" ""example"" {
  assume_role_policy = data.aws_iam_policy_document.assume_role.json
}

data ""aws_iam_policy_document"" ""assume_role"" {
  statement {
    actions = [""sts:AssumeRole""]

    principals {
      type        = ""Service""
      identifiers = [""sagemaker.amazonaws.com""]
    }
  }
}

data ""aws_sagemaker_prebuilt_ecr_image"" ""test"" {
  repository_name = ""kmeans""
}

resource ""aws_sagemaker_endpoint_configuration"" ""ec"" {
  name = ""my-endpoint-config""

  production_variants {
    variant_name           = ""variant-1""
    model_name             = aws_sagemaker_model.example.name
    initial_instance_count = 1
    instance_type          = ""ml.t2.medium""
  }

}

resource ""aws_sagemaker_endpoint"" ""e"" {
  name                 = ""my-endpoint""
  endpoint_config_name = aws_sagemaker_endpoint_configuration.ec.name

}
",resource_changes,False,autoiac-project/iac-eval,>= 1.15.0,1.16.1
aws/task-186,aws,3,"archive_file, aws_iam_policy_document, aws_iam_role, aws_lambda_function","# Task 186


Create an AWS Lambda function. The function should be triggered by a nodejs18 runtime,use a ""lambda.js"" as the source code and a ""index.js"" as the handler. Please declare all necessary resources.

## Intent

Needs to have a defined IAM role. Data for a .zip file, with source file = lambda.js, function name can be anything. For the aws_lambda_function use the defined zip, function name, set handler to anything, and runtime to ""nodejs.18x""","Needs to have a defined IAM role. Data for a .zip file, with source file = lambda.js, function name can be anything. For the aws_lambda_function use the defined zip, function name, set handler to anything, and runtime to ""nodejs.18x""","package terraform.policy

import rego.v1

default allow = false

aws_iam_role_for_lambda_valid(resources) if {
    some resource in resources
    resource.type == ""aws_iam_role""
}

aws_lambda_function_valid(resources) if {
    some resource in resources
    resource.type == ""aws_lambda_function""
    resource.change.after.runtime == ""nodejs18.x""
    resource.change.after.handler == ""index.test""
    resource.change.after.filename == ""lambda_function_payload.zip""
}

allow if {
    aws_iam_role_for_lambda_valid(input.resource_changes)
    aws_lambda_function_valid(input.resource_changes)
}

main if {
    allow
}
","terraform {
  required_version = "">= 1.15.0""

  required_providers {
    aws = {
      source  = ""hashicorp/aws""
      version = ""~> 6.0""
    }
  }
}

data ""aws_iam_policy_document"" ""assume_role"" {
  statement {
    effect = ""Allow""

    principals {
      type        = ""Service""
      identifiers = [""lambda.amazonaws.com""]
    }

    actions = [""sts:AssumeRole""]
  }
}

resource ""aws_iam_role"" ""iam_for_lambda"" {
  name               = ""iam_for_lambda""
  assume_role_policy = data.aws_iam_policy_document.assume_role.json
}

data ""archive_file"" ""lambda"" {
  type        = ""zip""
  output_path = ""${path.module}/lambda_function_payload.zip""

  source {
    content  = ""exports.handler = async (event) => ({ statusCode: 200, body: 'OK' });""
    filename = ""lambda.js""
  }
}

resource ""aws_lambda_function"" ""test_lambda"" {
  filename      = ""lambda_function_payload.zip""
  function_name = ""lambda_function_name""
  role          = aws_iam_role.iam_for_lambda.arn
  handler       = ""index.test""

  runtime = ""nodejs18.x""
}
",resource_changes,False,autoiac-project/iac-eval,>= 1.15.0,1.16.1
aws/task-187,aws,3,"aws_ami, aws_instance","# Task 187


Create the latest Amazon Linux 2 AMI with cpu count= 2 and cores per threads per core= 2

## Intent

create aws_ami resource with cpu_count = 2 and cores_per_thread=2",create aws_ami resource with cpu_count = 2 and cores_per_thread=2,"package terraform.policy

import rego.v1

default allow = false

allow if {
    check_aws_instance(input.resource_changes)
}

check_aws_instance(resources) if {
    some resource in resources
    resource.type == ""aws_instance""
    check_cpu_options(resource)
}

check_cpu_options(aws_instance) if {
	aws_instance.change.after.cpu_options[0].core_count == 2
	aws_instance.change.after.cpu_options[0].threads_per_core == 2
}

main if {
    allow
}
","terraform {
  required_version = "">= 1.15.0""

  required_providers {
    aws = {
      source  = ""hashicorp/aws""
      version = ""~> 6.0""
    }
  }
}

provider ""aws"" {
  # Configure your AWS provider settings here
  region = ""us-east-1""  # Update with your desired AWS region
}

data ""aws_ami"" ""latest_amazon_linux_2"" {
  most_recent = true

  owners = [""amazon""]

  filter {
    name   = ""name""
    values = [""amzn2-ami-hvm-*-x86_64-gp2""]
  }

  filter {
    name   = ""root-device-type""
    values = [""ebs""]
  }
}

resource ""aws_instance"" ""example_instance"" {
  ami           = data.aws_ami.latest_amazon_linux_2.id
  instance_type = ""t3.2xlarge""

  cpu_options {
    core_count       = 2
    threads_per_core = 2
  }
}
",resource_changes,False,autoiac-project/iac-eval,>= 1.15.0,1.16.1
aws/task-189,aws,4,"aws_ami, aws_instance, aws_subnet, aws_vpc","# Task 189


Create two subnets in us-east-1a and us-east-1b with the latest Amazon Linux 2 AMI instance in each with t2.micro instance type and an attached EBS volume of 50 GB.

## Intent

Create a VPC, 2 subnets, and ec2 instance in each subnet with latest Amazon Linux 2 AMI, with t2.micro instance type and an attached EBS volume of 50 GB.","Create a VPC, 2 subnets, and ec2 instance in each subnet with latest Amazon Linux 2 AMI, with t2.micro instance type and an attached EBS volume of 50 GB.","package terraform.policy

import rego.v1

default allow = false

allow if {
    count(aws_instances) == 2
    subnet_a_exists(input.resource_changes)
    subnet_b_exists(input.resource_changes)
}

aws_instances contains resource if {
    resource := input.resource_changes[_]
    resource.type == ""aws_instance""
    check_ami(resource)
    check_instance_type(resource)
    check_root_block_device(resource)
}

subnet_a_exists(resources) if {
    some resource in resources
    resource.type == ""aws_subnet""
    resource.change.after.availability_zone == ""us-east-1a""
    resource.change.after.cidr_block == ""10.0.1.0/24""
}

subnet_b_exists(resources) if {
    some resource in resources
    resource.type == ""aws_subnet""
    resource.change.after.availability_zone == ""us-east-1b""
    resource.change.after.cidr_block == ""10.0.2.0/24""
}

check_aws_instance(resources) if {
    some resource in resources
    resource.type == ""aws_instance""
    check_ami(resource)
    check_instance_type(resource)
    check_root_block_device(resource)
}

check_ami(aws_instance) if {
    aws_instance.change.after.ami != null
    aws_instance.change.after.ami != """"
}

check_instance_type(aws_instance) if {
    aws_instance.change.after.instance_type == ""t2.micro""
}

check_root_block_device(aws_instance) if {
    aws_instance.change.after.root_block_device[0].volume_size == 50
}

main if {
    allow
}
","terraform {
  required_version = "">= 1.15.0""

  required_providers {
    aws = {
      source  = ""hashicorp/aws""
      version = ""~> 6.0""
    }
  }
}

provider ""aws"" {
  region = ""us-east-1""
}

data ""aws_ami"" ""latest_amazon_linux_2"" {
  most_recent = true

  owners = [""amazon""]

  filter {
    name   = ""name""
    values = [""amzn2-ami-hvm-*-x86_64-gp2""]
  }

  filter {
    name   = ""root-device-type""
    values = [""ebs""]
  }
}

resource ""aws_vpc"" ""my_vpc"" {
  cidr_block = ""10.0.0.0/16""
}

data ""aws_availability_zones"" ""azs"" {
    state = ""available""
}

# Create Subnet in us-east-1a
resource ""aws_subnet"" ""subnet_a"" {
  vpc_id            = aws_vpc.my_vpc.id
  cidr_block        = ""10.0.1.0/24""
  availability_zone = data.aws_availability_zones.azs.names[0]
}

# Create Subnet in us-east-1b
resource ""aws_subnet"" ""subnet_b"" {
  vpc_id            = aws_vpc.my_vpc.id
  cidr_block        = ""10.0.2.0/24""
  availability_zone = data.aws_availability_zones.azs.names[1]
}

# Create an EC2 instance in Subnet A
resource ""aws_instance"" ""ec2_instance_a"" {
  ami           = data.aws_ami.latest_amazon_linux_2.id
  instance_type = ""t2.micro""
  subnet_id     = aws_subnet.subnet_a.id

  root_block_device {
    volume_size = 50
  }
}

# # Create an EC2 instance in Subnet B
resource ""aws_instance"" ""ec2_instance_b"" {
  ami           = data.aws_ami.latest_amazon_linux_2.id
  instance_type = ""t2.micro""
  subnet_id     = aws_subnet.subnet_b.id

  root_block_device {
    volume_size = 50
  }
}
",resource_changes,False,autoiac-project/iac-eval,>= 1.15.0,1.16.1
aws/task-190,aws,5,"aws_ami, aws_autoscaling_group, aws_ec2_fleet, aws_launch_template, aws_subnet, aws_vpc","# Task 190


Create a public and private subnet. Define an EC2 Fleet of the newest AWS Linux 2 with 5 On-Demand and 4 Spot Instances using launch tempaltes.

## Intent

Create VPC, public subnet in the VPC, private subnet in the VPC, aws_ec2_fleet with 5 spot and 4 on demand, and aws_autoscaling","Create VPC, public subnet in the VPC, private subnet in the VPC, aws_ec2_fleet with 5 spot and 4 on demand, and aws_autoscaling","package terraform.policy

import rego.v1

default allow = false

allow if {
    public_subnet_exists(input.resource_changes)
    private_subnet_exists(input.resource_changes)
    ec2_fleet_valid(input.resource_changes)
    launch_template_valid(input.resource_changes)
    scaling_group_valid(input.resource_changes)
}

public_subnet_exists(resources) if {
    some resource in resources
    resource.type == ""aws_subnet""
    resource.change.after.map_public_ip_on_launch == true
}

private_subnet_exists(resources) if {
    some resource in resources
    resource.type == ""aws_subnet""
    resource.change.after.map_public_ip_on_launch == false
}

ec2_fleet_valid(resources) if {
    some resource in resources
    resource.type == ""aws_ec2_fleet""
    resource.change.after.launch_template_config[0].launch_template_specification[0].version == ""$Latest""
    resource.change.after.target_capacity_specification[0].on_demand_target_capacity == 5
    resource.change.after.target_capacity_specification[0].spot_target_capacity == 4
}

launch_template_valid(resources) if {
    some resource in resources
    resource.type == ""aws_launch_template""
    resource.change.after.image_id == ""ami-0591e1c6a24d08458""
}

scaling_group_valid(resources) if {
    some resource in resources
    resource.type == ""aws_autoscaling_group""
    resource.change.after.launch_template[0].version == ""$Latest""
}

main if {
    allow
}
","terraform {
  required_version = "">= 1.15.0""

  required_providers {
    aws = {
      source  = ""hashicorp/aws""
      version = ""~> 6.0""
    }
  }
}

provider ""aws"" {
  region  = ""us-east-1""
}

# Create a Virtual Private Cloud (VPC)
resource ""aws_vpc"" ""my_vpc"" {
  cidr_block = ""10.0.0.0/16""
}

data ""aws_availability_zones"" ""available"" {
  state = ""available""
}

# Create Public Subnet
resource ""aws_subnet"" ""public_subnet"" {
  vpc_id                  = aws_vpc.my_vpc.id
  cidr_block              = ""10.0.1.0/24""
  availability_zone       = data.aws_availability_zones.available.names[0]
  map_public_ip_on_launch = true
}

# Create Private Subnet
resource ""aws_subnet"" ""private_subnet"" {
  vpc_id            = aws_vpc.my_vpc.id
  cidr_block        = ""10.0.2.0/24""
  availability_zone = data.aws_availability_zones.available.names[1]
}


data ""aws_ami"" ""latest_amazon_linux_2"" {
  most_recent = true
  owners      = [""amazon""]

  filter {
    name   = ""name""
    values = [""*ubuntu-noble-24.04-amd64-server-*""]
  }
}

# Create Launch Template for EC2 instances
resource ""aws_launch_template"" ""ec2_launch_template"" {
  name = ""my-launch-template""

  instance_type = ""t2.micro""
  image_id = data.aws_ami.latest_amazon_linux_2.id
}

# Create EC2 Fleet
resource ""aws_ec2_fleet"" ""ec2_fleet"" {
  launch_template_config {
    launch_template_specification {
      launch_template_id = aws_launch_template.ec2_launch_template.id
      version            = aws_launch_template.ec2_launch_template.latest_version
    }
  }

  target_capacity_specification {
    default_target_capacity_type = ""on-demand""
    total_target_capacity        = 9
    on_demand_target_capacity    = 5
    spot_target_capacity         = 4
  }

  excess_capacity_termination_policy = ""termination""
  replace_unhealthy_instances = true
  terminate_instances = true

  # Additional configurations can be added as needed
}
",resource_changes,False,autoiac-project/iac-eval,>= 1.15.0,1.16.1
aws/task-191,aws,5,"aws_db_instance, aws_instance, aws_security_group, aws_subnet, aws_vpc","# Task 191


Create one public subnet and two private subnets.The public subnet will run a webserver, the private subnets will have  a application server and relational databse.

## Intent",,"package terraform.policy

import rego.v1

default allow = false

allow if {
    public_subnet_exists(input.resource_changes)
    count(private_subnet_exists) == 2
    count(aws_instances) == 2
    rds_exist(input.resource_changes)
}

public_subnet_exists(resources) if {
    some resource in resources
    resource.type == ""aws_subnet""
    resource.change.after.map_public_ip_on_launch == true
}

private_subnet_exists contains resource if {
    resource := input.resource_changes[_]
    resource.type == ""aws_subnet""
    resource.change.after.map_public_ip_on_launch == false
}

rds_exist(resources) if {
    some resource in resources
    resource.type == ""aws_db_instance""
}

aws_instances contains resource if {
    resource := input.resource_changes[_]
    resource.type == ""aws_instance""
}

main if {
    allow
}
","terraform {
  required_version = "">= 1.15.0""

  required_providers {
    aws = {
      source  = ""hashicorp/aws""
      version = ""~> 6.0""
    }
  }
}

provider ""aws"" {
  region  = ""us-east-1""
}

# Create a Virtual Private Cloud (VPC)
resource ""aws_vpc"" ""my_vpc"" {
  cidr_block = ""10.0.0.0/16""
}

data ""aws_availability_zones"" ""available"" {
  state = ""available""
}

# Create Public Subnet
resource ""aws_subnet"" ""public_subnet"" {
  vpc_id                  = aws_vpc.my_vpc.id
  cidr_block              = ""10.0.1.0/24""
  availability_zone       = data.aws_availability_zones.available.names[0]
  map_public_ip_on_launch = true
}

# Create Private Subnet 1
resource ""aws_subnet"" ""private_subnet_1"" {
  vpc_id            = aws_vpc.my_vpc.id
  cidr_block        = ""10.0.2.0/24""
  availability_zone = data.aws_availability_zones.available.names[1]
}

# Create Private Subnet 2
resource ""aws_subnet"" ""private_subnet_2"" {
  vpc_id            = aws_vpc.my_vpc.id
  cidr_block        = ""10.0.3.0/24""
  availability_zone = data.aws_availability_zones.available.names[2]
}

# Create Security Group for EC2 instances
resource ""aws_security_group"" ""web_sg"" {
  vpc_id = aws_vpc.my_vpc.id
  name   = ""web_sg""

  # Define inbound and outbound rules as needed
}

data ""aws_ami"" ""latest_amazon_linux_2"" {
  most_recent = true
  owners      = [""amazon""]

  filter {
    name   = ""name""
    values = [""*ubuntu-noble-24.04-amd64-server-*""]
  }
}

# Create EC2 instance in the Public Subnet (Web Server)
resource ""aws_instance"" ""web_instance"" {
  ami             =  data.aws_ami.latest_amazon_linux_2.id
  instance_type   = ""t2.micro""
  subnet_id       = aws_subnet.public_subnet.id
  security_groups = [aws_security_group.web_sg.id]

  # Additional configurations can be added as needed
}

# Create EC2 instance in Private Subnet 1 (Application Server)
resource ""aws_instance"" ""app_instance"" {
  ami           = data.aws_ami.latest_amazon_linux_2.id
  instance_type = ""t2.micro""
  subnet_id     = aws_subnet.private_subnet_1.id

  # Additional configurations can be added as needed
}

resource ""aws_db_subnet_group"" ""main"" {
  name       = ""mydb-subnet-group""
  subnet_ids = [aws_subnet.private_subnet_1.id, aws_subnet.private_subnet_2.id]
}

# Create RDS instance in Private Subnet 2 (Database)
resource ""aws_db_instance"" ""db_instance"" {
  identifier           = ""mydb""
  engine               = ""mysql""
  instance_class       = ""db.t3.micro""
  allocated_storage    = 20
  username             = ""admin""
  password             = ""your-password"" # Replace with your desired password
  skip_final_snapshot  = true
  db_subnet_group_name = aws_db_subnet_group.main.name
}
",resource_changes,False,autoiac-project/iac-eval,>= 1.15.0,1.16.1
aws/task-192,aws,6,"aws_efs_file_system, aws_efs_mount_target, aws_instance, aws_security_group, aws_subnet, aws_vpc","# Task 192


Create 2 of the latest AWS Linux instances in private subnets sharing a EFS file system.

## Intent",,"package terraform.policy

import rego.v1

default allow = false

# Check VPC exists with correct CIDR
vpc_exists if {
    some i
    input.planned_values.root_module.resources[i].type == ""aws_vpc""
    input.planned_values.root_module.resources[i].values.cidr_block == ""10.0.0.0/16""
}

# Check private subnet 1 exists
private_subnet_1_exists if {
    some i
    input.planned_values.root_module.resources[i].type == ""aws_subnet""
    input.planned_values.root_module.resources[i].values.cidr_block == ""10.0.1.0/24""
}

# Check private subnet 2 exists
private_subnet_2_exists if {
    some i
    input.planned_values.root_module.resources[i].type == ""aws_subnet""
    input.planned_values.root_module.resources[i].values.cidr_block == ""10.0.2.0/24""
}

# Check EFS exists
efs_exists if {
    some i
    input.planned_values.root_module.resources[i].type == ""aws_efs_file_system""
}

aws_instances contains resource if {
    resource := input.resource_changes[_]
    resource.type == ""aws_instance""
    resource.change.after.ami != null
    resource.change.after.ami != """"
}

# Aggregate all checks
allow if {
    vpc_exists
    private_subnet_1_exists
    private_subnet_2_exists
    efs_exists
    count(aws_instances) == 2
}

main if {
    allow
}
","terraform {
  required_version = "">= 1.15.0""

  required_providers {
    aws = {
      source  = ""hashicorp/aws""
      version = ""~> 6.0""
    }
  }
}

# Define the provider (AWS in this case)


provider ""aws"" {
  region = ""us-east-1""
}

# Create a Virtual Private Cloud (VPC)
resource ""aws_vpc"" ""my_vpc"" {
  cidr_block = ""10.0.0.0/16""
}

data ""aws_availability_zones"" ""available"" {
  state = ""available""
}

# Create Private Subnet 1
resource ""aws_subnet"" ""private_subnet_1"" {
  vpc_id            = aws_vpc.my_vpc.id
  cidr_block        = ""10.0.1.0/24""
  availability_zone = data.aws_availability_zones.available.names[0]
}

# Create Private Subnet 2
resource ""aws_subnet"" ""private_subnet_2"" {
  vpc_id            = aws_vpc.my_vpc.id
  cidr_block        = ""10.0.2.0/24""
  availability_zone = data.aws_availability_zones.available.names[1]
}

# Create Security Group for EC2 instances
resource ""aws_security_group"" ""ec2_sg"" {
  vpc_id = aws_vpc.my_vpc.id
  name   = ""ec2_sg""
}

resource ""aws_vpc_security_group_ingress_rule"" ""ingress1"" {
  security_group_id = aws_security_group.ec2_sg.id
  cidr_ipv4 = ""0.0.0.0/0""
  from_port = 80
  ip_protocol = ""tcp""
  to_port = 80
}

resource ""aws_vpc_security_group_ingress_rule"" ""ingress2"" {
  security_group_id = aws_security_group.ec2_sg.id
  cidr_ipv4 = ""0.0.0.0/0""
  from_port = 22
  ip_protocol = ""tcp""
  to_port = 22
}

# Allow NFS traffic
resource ""aws_vpc_security_group_ingress_rule"" ""ingress3"" {
  security_group_id = aws_security_group.ec2_sg.id
  cidr_ipv4 = ""0.0.0.0/0""
  from_port = 2049
  ip_protocol = ""tcp""
  to_port = 2049
}

resource ""aws_vpc_security_group_egress_rule"" ""egress1"" {
  security_group_id = aws_security_group.ec2_sg.id
  cidr_ipv4         = ""0.0.0.0/0""
  ip_protocol       = ""-1""
}

# Create EFS File System
resource ""aws_efs_file_system"" ""efs"" {
  creation_token = ""my-efs""
  lifecycle_policy {
    transition_to_ia = ""AFTER_30_DAYS""
  }
}

# Create EFS Mount Target for Private Subnet 1
resource ""aws_efs_mount_target"" ""mount_target_1"" {
  file_system_id  = aws_efs_file_system.efs.id
  subnet_id       = aws_subnet.private_subnet_1.id
  security_groups = [aws_security_group.ec2_sg.id]
}

# Create EFS Mount Target for Private Subnet 2
resource ""aws_efs_mount_target"" ""mount_target_2"" {
  file_system_id  = aws_efs_file_system.efs.id
  subnet_id       = aws_subnet.private_subnet_2.id
  security_groups = [aws_security_group.ec2_sg.id]
}

data ""aws_ami"" ""amzn2"" {
  most_recent = true
  owners      = [""amazon""]

  filter {
    name   = ""name""
    values = [""*ubuntu-noble-24.04-amd64-server-*""]
  }
}

# Create EC2 instances in Private Subnet 1 and Subnet 2
resource ""aws_instance"" ""ec2_instance_1"" {
  ami             = data.aws_ami.amzn2.id
  instance_type   = ""t2.micro""
  subnet_id       = aws_subnet.private_subnet_1.id
  security_groups = [aws_security_group.ec2_sg.id]

  user_data = <<-EOF
              #!/bin/bash
              mkdir /mnt/efs
              mount -t efs ${aws_efs_file_system.efs.id}:/ /mnt/efs
              EOF
}

resource ""aws_instance"" ""ec2_instance_2"" {
  ami             = data.aws_ami.amzn2.id
  instance_type   = ""t2.micro""
  subnet_id       = aws_subnet.private_subnet_2.id
  security_groups = [aws_security_group.ec2_sg.id]

  user_data = <<-EOF
              #!/bin/bash
              mkdir /mnt/efs
              mount -t efs ${aws_efs_file_system.efs.id}:/ /mnt/efs
              EOF
}

output ""ami_id"" {
  value = data.aws_ami.amzn2.id
}

output ""ami_name"" {
  value = data.aws_ami.amzn2.name
}

output ""efs_id"" {
  value = aws_efs_file_system.efs.id
}
",resource_changes,False,autoiac-project/iac-eval,>= 1.15.0,1.16.1
aws/task-193,aws,4,"aws_instance, aws_placement_group, aws_security_group, aws_subnet, aws_vpc","# Task 193


Create 3 EC2 instances within an EC2 placement group usign clustering.

## Intent",,"package terraform.policy

import rego.v1

default allow = false

placement_group_exists if {
    some i
    input.resource_changes[i].type == ""aws_placement_group""
    input.resource_changes[i].change.after.strategy == ""cluster""
}

aws_instances contains resource if {
    resource := input.resource_changes[_]
    resource.type == ""aws_instance""
    resource.change.after.placement_group != null
    resource.change.after.placement_group != """"
}

allow if {
    placement_group_exists
    count(aws_instances) == 3
}

main if {
    allow
}
","terraform {
  required_version = "">= 1.15.0""

  required_providers {
    aws = {
      source  = ""hashicorp/aws""
      version = ""~> 6.0""
    }
  }
}

provider ""aws"" {
  region = ""us-east-1""
}

# Create a Virtual Private Cloud (VPC)
resource ""aws_vpc"" ""my_vpc"" {
  cidr_block = ""10.0.0.0/16""
}

data ""aws_availability_zones"" ""azs"" {
    state = ""available""
}

# Create Public Subnet
resource ""aws_subnet"" ""public_subnet"" {
  vpc_id                  = aws_vpc.my_vpc.id
  cidr_block              = ""10.0.1.0/24""
  availability_zone       = data.aws_availability_zones.azs.names[0]
  map_public_ip_on_launch = true
}

# Create Private Subnet
resource ""aws_subnet"" ""private_subnet"" {
  vpc_id            = aws_vpc.my_vpc.id
  cidr_block        = ""10.0.2.0/24""
  availability_zone = data.aws_availability_zones.azs.names[1]
}

# Create EC2 Placement Group
resource ""aws_placement_group"" ""my_placement_group"" {
  name     = ""my-placement-group""
  strategy = ""cluster""
}

# Create Security Group for EC2 instances
resource ""aws_security_group"" ""ec2_sg"" {
  vpc_id = aws_vpc.my_vpc.id
  name   = ""ec2_sg""
}

data ""aws_ami"" ""amzn2"" {
  most_recent = true
  owners      = [""amazon""]

  filter {
    name   = ""name""
    values = [""*ubuntu-noble-24.04-amd64-server-*""]
  }
}

# Create EC2 instances in the Placement Group in the Private Subnet
resource ""aws_instance"" ""ec2_instance"" {
  count           = 3
  ami             = data.aws_ami.amzn2.id
  instance_type   = ""m5.large""
  subnet_id       = aws_subnet.private_subnet.id
  security_groups = [aws_security_group.ec2_sg.id]
  placement_group = aws_placement_group.my_placement_group.name
}
",resource_changes,False,autoiac-project/iac-eval,>= 1.15.0,1.16.1
aws/task-194,aws,1,aws_elasticache_cluster,"# Task 194


Provide a resource to reduce the number of database calls.

## Intent

requires cluster id, engine=memcached, node_type, num_cache_nodes, parameter_group_name","requires cluster id, engine=memcached, node_type, num_cache_nodes, parameter_group_name","package terraform.policy

import rego.v1

default allow = false

aws_elasticache_cluster_valid(resources) if {
    some resource in resources
    resource.type == ""aws_elasticache_cluster""
    resource.change.after.engine == ""memcached""
}

# Aggregate all checks
allow if {
    aws_elasticache_cluster_valid(input.resource_changes)
}

main if {
    allow
}
","terraform {
  required_version = "">= 1.15.0""

  required_providers {
    aws = {
      source  = ""hashicorp/aws""
      version = ""~> 6.0""
    }
  }
}

resource ""aws_elasticache_cluster"" ""example"" {
  cluster_id           = ""cluster-example""
  engine               = ""memcached""
  node_type            = ""cache.m4.large""
  num_cache_nodes      = 2
  parameter_group_name = ""default.memcached1.4""
  port                 = 11211
}
",resource_changes,False,autoiac-project/iac-eval,>= 1.15.0,1.16.1
aws/task-195,aws,1,aws_elasticache_user,"# Task 195


authenticate a elasticache user with redis

## Intent

requires access string, engine = REDIS, user id and user name","requires access string, engine = REDIS, user id and user name","package terraform.policy

import rego.v1

default allow = false

aws_elasticache_user_valid(resources) if {
    some resource in resources
    resource.type == ""aws_elasticache_user""
    resource.change.after.engine == ""REDIS""
}

# Aggregate all checks
allow if {
    aws_elasticache_user_valid(input.resource_changes)
}

main if {
    allow
}
","terraform {
  required_version = "">= 1.15.0""

  required_providers {
    aws = {
      source  = ""hashicorp/aws""
      version = ""~> 6.0""
    }
  }
}

resource ""aws_elasticache_user"" ""test"" {
  user_id       = ""testUserId""
  user_name     = ""testUserName""
  access_string = ""on ~app::* -@all +@read +@hash +@bitmap +@geo -setbit -bitfield -hset -hsetnx -hmset -hincrby -hincrbyfloat -hdel -bitop -geoadd -georadius -georadiusbymember""
  engine        = ""REDIS""
  passwords     = [""password123456789""]
}
",resource_changes,False,autoiac-project/iac-eval,>= 1.15.0,1.16.1
aws/task-196,aws,1,aws_elasticache_user,"# Task 196


authenticate a elasticache user with iam

## Intent

requires access string, engine = REDIS, user id and user name, authentication_mode {type = ""iam""}","requires access string, engine = REDIS, user id and user name, authentication_mode {type = ""iam""}","package terraform.policy

import rego.v1

default allow = false

aws_elasticache_user_valid(resources) if {
    some resource in resources
    resource.type == ""aws_elasticache_user""
    resource.change.after.authentication_mode[_].type == ""iam""
}

# Aggregate all checks
allow if {
    aws_elasticache_user_valid(input.resource_changes)
}

main if {
    allow
}
","terraform {
  required_version = "">= 1.15.0""

  required_providers {
    aws = {
      source  = ""hashicorp/aws""
      version = ""~> 6.0""
    }
  }
}

resource ""aws_elasticache_user"" ""test"" {
  user_id       = ""testUserId""
  user_name     = ""testUserName""
  access_string = ""on ~* +@all""
  engine        = ""REDIS""

  authentication_mode {
    type = ""iam""
  }
}
",resource_changes,False,autoiac-project/iac-eval,>= 1.15.0,1.16.1
aws/task-197,aws,2,aws_elasticache_user,"# Task 197


authenticate a elasticache user with passwords

## Intent

requires access string, engine = REDIS, user id and user name, authentication_mode {type= ""password"", passwords = [""password1"", ""password2""]}","requires access string, engine = REDIS, user id and user name, authentication_mode {type= ""password"", passwords = [""password1"", ""password2""]}","package terraform.policy

import rego.v1

default allow = false

aws_elasticache_user_valid(resources) if {
    some resource in resources
    resource.type == ""aws_elasticache_user""
    resource.change.after.authentication_mode[_].type == ""password""
}

# Aggregate all checks
allow if {
    aws_elasticache_user_valid(input.resource_changes)
}

main if {
    allow
}
","terraform {
  required_version = "">= 1.15.0""

  required_providers {
    aws = {
      source  = ""hashicorp/aws""
      version = ""~> 6.0""
    }
  }
}

resource ""aws_elasticache_user"" ""test"" {
  user_id       = ""testUserId""
  user_name     = ""testUserName""
  access_string = ""on ~* +@all""
  engine        = ""REDIS""

  authentication_mode {
    type      = ""password""
    passwords = [""password1"", ""password2""]
  }
}
",resource_changes,False,autoiac-project/iac-eval,>= 1.15.0,1.16.1
aws/task-198,aws,2,"aws_elasticache_user, aws_elasticache_user_group","# Task 198


Provides an ElastiCache user group resource with 3 users

## Intent",,"package terraform.policy

import rego.v1

default allow = false

aws_elasticache_user_group_exists(resources) if {
    some resource in resources
    resource.type == ""aws_elasticache_user_group""
    resource.change.actions[_] == ""create""
}

aws_elasticache_user_exists(resources) if {
    some resource in resources
    resource.type == ""aws_elasticache_user""
    resource.change.actions[_] == ""create""
}

allow if {
    aws_elasticache_user_group_exists(input.resource_changes)
    aws_elasticache_user_exists(input.resource_changes)
}

main if {
    allow
}
","terraform {
  required_version = "">= 1.15.0""

  required_providers {
    aws = {
      source  = ""hashicorp/aws""
      version = ""~> 6.0""
    }
  }
}

resource ""aws_elasticache_user"" ""test"" {
  user_id       = ""testUserId""
  user_name     = ""default""
  access_string = ""on ~app::* -@all +@read +@hash +@bitmap +@geo -setbit -bitfield -hset -hsetnx -hmset -hincrby -hincrbyfloat -hdel -bitop -geoadd -georadius -georadiusbymember""
  engine        = ""REDIS""
  passwords     = [""password123456789""]
}

resource ""aws_elasticache_user_group"" ""test"" {
  engine        = ""REDIS""
  user_group_id = ""userGroupId""
  user_ids      = [aws_elasticache_user.test.user_id]
}
",resource_changes,False,autoiac-project/iac-eval,>= 1.15.0,1.16.1
aws/task-199,aws,1,aws_dynamodb_contributor_insights,"# Task 199


Enable contributor insights on a table named ""ExampleTableName""

## Intent

Create a DynamoDB table and enable contributor insights",Create a DynamoDB table and enable contributor insights,"package terraform.policy

import rego.v1

default allow = false

# Check if AWS DynamoDB Contributor Insights is being created for a specific table
aws_dynamodb_contributor_insights_valid(resources) if {
    some resource in resources
    resource.type == ""aws_dynamodb_contributor_insights""
}

# Aggregate all checks
allow if {
    aws_dynamodb_contributor_insights_valid(input.resource_changes)
}

main if {
    allow
}
","terraform {
  required_version = "">= 1.15.0""

  required_providers {
    aws = {
      source  = ""hashicorp/aws""
      version = ""~> 6.0""
    }
  }
}

resource ""aws_dynamodb_contributor_insights"" ""test"" {
  table_name = ""ExampleTableName""
}
",resource_changes,False,autoiac-project/iac-eval,>= 1.15.0,1.16.1
aws/task-200,aws,3,"aws_dax_cluster, aws_iam_role","# Task 200


Create a cluster with dax.r4.large and replication factor = 1.

## Intent

require a cluster name, iam_role_arn, node_type, replication factor","require a cluster name, iam_role_arn, node_type, replication factor","package terraform.policy

import rego.v1

default allow = false

# Check if the AWS DynamoDB table is being created in us-east-1
aws_dax_cluster_valid(resources) if {
    some resource in resources
    resource.type == ""aws_dax_cluster""
    resource.change.after.node_type == ""dax.r4.large""
    resource.change.after.replication_factor == 1
}

# Aggregate all checks
allow if {
    aws_dax_cluster_valid(input.resource_changes)
}

main if {
    allow
}
","terraform {
  required_version = "">= 1.15.0""

  required_providers {
    aws = {
      source  = ""hashicorp/aws""
      version = ""~> 6.0""
    }
  }
}

resource ""aws_iam_role"" ""example"" {
  name = ""redshift_role""

  assume_role_policy = jsonencode({
    Version = ""2012-10-17"",
    Statement = [
      {
        Action = ""sts:AssumeRole"",
        Effect = ""Allow"",
        Principal = {
          Service = ""redshift.amazonaws.com""
        },
      },
    ],
  })
}

resource ""aws_dax_cluster"" ""bar"" {
  cluster_name       = ""cluster-example""
  iam_role_arn       = aws_iam_role.example.arn
  node_type          = ""dax.r4.large""
  replication_factor = 1
}
",resource_changes,False,autoiac-project/iac-eval,>= 1.15.0,1.16.1
aws/task-201,aws,6,"aws_availability_zones, aws_msk_cluster, aws_security_group, aws_subnet, aws_vpc","# Task 201


Create a MSK with 3 broker nodes.

## Intent

Has one ""aws_msk_cluster"" resource
with one ""number_of_broker_nodes"" = 3","Has one ""aws_msk_cluster"" resource
with one ""number_of_broker_nodes"" = 3","package terraform.policy

import rego.v1

default allow = false

# Check for MSK Cluster creation
msk_cluster_created(resources) if {
some resource in resources
resource.type == ""aws_msk_cluster""
resource.change.actions[_] == ""create""
}

# Check for number of broker nodes (3)
broker_node_count_valid(resource) if {
resource.type == ""aws_msk_cluster""
resource.change.after.number_of_broker_nodes == 3
}


# Aggregate all checks
allow if {
msk_cluster_created(input.resource_changes)
some resource in input.resource_changes
broker_node_count_valid(resource)
}

main if {
    allow
}
","terraform {
  required_version = "">= 1.15.0""

  required_providers {
    aws = {
      source  = ""hashicorp/aws""
      version = ""~> 6.0""
    }
  }
}

provider ""aws"" {
  region = ""us-east-1""
}

resource ""aws_vpc"" ""vpc"" {
    cidr_block = ""192.168.0.0/22""
}

data ""aws_availability_zones"" ""azs"" {
    state = ""available""
}

resource ""aws_subnet"" ""subnet_az1"" {
    availability_zone = data.aws_availability_zones.azs.names[0]
    cidr_block = ""192.168.0.0/24""
    vpc_id = aws_vpc.vpc.id
    map_public_ip_on_launch = true
}

resource ""aws_subnet"" ""subnet_az2"" {
    availability_zone = data.aws_availability_zones.azs.names[1]
    cidr_block = ""192.168.1.0/24""
    vpc_id = aws_vpc.vpc.id
    map_public_ip_on_launch = true
}

resource ""aws_subnet"" ""subnet_az3"" {
    availability_zone = data.aws_availability_zones.azs.names[2]
    cidr_block = ""192.168.2.0/24""
    vpc_id = aws_vpc.vpc.id
    map_public_ip_on_launch = true
}

resource ""aws_internet_gateway"" ""main"" {
  vpc_id = aws_vpc.vpc.id
}

resource ""aws_route_table"" ""main"" {
  vpc_id = aws_vpc.vpc.id

  route {
    cidr_block = ""0.0.0.0/0""
    gateway_id = aws_internet_gateway.main.id
  }
}

resource ""aws_route_table_association"" ""first"" {
  subnet_id      = aws_subnet.subnet_az1.id
  route_table_id = aws_route_table.main.id
}

resource ""aws_route_table_association"" ""second"" {
  subnet_id      = aws_subnet.subnet_az2.id
  route_table_id = aws_route_table.main.id
}

resource ""aws_route_table_association"" ""third"" {
  subnet_id      = aws_subnet.subnet_az3.id
  route_table_id = aws_route_table.main.id
}

resource ""aws_security_group"" ""sg"" {
    vpc_id = aws_vpc.vpc.id
}

resource ""aws_vpc_security_group_ingress_rule"" ""ingress1"" {
  security_group_id = aws_security_group.sg.id
  cidr_ipv4 = ""0.0.0.0/0""
  ip_protocol = ""-1""
}

resource ""aws_vpc_security_group_egress_rule"" ""egress1"" {
  security_group_id = aws_security_group.sg.id
  cidr_ipv4         = ""0.0.0.0/0""
  ip_protocol       = ""-1""
}

resource ""aws_msk_cluster"" ""example"" {
    cluster_name = ""example""
    kafka_version = ""3.2.0""
    number_of_broker_nodes = 3

    broker_node_group_info {
        instance_type = ""kafka.t3.small""
        client_subnets = [
            aws_subnet.subnet_az1.id,
            aws_subnet.subnet_az2.id,
            aws_subnet.subnet_az3.id,
        ]

        storage_info {
            ebs_storage_info {
                volume_size = 1000
            }
        }

        security_groups = [aws_security_group.sg.id]
    }

    open_monitoring {
        prometheus {
            jmx_exporter {
                enabled_in_broker = true
            }
            node_exporter {
                enabled_in_broker = true
            }
        }
    }

    logging_info {
        broker_logs {
            cloudwatch_logs {
                enabled = false
            }
            firehose {
                enabled = false
            }
            s3 {
                enabled = false
            }
        }
    }
}

output ""zookeeper_connect_string"" {
    value = aws_msk_cluster.example.zookeeper_connect_string
}

output ""bootstrap_brokers_tls"" {
    description = ""TLS connection host:port pairs""
    value = aws_msk_cluster.example.bootstrap_brokers_tls
}
",resource_changes,False,autoiac-project/iac-eval,>= 1.15.0,1.16.1
aws/task-202,aws,6,"aws_availability_zones, aws_msk_cluster, aws_security_group, aws_subnet, aws_vpc","# Task 202


Create a managed MSK cluster with 3 broker nodes in us-east1.

## Intent

Has one ""aws_msk_cluster"" resource
with one ""number_of_broker_nodes"" = 3
Requires aws provider with alias of ""aws"" with a region of us-east-1","Has one ""aws_msk_cluster"" resource
with one ""number_of_broker_nodes"" = 3
Requires aws provider with alias of ""aws"" with a region of us-east-1","package terraform.policy

import rego.v1

default allow = false

msk_cluster_created(resources) if {
    some resource in resources
    resource.type == ""aws_msk_cluster""
    resource.change.actions[_] == ""create""
}

broker_node_count_valid(resources) if {
    some resource in resources
    resource.type == ""aws_msk_cluster""
    resource.change.after.number_of_broker_nodes == 3
}

allow if {
    msk_cluster_created(input.resource_changes)
    broker_node_count_valid(input.resource_changes)
}

main if {
    allow
}
","terraform {
  required_version = "">= 1.15.0""

  required_providers {
    aws = {
      source  = ""hashicorp/aws""
      version = ""~> 6.0""
    }
  }
}

provider ""aws"" {
  region = ""us-east-1""
}

resource ""aws_vpc"" ""vpc"" {
    cidr_block = ""192.168.0.0/22""
}

data ""aws_availability_zones"" ""azs"" {
    state = ""available""
}

resource ""aws_subnet"" ""subnet_az1"" {
    availability_zone = data.aws_availability_zones.azs.names[0]
    cidr_block = ""192.168.0.0/24""
    vpc_id = aws_vpc.vpc.id
    map_public_ip_on_launch = true
}

resource ""aws_subnet"" ""subnet_az2"" {
    availability_zone = data.aws_availability_zones.azs.names[1]
    cidr_block = ""192.168.1.0/24""
    vpc_id = aws_vpc.vpc.id
    map_public_ip_on_launch = true
}

resource ""aws_subnet"" ""subnet_az3"" {
    availability_zone = data.aws_availability_zones.azs.names[2]
    cidr_block = ""192.168.2.0/24""
    vpc_id = aws_vpc.vpc.id
    map_public_ip_on_launch = true
}

resource ""aws_internet_gateway"" ""main"" {
  vpc_id = aws_vpc.vpc.id
}

resource ""aws_route_table"" ""main"" {
  vpc_id = aws_vpc.vpc.id

  route {
    cidr_block = ""0.0.0.0/0""
    gateway_id = aws_internet_gateway.main.id
  }
}

resource ""aws_route_table_association"" ""first"" {
  subnet_id      = aws_subnet.subnet_az1.id
  route_table_id = aws_route_table.main.id
}

resource ""aws_route_table_association"" ""second"" {
  subnet_id      = aws_subnet.subnet_az2.id
  route_table_id = aws_route_table.main.id
}

resource ""aws_route_table_association"" ""third"" {
  subnet_id      = aws_subnet.subnet_az3.id
  route_table_id = aws_route_table.main.id
}

resource ""aws_security_group"" ""sg"" {
    vpc_id = aws_vpc.vpc.id
}

resource ""aws_vpc_security_group_ingress_rule"" ""ingress1"" {
  security_group_id = aws_security_group.sg.id
  cidr_ipv4 = ""0.0.0.0/0""
  ip_protocol = ""-1""
}

resource ""aws_vpc_security_group_egress_rule"" ""egress1"" {
  security_group_id = aws_security_group.sg.id
  cidr_ipv4         = ""0.0.0.0/0""
  ip_protocol       = ""-1""
}

resource ""aws_msk_cluster"" ""example"" {
    cluster_name = ""example""
    kafka_version = ""3.2.0""
    number_of_broker_nodes = 3

    broker_node_group_info {
        instance_type = ""kafka.t3.small""
        client_subnets = [
            aws_subnet.subnet_az1.id,
            aws_subnet.subnet_az2.id,
            aws_subnet.subnet_az3.id,
        ]

        storage_info {
            ebs_storage_info {
                volume_size = 1000
            }
        }

        security_groups = [aws_security_group.sg.id]
    }

    open_monitoring {
        prometheus {
            jmx_exporter {
                enabled_in_broker = true
            }
            node_exporter {
                enabled_in_broker = true
            }
        }
    }

    logging_info {
        broker_logs {
            cloudwatch_logs {
                enabled = false
            }
            firehose {
                enabled = false
            }
            s3 {
                enabled = false
            }
        }
    }
}

output ""zookeeper_connect_string"" {
    value = aws_msk_cluster.example.zookeeper_connect_string
}

output ""bootstrap_brokers_tls"" {
    description = ""TLS connection host:port pairs""
    value = aws_msk_cluster.example.bootstrap_brokers_tls
}
",resource_changes,False,autoiac-project/iac-eval,>= 1.15.0,1.16.1
aws/task-203,aws,6,"aws_availability_zones, aws_msk_cluster, aws_security_group, aws_subnet, aws_vpc","# Task 203


Create a managed MSK cluster with 3 broker nodes in us-east2.

## Intent

Has one ""aws_msk_cluster"" resource
with one ""number_of_broker_nodes"" = 3
Requires aws provider with alias of ""aws"" with a region of us-east-2","Has one ""aws_msk_cluster"" resource
with one ""number_of_broker_nodes"" = 3
Requires aws provider with alias of ""aws"" with a region of us-east-2","package terraform.policy

import rego.v1

default allow = false

msk_cluster_created(resources) if {
    some resource in resources
    resource.type == ""aws_msk_cluster""
    resource.change.actions[_] == ""create""
}

broker_node_count_valid(resources) if {
    some resource in resources
    resource.type == ""aws_msk_cluster""
    resource.change.after.number_of_broker_nodes == 3
}

allow if {
    msk_cluster_created(input.resource_changes)
    broker_node_count_valid(input.resource_changes)
}

main if {
    allow
}
","terraform {
  required_version = "">= 1.15.0""

  required_providers {
    aws = {
      source  = ""hashicorp/aws""
      version = ""~> 6.0""
    }
  }
}

provider ""aws"" {
  region = ""us-east-2""
}

resource ""aws_vpc"" ""vpc"" {
    cidr_block = ""192.168.0.0/22""
}

data ""aws_availability_zones"" ""azs"" {
    state = ""available""
}

resource ""aws_subnet"" ""subnet_az1"" {
    availability_zone = data.aws_availability_zones.azs.names[0]
    cidr_block = ""192.168.0.0/24""
    vpc_id = aws_vpc.vpc.id
    map_public_ip_on_launch = true
}

resource ""aws_subnet"" ""subnet_az2"" {
    availability_zone = data.aws_availability_zones.azs.names[1]
    cidr_block = ""192.168.1.0/24""
    vpc_id = aws_vpc.vpc.id
    map_public_ip_on_launch = true
}

resource ""aws_subnet"" ""subnet_az3"" {
    availability_zone = data.aws_availability_zones.azs.names[2]
    cidr_block = ""192.168.2.0/24""
    vpc_id = aws_vpc.vpc.id
    map_public_ip_on_launch = true
}

resource ""aws_internet_gateway"" ""main"" {
  vpc_id = aws_vpc.vpc.id
}

resource ""aws_route_table"" ""main"" {
  vpc_id = aws_vpc.vpc.id

  route {
    cidr_block = ""0.0.0.0/0""
    gateway_id = aws_internet_gateway.main.id
  }
}

resource ""aws_route_table_association"" ""first"" {
  subnet_id      = aws_subnet.subnet_az1.id
  route_table_id = aws_route_table.main.id
}

resource ""aws_route_table_association"" ""second"" {
  subnet_id      = aws_subnet.subnet_az2.id
  route_table_id = aws_route_table.main.id
}

resource ""aws_route_table_association"" ""third"" {
  subnet_id      = aws_subnet.subnet_az3.id
  route_table_id = aws_route_table.main.id
}

resource ""aws_security_group"" ""sg"" {
    vpc_id = aws_vpc.vpc.id
}

resource ""aws_vpc_security_group_ingress_rule"" ""ingress1"" {
  security_group_id = aws_security_group.sg.id
  cidr_ipv4 = ""0.0.0.0/0""
  ip_protocol = ""-1""
}

resource ""aws_vpc_security_group_egress_rule"" ""egress1"" {
  security_group_id = aws_security_group.sg.id
  cidr_ipv4         = ""0.0.0.0/0""
  ip_protocol       = ""-1""
}

resource ""aws_msk_cluster"" ""example"" {
    cluster_name = ""example""
    kafka_version = ""3.2.0""
    number_of_broker_nodes = 3

    broker_node_group_info {
        instance_type = ""kafka.t3.small""
        client_subnets = [
            aws_subnet.subnet_az1.id,
            aws_subnet.subnet_az2.id,
            aws_subnet.subnet_az3.id,
        ]

        storage_info {
            ebs_storage_info {
                volume_size = 1000
            }
        }

        security_groups = [aws_security_group.sg.id]
    }

    open_monitoring {
        prometheus {
            jmx_exporter {
                enabled_in_broker = true
            }
            node_exporter {
                enabled_in_broker = true
            }
        }
    }

    logging_info {
        broker_logs {
            cloudwatch_logs {
                enabled = false
            }
            firehose {
                enabled = false
            }
            s3 {
                enabled = false
            }
        }
    }
}

output ""zookeeper_connect_string"" {
    value = aws_msk_cluster.example.zookeeper_connect_string
}

output ""bootstrap_brokers_tls"" {
    description = ""TLS connection host:port pairs""
    value = aws_msk_cluster.example.bootstrap_brokers_tls
}
",resource_changes,False,autoiac-project/iac-eval,>= 1.15.0,1.16.1
aws/task-204,aws,6,"aws_availability_zones, aws_cloudwatch_log_group, aws_msk_cluster, aws_security_group, aws_subnet, aws_vpc","# Task 204


Create a managed MSK cluster in us-east1 logging to a CloudWatch group.

## Intent

Has one ""aws_msk_cluster"" resource
with one ""logging_info""
with one ""broker_logs""
with one ""cloudwatch_logs""
with one ""enabled"" = true","Has one ""aws_msk_cluster"" resource
with one ""logging_info""
with one ""broker_logs""
with one ""cloudwatch_logs""
with one ""enabled"" = true","package terraform.policy

import rego.v1

default allow = false

# Check if any MSK cluster is being created
msk_cluster_created(resources) if {
some resource in resources
resource.type == ""aws_msk_cluster""
resource.change.actions[_] == ""create""
}

# Check if CloudWatch logging is enabled for broker logs
cloudwatch_logging_enabled(resource) if {
resource.type == ""aws_msk_cluster""
resource.change.after.logging_info[_].broker_logs[_].cloudwatch_logs[_].enabled == true
}

# Aggregate all checks
allow if {
msk_cluster_created(input.resource_changes)
some resource in input.resource_changes
cloudwatch_logging_enabled(resource)
}

main if {
    allow
}
","terraform {
  required_version = "">= 1.15.0""

  required_providers {
    aws = {
      source  = ""hashicorp/aws""
      version = ""~> 6.0""
    }
  }
}

provider ""aws"" {
  region = ""us-east-1""
}

resource ""aws_vpc"" ""vpc"" {
    cidr_block = ""192.168.0.0/22""
}

data ""aws_availability_zones"" ""azs"" {
    state = ""available""
}

resource ""aws_subnet"" ""subnet_az1"" {
    availability_zone = data.aws_availability_zones.azs.names[0]
    cidr_block = ""192.168.0.0/24""
    vpc_id = aws_vpc.vpc.id
    map_public_ip_on_launch = true
}

resource ""aws_subnet"" ""subnet_az2"" {
    availability_zone = data.aws_availability_zones.azs.names[1]
    cidr_block = ""192.168.1.0/24""
    vpc_id = aws_vpc.vpc.id
    map_public_ip_on_launch = true
}

resource ""aws_subnet"" ""subnet_az3"" {
    availability_zone = data.aws_availability_zones.azs.names[2]
    cidr_block = ""192.168.2.0/24""
    vpc_id = aws_vpc.vpc.id
    map_public_ip_on_launch = true
}

resource ""aws_internet_gateway"" ""main"" {
  vpc_id = aws_vpc.vpc.id
}

resource ""aws_route_table"" ""main"" {
  vpc_id = aws_vpc.vpc.id

  route {
    cidr_block = ""0.0.0.0/0""
    gateway_id = aws_internet_gateway.main.id
  }
}

resource ""aws_route_table_association"" ""first"" {
  subnet_id      = aws_subnet.subnet_az1.id
  route_table_id = aws_route_table.main.id
}

resource ""aws_route_table_association"" ""second"" {
  subnet_id      = aws_subnet.subnet_az2.id
  route_table_id = aws_route_table.main.id
}

resource ""aws_route_table_association"" ""third"" {
  subnet_id      = aws_subnet.subnet_az3.id
  route_table_id = aws_route_table.main.id
}

resource ""aws_security_group"" ""sg"" {
    vpc_id = aws_vpc.vpc.id
}

resource ""aws_vpc_security_group_ingress_rule"" ""ingress1"" {
  security_group_id = aws_security_group.sg.id
  cidr_ipv4 = ""0.0.0.0/0""
  ip_protocol = ""-1""
}

resource ""aws_vpc_security_group_egress_rule"" ""egress1"" {
  security_group_id = aws_security_group.sg.id
  cidr_ipv4         = ""0.0.0.0/0""
  ip_protocol       = ""-1""
}

resource ""aws_cloudwatch_log_group"" ""test"" {
    name = ""msk_broker_logs""
}

resource ""aws_msk_cluster"" ""example"" {
    cluster_name = ""example""
    kafka_version = ""3.2.0""
    number_of_broker_nodes = 3

    broker_node_group_info {
        instance_type = ""kafka.t3.small""
        client_subnets = [
            aws_subnet.subnet_az1.id,
            aws_subnet.subnet_az2.id,
            aws_subnet.subnet_az3.id,
        ]

        storage_info {
            ebs_storage_info {
                volume_size = 1000
            }
        }

        security_groups = [aws_security_group.sg.id]
    }

    open_monitoring {
        prometheus {
            jmx_exporter {
                enabled_in_broker = true
            }
            node_exporter {
                enabled_in_broker = true
            }
        }
    }

    logging_info {
        broker_logs {
            cloudwatch_logs {
                enabled = true
                log_group = aws_cloudwatch_log_group.test.name
            }
            firehose {
                enabled = false
            }
            s3 {
                enabled = false
            }
        }
    }
}

output ""zookeeper_connect_string"" {
    value = aws_msk_cluster.example.zookeeper_connect_string
}

output ""bootstrap_brokers_tls"" {
    description = ""TLS connection host:port pairs""
    value = aws_msk_cluster.example.bootstrap_brokers_tls
}
",resource_changes,False,autoiac-project/iac-eval,>= 1.15.0,1.16.1
aws/task-205,aws,6,"aws_availability_zones, aws_cloudwatch_log_group, aws_msk_cluster, aws_s3_bucket, aws_s3_bucket_acl, aws_s3_bucket_ownership_controls, aws_security_group, aws_subnet, aws_vpc","# Task 205


Create a managed MSK cluster in us-east1 logging to S3 bucket.

## Intent

Has one ""aws_msk_cluster"" resource
with one ""logging_info""
with one ""broker_logs""
with one ""s3""
with one ""enabled"" = true","Has one ""aws_msk_cluster"" resource
with one ""logging_info""
with one ""broker_logs""
with one ""s3""
with one ""enabled"" = true","package terraform.policy

import rego.v1

default allow = false

# Check if any MSK cluster is being created
msk_cluster_created(resources) if {
some resource in resources
resource.type == ""aws_msk_cluster""
resource.change.actions[_] == ""create""
}

# Check if S3 logging is enabled for broker logs
s3_logging_enabled(resource) if {
resource.type == ""aws_msk_cluster""
resource.change.after.logging_info[_].broker_logs[_].s3[_].enabled == true
}

# Aggregate all checks
allow if {
msk_cluster_created(input.resource_changes)
some resource in input.resource_changes
s3_logging_enabled(resource)
}

main if {
    allow
}
","terraform {
  required_version = "">= 1.15.0""

  required_providers {
    aws = {
      source  = ""hashicorp/aws""
      version = ""~> 6.0""
    }
  }
}

provider ""aws"" {
  region = ""us-east-1""
}

resource ""aws_vpc"" ""vpc"" {
    cidr_block = ""192.168.0.0/22""
}

data ""aws_availability_zones"" ""azs"" {
    state = ""available""
}

resource ""aws_subnet"" ""subnet_az1"" {
    availability_zone = data.aws_availability_zones.azs.names[0]
    cidr_block = ""192.168.0.0/24""
    vpc_id = aws_vpc.vpc.id
    map_public_ip_on_launch = true
}

resource ""aws_subnet"" ""subnet_az2"" {
    availability_zone = data.aws_availability_zones.azs.names[1]
    cidr_block = ""192.168.1.0/24""
    vpc_id = aws_vpc.vpc.id
    map_public_ip_on_launch = true
}

resource ""aws_subnet"" ""subnet_az3"" {
    availability_zone = data.aws_availability_zones.azs.names[2]
    cidr_block = ""192.168.2.0/24""
    vpc_id = aws_vpc.vpc.id
    map_public_ip_on_launch = true
}

resource ""aws_internet_gateway"" ""main"" {
  vpc_id = aws_vpc.vpc.id
}

resource ""aws_route_table"" ""main"" {
  vpc_id = aws_vpc.vpc.id

  route {
    cidr_block = ""0.0.0.0/0""
    gateway_id = aws_internet_gateway.main.id
  }
}

resource ""aws_route_table_association"" ""first"" {
  subnet_id      = aws_subnet.subnet_az1.id
  route_table_id = aws_route_table.main.id
}

resource ""aws_route_table_association"" ""second"" {
  subnet_id      = aws_subnet.subnet_az2.id
  route_table_id = aws_route_table.main.id
}

resource ""aws_route_table_association"" ""third"" {
  subnet_id      = aws_subnet.subnet_az3.id
  route_table_id = aws_route_table.main.id
}

resource ""aws_security_group"" ""sg"" {
    vpc_id = aws_vpc.vpc.id
}

resource ""aws_vpc_security_group_ingress_rule"" ""ingress1"" {
  security_group_id = aws_security_group.sg.id
  cidr_ipv4 = ""0.0.0.0/0""
  ip_protocol = ""-1""
}

resource ""aws_vpc_security_group_egress_rule"" ""egress1"" {
  security_group_id = aws_security_group.sg.id
  cidr_ipv4         = ""0.0.0.0/0""
  ip_protocol       = ""-1""
}

resource ""aws_cloudwatch_log_group"" ""test"" {
    name = ""msk_broker_logs""
}

resource ""aws_s3_bucket"" ""bucket"" {
    bucket_prefix = ""msk-broker-logs-bucket-""
}

resource ""aws_s3_bucket_ownership_controls"" ""example"" {
    bucket = aws_s3_bucket.bucket.id
    rule {
        object_ownership = ""BucketOwnerPreferred""
    }
}

resource ""aws_s3_bucket_acl"" ""example"" {
    depends_on = [aws_s3_bucket_ownership_controls.example]

    bucket = aws_s3_bucket.bucket.id
    acl = ""private""
}

resource ""aws_msk_cluster"" ""example"" {
    cluster_name = ""example""
    kafka_version = ""3.2.0""
    number_of_broker_nodes = 3

    broker_node_group_info {
        instance_type = ""kafka.t3.small""
        client_subnets = [
            aws_subnet.subnet_az1.id,
            aws_subnet.subnet_az2.id,
            aws_subnet.subnet_az3.id,
        ]
        storage_info {
            ebs_storage_info {
                volume_size = 1000
            }
        }
        security_groups = [aws_security_group.sg.id]
    }

    open_monitoring {
        prometheus {
            jmx_exporter {
                enabled_in_broker = true
            }
            node_exporter {
                enabled_in_broker = true
            }
        }
    }

    logging_info {
        broker_logs {
            cloudwatch_logs {
                enabled = false
            }
            firehose {
                enabled = false
            }
            s3 {
                enabled = true
                bucket = aws_s3_bucket.bucket.id
                prefix = ""logs/msk-""
            }
        }
    }
}

output ""zookeeper_connect_string"" {
    value = aws_msk_cluster.example.zookeeper_connect_string
}

output ""bootstrap_brokers_tls"" {
    description = ""TLS connection host:port pairs""
    value = aws_msk_cluster.example.bootstrap_brokers_tls
}
",resource_changes,False,autoiac-project/iac-eval,>= 1.15.0,1.16.1
aws/task-206,aws,6,"aws_availability_zones, aws_iam_policy_document, aws_iam_role, aws_kinesis_firehose_delivery_stream, aws_msk_cluster, aws_s3_bucket, aws_s3_bucket_acl, aws_s3_bucket_ownership_controls, aws_security_group, aws_subnet, aws_vpc","# Task 206


Create a managed MSK cluster in us-east1 logging to a Kinesis Firehose

## Intent

Has one ""aws_msk_cluster"" resource
with one ""logging_info""
with one ""broker_logs""
with one ""firehose""
with one ""enabled"" = true","Has one ""aws_msk_cluster"" resource
with one ""logging_info""
with one ""broker_logs""
with one ""firehose""
with one ""enabled"" = true","package terraform.policy

import rego.v1

default allow = false

# Check if any MSK cluster is being created
msk_cluster_created(resources) if {
some resource in resources
resource.type == ""aws_msk_cluster""
resource.change.actions[_] == ""create""
}

# Check if Kinesis Firehose logging is enabled for broker logs
firehose_logging_enabled(resource) if {
resource.type == ""aws_msk_cluster""
resource.change.after.logging_info[_].broker_logs[_].firehose[_].enabled == true
}

# Aggregate all checks
allow if {
msk_cluster_created(input.resource_changes)
some resource in input.resource_changes
firehose_logging_enabled(resource)
}

main if {
    allow
}
","terraform {
  required_version = "">= 1.15.0""

  required_providers {
    aws = {
      source  = ""hashicorp/aws""
      version = ""~> 6.0""
    }
  }
}

provider ""aws"" {
  region = ""us-east-1""
}

resource ""aws_vpc"" ""vpc"" {
    cidr_block = ""192.168.0.0/22""
}

data ""aws_availability_zones"" ""azs"" {
    state = ""available""
}

resource ""aws_subnet"" ""subnet_az1"" {
    availability_zone = data.aws_availability_zones.azs.names[0]
    cidr_block = ""192.168.0.0/24""
    vpc_id = aws_vpc.vpc.id
    map_public_ip_on_launch = true
}

resource ""aws_subnet"" ""subnet_az2"" {
    availability_zone = data.aws_availability_zones.azs.names[1]
    cidr_block = ""192.168.1.0/24""
    vpc_id = aws_vpc.vpc.id
    map_public_ip_on_launch = true
}

resource ""aws_subnet"" ""subnet_az3"" {
    availability_zone = data.aws_availability_zones.azs.names[2]
    cidr_block = ""192.168.2.0/24""
    vpc_id = aws_vpc.vpc.id
    map_public_ip_on_launch = true
}

resource ""aws_internet_gateway"" ""main"" {
  vpc_id = aws_vpc.vpc.id
}

resource ""aws_route_table"" ""main"" {
  vpc_id = aws_vpc.vpc.id

  route {
    cidr_block = ""0.0.0.0/0""
    gateway_id = aws_internet_gateway.main.id
  }
}

resource ""aws_route_table_association"" ""first"" {
  subnet_id      = aws_subnet.subnet_az1.id
  route_table_id = aws_route_table.main.id
}

resource ""aws_route_table_association"" ""second"" {
  subnet_id      = aws_subnet.subnet_az2.id
  route_table_id = aws_route_table.main.id
}

resource ""aws_route_table_association"" ""third"" {
  subnet_id      = aws_subnet.subnet_az3.id
  route_table_id = aws_route_table.main.id
}

resource ""aws_security_group"" ""sg"" {
    vpc_id = aws_vpc.vpc.id
}

resource ""aws_vpc_security_group_ingress_rule"" ""ingress1"" {
  security_group_id = aws_security_group.sg.id
  cidr_ipv4 = ""0.0.0.0/0""
  ip_protocol = ""-1""
}

resource ""aws_vpc_security_group_egress_rule"" ""egress1"" {
  security_group_id = aws_security_group.sg.id
  cidr_ipv4         = ""0.0.0.0/0""
  ip_protocol       = ""-1""
}

resource ""aws_s3_bucket"" ""bucket"" {
    bucket_prefix = ""msk-broker-logs-bucket-""
}

resource ""aws_s3_bucket_ownership_controls"" ""example"" {
    bucket = aws_s3_bucket.bucket.id
    rule {
        object_ownership = ""BucketOwnerPreferred""
    }
}

resource ""aws_s3_bucket_acl"" ""example"" {
    depends_on = [aws_s3_bucket_ownership_controls.example]

    bucket = aws_s3_bucket.bucket.id
    acl = ""private""
}

data ""aws_iam_policy_document"" ""assume_role"" {
    statement {
        effect = ""Allow""
        principals {
            type = ""Service""
            identifiers = [""firehose.amazonaws.com""]
        }
        actions = [""sts:AssumeRole""]
    }
}

resource ""aws_iam_role"" ""firehose_role"" {
    name = ""firehose_test_role""
    assume_role_policy = data.aws_iam_policy_document.assume_role.json
}

resource ""aws_kinesis_firehose_delivery_stream"" ""test_stream"" {
    name = ""terraform-kinesis-firehose-msk-broker-logs-stream""
    destination = ""extended_s3""

    extended_s3_configuration {
        role_arn = aws_iam_role.firehose_role.arn
        bucket_arn = aws_s3_bucket.bucket.arn
    }

    tags = {
        LogDeliveryEnabled = ""placeholder""
    }

    lifecycle {
        ignore_changes = [
            tags[""LogDeliveryEnabled""],
        ]
    }
}

resource ""aws_msk_cluster"" ""example"" {
    cluster_name = ""example""
    kafka_version = ""3.2.0""
    number_of_broker_nodes = 3

    broker_node_group_info {
        instance_type = ""kafka.t3.small""
        client_subnets = [
            aws_subnet.subnet_az1.id,
            aws_subnet.subnet_az2.id,
            aws_subnet.subnet_az3.id,
        ]
        storage_info {
            ebs_storage_info {
                volume_size = 1000
            }
        }
        security_groups = [aws_security_group.sg.id]
    }

    open_monitoring {
        prometheus {
            jmx_exporter {
                enabled_in_broker = true
            }
            node_exporter {
                enabled_in_broker = true
            }
        }
    }

    logging_info {
        broker_logs {
            cloudwatch_logs {
                enabled = false
            }
            firehose {
                enabled         = true
                delivery_stream = aws_kinesis_firehose_delivery_stream.test_stream.name
            }
            s3 {
                enabled = true
                bucket  = aws_s3_bucket.bucket.id
                prefix  = ""logs/msk-""
            }
        }
    }
}

output ""zookeeper_connect_string"" {
    value = aws_msk_cluster.example.zookeeper_connect_string
}

output ""bootstrap_brokers_tls"" {
    description = ""TLS connection host:port pairs""
    value = aws_msk_cluster.example.bootstrap_brokers_tls
}
",resource_changes,False,autoiac-project/iac-eval,>= 1.15.0,1.16.1
aws/task-207,aws,6,"aws_availability_zones, aws_kms_key, aws_msk_cluster, aws_security_group, aws_subnet, aws_vpc","# Task 207


Create a managed MSK cluster with encryption at rest.

## Intent

Has one ""aws_msk_cluster"" resource
with one ""encryption_info""
with one ""encryption_at_rest_kms_key_arn""","Has one ""aws_msk_cluster"" resource
with one ""encryption_info""
with one ""encryption_at_rest_kms_key_arn""","package terraform.policy

import rego.v1

default allow = false

# Check if any MSK cluster is being created
msk_cluster_created(resources) if {
some resource in resources
resource.type == ""aws_msk_cluster""
resource.change.actions[_] == ""create""
}

# Check if encryption at rest is enabled (within after_unknown)
encryption_at_rest_enabled(resource) if {
resource.type == ""aws_msk_cluster""
resource.change.after_unknown.encryption_info[_].encryption_at_rest_kms_key_arn
}

# Aggregate all checks
allow if {
msk_cluster_created(input.resource_changes)
some resource in input.resource_changes
encryption_at_rest_enabled(resource)
}

main if {
    allow
}
","terraform {
  required_version = "">= 1.15.0""

  required_providers {
    aws = {
      source  = ""hashicorp/aws""
      version = ""~> 6.0""
    }
  }
}

provider ""aws"" {
  region = ""us-east-1""
}

resource ""aws_vpc"" ""vpc"" {
    cidr_block = ""192.168.0.0/22""
}

data ""aws_availability_zones"" ""azs"" {
    state = ""available""
}

resource ""aws_subnet"" ""subnet_az1"" {
    availability_zone = data.aws_availability_zones.azs.names[0]
    cidr_block = ""192.168.0.0/24""
    vpc_id = aws_vpc.vpc.id
    map_public_ip_on_launch = true
}

resource ""aws_subnet"" ""subnet_az2"" {
    availability_zone = data.aws_availability_zones.azs.names[1]
    cidr_block = ""192.168.1.0/24""
    vpc_id = aws_vpc.vpc.id
    map_public_ip_on_launch = true
}

resource ""aws_subnet"" ""subnet_az3"" {
    availability_zone = data.aws_availability_zones.azs.names[2]
    cidr_block = ""192.168.2.0/24""
    vpc_id = aws_vpc.vpc.id
    map_public_ip_on_launch = true
}

resource ""aws_internet_gateway"" ""main"" {
  vpc_id = aws_vpc.vpc.id
}

resource ""aws_route_table"" ""main"" {
  vpc_id = aws_vpc.vpc.id

  route {
    cidr_block = ""0.0.0.0/0""
    gateway_id = aws_internet_gateway.main.id
  }
}

resource ""aws_route_table_association"" ""first"" {
  subnet_id      = aws_subnet.subnet_az1.id
  route_table_id = aws_route_table.main.id
}

resource ""aws_route_table_association"" ""second"" {
  subnet_id      = aws_subnet.subnet_az2.id
  route_table_id = aws_route_table.main.id
}

resource ""aws_route_table_association"" ""third"" {
  subnet_id      = aws_subnet.subnet_az3.id
  route_table_id = aws_route_table.main.id
}

resource ""aws_security_group"" ""sg"" {
    vpc_id = aws_vpc.vpc.id
}

resource ""aws_vpc_security_group_ingress_rule"" ""ingress1"" {
  security_group_id = aws_security_group.sg.id
  cidr_ipv4 = ""0.0.0.0/0""
  ip_protocol = ""-1""
}

resource ""aws_vpc_security_group_egress_rule"" ""egress1"" {
  security_group_id = aws_security_group.sg.id
  cidr_ipv4         = ""0.0.0.0/0""
  ip_protocol       = ""-1""
}

resource ""aws_kms_key"" ""kms"" {
    description = ""kms_key_for_msk""
}

resource ""aws_msk_cluster"" ""example"" {
    cluster_name = ""example""
    kafka_version = ""3.2.0""
    number_of_broker_nodes = 3

    broker_node_group_info {
        instance_type = ""kafka.t3.small""
        client_subnets = [
            aws_subnet.subnet_az1.id,
            aws_subnet.subnet_az2.id,
            aws_subnet.subnet_az3.id,
        ]
        storage_info {
            ebs_storage_info {
                volume_size = 1000
            }
        }
        security_groups = [aws_security_group.sg.id]
    }

    encryption_info {
        encryption_at_rest_kms_key_arn = aws_kms_key.kms.arn
    }

    open_monitoring {
        prometheus {
            jmx_exporter {
                enabled_in_broker = true
            }
            node_exporter {
                enabled_in_broker = true
            }
        }
    }

    logging_info {
        broker_logs {
            cloudwatch_logs {
                enabled = false
            }
            firehose {
                enabled = false
            }
            s3 {
                enabled = false
            }
        }
    }
}

output ""zookeeper_connect_string"" {
    value = aws_msk_cluster.example.zookeeper_connect_string
}

output ""bootstrap_brokers_tls"" {
    description = ""TLS connection host:port pairs""
    value = aws_msk_cluster.example.bootstrap_brokers_tls
}
",resource_changes,False,autoiac-project/iac-eval,>= 1.15.0,1.16.1
aws/task-208,aws,6,"aws_availability_zones, aws_iam_policy_document, aws_msk_cluster, aws_security_group, aws_subnet, aws_vpc","# Task 208


Create a managed MSK cluster with jmx_exporter and node_exporter both enabled.

## Intent

Has one ""aws_msk_cluster"" resource
with one ""open_monitoring""
with one ""prometheus""
with one ""jmx_exporter""
with one ""enabled_in_broker"" = true
with one ""node_exporter""
with one ""enabled_in_broker"" = true","Has one ""aws_msk_cluster"" resource
with one ""open_monitoring""
with one ""prometheus""
with one ""jmx_exporter""
with one ""enabled_in_broker"" = true
with one ""node_exporter""
with one ""enabled_in_broker"" = true","package terraform.policy

import rego.v1

default allow = false

# Check if any MSK cluster is being created
msk_cluster_created(resources) if {
some resource in resources
resource.type == ""aws_msk_cluster""
resource.change.actions[_] == ""create""
}

# Check if both jmx_exporter and node_exporter are enabled
prometheus_exporters_enabled(resource) if {
resource.type == ""aws_msk_cluster""
resource.change.after.open_monitoring[_].prometheus[_].jmx_exporter[_].enabled_in_broker == true
resource.change.after.open_monitoring[_].prometheus[_].node_exporter[_].enabled_in_broker == true
}

# Aggregate all checks
allow if {
msk_cluster_created(input.resource_changes)
some resource in input.resource_changes
prometheus_exporters_enabled(resource)
}

main if {
    allow
}
","terraform {
  required_version = "">= 1.15.0""

  required_providers {
    aws = {
      source  = ""hashicorp/aws""
      version = ""~> 6.0""
    }
  }
}

provider ""aws"" {
  region = ""us-east-1""
}

resource ""aws_vpc"" ""vpc"" {
    cidr_block = ""192.168.0.0/22""
}

data ""aws_availability_zones"" ""azs"" {
    state = ""available""
}

resource ""aws_subnet"" ""subnet_az1"" {
    availability_zone = data.aws_availability_zones.azs.names[0]
    cidr_block = ""192.168.0.0/24""
    vpc_id = aws_vpc.vpc.id
    map_public_ip_on_launch = true
}

resource ""aws_subnet"" ""subnet_az2"" {
    availability_zone = data.aws_availability_zones.azs.names[1]
    cidr_block = ""192.168.1.0/24""
    vpc_id = aws_vpc.vpc.id
    map_public_ip_on_launch = true
}

resource ""aws_subnet"" ""subnet_az3"" {
    availability_zone = data.aws_availability_zones.azs.names[2]
    cidr_block = ""192.168.2.0/24""
    vpc_id = aws_vpc.vpc.id
    map_public_ip_on_launch = true
}

resource ""aws_internet_gateway"" ""main"" {
  vpc_id = aws_vpc.vpc.id
}

resource ""aws_route_table"" ""main"" {
  vpc_id = aws_vpc.vpc.id

  route {
    cidr_block = ""0.0.0.0/0""
    gateway_id = aws_internet_gateway.main.id
  }
}

resource ""aws_route_table_association"" ""first"" {
  subnet_id      = aws_subnet.subnet_az1.id
  route_table_id = aws_route_table.main.id
}

resource ""aws_route_table_association"" ""second"" {
  subnet_id      = aws_subnet.subnet_az2.id
  route_table_id = aws_route_table.main.id
}

resource ""aws_route_table_association"" ""third"" {
  subnet_id      = aws_subnet.subnet_az3.id
  route_table_id = aws_route_table.main.id
}

resource ""aws_security_group"" ""sg"" {
    vpc_id = aws_vpc.vpc.id
}

resource ""aws_vpc_security_group_ingress_rule"" ""ingress1"" {
  security_group_id = aws_security_group.sg.id
  cidr_ipv4 = ""0.0.0.0/0""
  ip_protocol = ""-1""
}

resource ""aws_vpc_security_group_egress_rule"" ""egress1"" {
  security_group_id = aws_security_group.sg.id
  cidr_ipv4         = ""0.0.0.0/0""
  ip_protocol       = ""-1""
}

data ""aws_iam_policy_document"" ""assume_role"" {
    statement {
        effect = ""Allow""
        principals {
            type = ""Service""
            identifiers = [""firehose.amazonaws.com""]
        }
        actions = [""sts:AssumeRole""]
        }
}

resource ""aws_msk_cluster"" ""example"" {
    cluster_name = ""example""
    kafka_version = ""3.2.0""
    number_of_broker_nodes = 3

    broker_node_group_info {
        instance_type = ""kafka.t3.small""
        client_subnets = [
            aws_subnet.subnet_az1.id,
            aws_subnet.subnet_az2.id,
            aws_subnet.subnet_az3.id,
        ]
        storage_info {
            ebs_storage_info {
                volume_size = 1000
            }
        }
        security_groups = [aws_security_group.sg.id]
    }

    open_monitoring {
        prometheus {
            jmx_exporter {
                enabled_in_broker = true
            }
            node_exporter {
                enabled_in_broker = true
            }
        }
    }

    logging_info {
        broker_logs {
            cloudwatch_logs {
                enabled = false
            }
            firehose {
                enabled = false
            }
            s3 {
                enabled = false
            }
        }
    }
}

output ""zookeeper_connect_string"" {
    value = aws_msk_cluster.example.zookeeper_connect_string
}

output ""bootstrap_brokers_tls"" {
description = ""TLS connection host:port pairs""
    value = aws_msk_cluster.example.bootstrap_brokers_tls
}
",resource_changes,False,autoiac-project/iac-eval,>= 1.15.0,1.16.1
aws/task-209,aws,5,"aws_availability_zones, aws_msk_serverless_cluster, aws_security_group, aws_subnet, aws_vpc","# Task 209


Create a serverless MSK cluster in us-east1.

## Intent

Has one ""aws_msk_serverless_cluster"" resource
Requires aws provider with alias of ""aws"" with a region of us-east-1","Has one ""aws_msk_serverless_cluster"" resource
Requires aws provider with alias of ""aws"" with a region of us-east-1","package terraform.policy

import rego.v1

default allow = false

msk_serverless_cluster_created(resources) if {
    some resource in resources
    resource.type == ""aws_msk_serverless_cluster""
    resource.change.actions[_] == ""create""
}

allow if {
    msk_serverless_cluster_created(input.resource_changes)
}

main if {
    allow
}
","terraform {
  required_version = "">= 1.15.0""

  required_providers {
    aws = {
      source  = ""hashicorp/aws""
      version = ""~> 6.0""
    }
  }
}

provider ""aws"" {
  region = ""us-east-1""
}

resource ""aws_vpc"" ""vpc"" {
    cidr_block = ""192.168.0.0/22""
    enable_dns_support = true
    enable_dns_hostnames = true
}

data ""aws_availability_zones"" ""azs"" {
    state = ""available""
}

resource ""aws_subnet"" ""subnet_az1"" {
    availability_zone = data.aws_availability_zones.azs.names[0]
    cidr_block = ""192.168.0.0/24""
    vpc_id = aws_vpc.vpc.id
    map_public_ip_on_launch = true
}

resource ""aws_subnet"" ""subnet_az2"" {
    availability_zone = data.aws_availability_zones.azs.names[1]
    cidr_block = ""192.168.1.0/24""
    vpc_id = aws_vpc.vpc.id
    map_public_ip_on_launch = true
}

resource ""aws_subnet"" ""subnet_az3"" {
    availability_zone = data.aws_availability_zones.azs.names[2]
    cidr_block = ""192.168.2.0/24""
    vpc_id = aws_vpc.vpc.id
    map_public_ip_on_launch = true
}

resource ""aws_internet_gateway"" ""main"" {
  vpc_id = aws_vpc.vpc.id
}

resource ""aws_route_table"" ""main"" {
  vpc_id = aws_vpc.vpc.id

  route {
    cidr_block = ""0.0.0.0/0""
    gateway_id = aws_internet_gateway.main.id
  }
}

resource ""aws_route_table_association"" ""first"" {
  subnet_id      = aws_subnet.subnet_az1.id
  route_table_id = aws_route_table.main.id
}

resource ""aws_route_table_association"" ""second"" {
  subnet_id      = aws_subnet.subnet_az2.id
  route_table_id = aws_route_table.main.id
}

resource ""aws_route_table_association"" ""third"" {
  subnet_id      = aws_subnet.subnet_az3.id
  route_table_id = aws_route_table.main.id
}

resource ""aws_security_group"" ""sg"" {
    vpc_id = aws_vpc.vpc.id
}

resource ""aws_vpc_security_group_ingress_rule"" ""ingress1"" {
  security_group_id = aws_security_group.sg.id
  cidr_ipv4 = ""0.0.0.0/0""
  ip_protocol = ""-1""
}

resource ""aws_vpc_security_group_egress_rule"" ""egress1"" {
  security_group_id = aws_security_group.sg.id
  cidr_ipv4         = ""0.0.0.0/0""
  ip_protocol       = ""-1""
}

resource ""aws_msk_serverless_cluster"" ""example"" {
    cluster_name = ""Example""

    vpc_config {
        subnet_ids = [aws_subnet.subnet_az1.id, aws_subnet.subnet_az2.id, aws_subnet.subnet_az3.id]
        security_group_ids = [aws_security_group.sg.id]
    }

    client_authentication {
        sasl {
            iam {
                enabled = true
            }
        }
    }
}
",resource_changes,False,autoiac-project/iac-eval,>= 1.15.0,1.16.1
aws/task-212,aws,5,"aws_availability_zones, aws_msk_serverless_cluster, aws_security_group, aws_subnet, aws_vpc","# Task 212


Create a serverless MSK cluster in us-east2.

## Intent

Has one ""aws_msk_serverless_cluster"" resource
Requires aws provider with alias of ""aws"" with a region of us-east-2","Has one ""aws_msk_serverless_cluster"" resource
Requires aws provider with alias of ""aws"" with a region of us-east-2","package terraform.policy

import rego.v1

default allow = false

msk_serverless_cluster_created(resources) if {
    some resource in resources
    resource.type == ""aws_msk_serverless_cluster""
    resource.change.actions[_] == ""create""
}

allow if {
    msk_serverless_cluster_created(input.resource_changes)
}

main if {
    allow
}
","terraform {
  required_version = "">= 1.15.0""

  required_providers {
    aws = {
      source  = ""hashicorp/aws""
      version = ""~> 6.0""
    }
  }
}

provider ""aws"" {
  region = ""us-east-2""
}

resource ""aws_vpc"" ""vpc"" {
    cidr_block = ""192.168.0.0/22""
    enable_dns_support = true
    enable_dns_hostnames = true
}

data ""aws_availability_zones"" ""azs"" {
    state = ""available""
}

resource ""aws_subnet"" ""subnet_az1"" {
    availability_zone = data.aws_availability_zones.azs.names[0]
    cidr_block = ""192.168.0.0/24""
    vpc_id = aws_vpc.vpc.id
    map_public_ip_on_launch = true
}

resource ""aws_subnet"" ""subnet_az2"" {
    availability_zone = data.aws_availability_zones.azs.names[1]
    cidr_block = ""192.168.1.0/24""
    vpc_id = aws_vpc.vpc.id
    map_public_ip_on_launch = true
}

resource ""aws_subnet"" ""subnet_az3"" {
    availability_zone = data.aws_availability_zones.azs.names[2]
    cidr_block = ""192.168.2.0/24""
    vpc_id = aws_vpc.vpc.id
    map_public_ip_on_launch = true
}

resource ""aws_internet_gateway"" ""main"" {
  vpc_id = aws_vpc.vpc.id
}

resource ""aws_route_table"" ""main"" {
  vpc_id = aws_vpc.vpc.id

  route {
    cidr_block = ""0.0.0.0/0""
    gateway_id = aws_internet_gateway.main.id
  }
}

resource ""aws_route_table_association"" ""first"" {
  subnet_id      = aws_subnet.subnet_az1.id
  route_table_id = aws_route_table.main.id
}

resource ""aws_route_table_association"" ""second"" {
  subnet_id      = aws_subnet.subnet_az2.id
  route_table_id = aws_route_table.main.id
}

resource ""aws_route_table_association"" ""third"" {
  subnet_id      = aws_subnet.subnet_az3.id
  route_table_id = aws_route_table.main.id
}

resource ""aws_security_group"" ""sg"" {
    vpc_id = aws_vpc.vpc.id
}

resource ""aws_vpc_security_group_ingress_rule"" ""ingress1"" {
  security_group_id = aws_security_group.sg.id
  cidr_ipv4 = ""0.0.0.0/0""
  ip_protocol = ""-1""
}

resource ""aws_vpc_security_group_egress_rule"" ""egress1"" {
  security_group_id = aws_security_group.sg.id
  cidr_ipv4         = ""0.0.0.0/0""
  ip_protocol       = ""-1""
}

resource ""aws_msk_serverless_cluster"" ""example"" {
    cluster_name = ""Example""

    vpc_config {
        subnet_ids = [aws_subnet.subnet_az1.id, aws_subnet.subnet_az2.id, aws_subnet.subnet_az3.id]
        security_group_ids = [aws_security_group.sg.id]
    }

    client_authentication {
        sasl {
            iam {
                enabled = true
            }
        }
    }
}
",resource_changes,False,autoiac-project/iac-eval,>= 1.15.0,1.16.1
aws/task-213,aws,6,"aws_availability_zones, aws_cloudwatch_log_group, aws_iam_policy_document, aws_iam_role, aws_kinesis_firehose_delivery_stream, aws_kms_key, aws_msk_cluster, aws_s3_bucket, aws_s3_bucket_acl, aws_s3_bucket_ownership_controls, aws_security_group, aws_subnet, aws_vpc","# Task 213


Create a MSK with 3 broker nodes outputting to a CloudWatch log group, an S3 bucket, a Kinesis Firehose delivery stream. The MSK should encryption at rest, open monitoring.

## Intent

Has one ""aws_msk_cluster"" resource
with one ""number_of_broker_nodes"" = 3
with one ""logging_info""
with one ""broker_logs""
with one ""cloudwatch_logs""
with one ""enabled"" = true
with one ""s3""
with one ""enabled"" = true
with one ""firehose""
with one ""enabled"" = true
with one ""encryption_info""
with one ""encryption_at_rest_kms_key_arn""
with one ""open_monitoring""
with one ""prometheus""
with one ""jmx_exporter""
with one ""enabled_in_broker"" = true
with one ""node_exporter""
with one ""enabled_in_broker"" = true
Requires aws provider with alias of ""aws"" with a region of us-east-1","Has one ""aws_msk_cluster"" resource
with one ""number_of_broker_nodes"" = 3
with one ""logging_info""
with one ""broker_logs""
with one ""cloudwatch_logs""
with one ""enabled"" = true
with one ""s3""
with one ""enabled"" = true
with one ""firehose""
with one ""enabled"" = true
with one ""encryption_info""
with one ""encryption_at_rest_kms_key_arn""
with one ""open_monitoring""
with one ""prometheus""
with one ""jmx_exporter""
with one ""enabled_in_broker"" = true
with one ""node_exporter""
with one ""enabled_in_broker"" = true
Requires aws provider with alias of ""aws"" with a region of us-east-1","package terraform.policy

import rego.v1

default allow = false

msk_cluster_created(resources) if {
    some resource in resources
    resource.type == ""aws_msk_cluster""
    resource.change.actions[_] == ""create""
}

broker_node_count_valid(resources) if {
    some resource in resources
    resource.type == ""aws_msk_cluster""
    resource.change.after.number_of_broker_nodes == 3
}

prometheus_exporters_enabled(resources) if {
    some resource in resources
    resource.type == ""aws_msk_cluster""
    resource.change.after.open_monitoring[0].prometheus[0].jmx_exporter[0].enabled_in_broker == true
    resource.change.after.open_monitoring[0].prometheus[0].node_exporter[0].enabled_in_broker == true
}

allow if {
    msk_cluster_created(input.resource_changes)
    broker_node_count_valid(input.resource_changes)
    prometheus_exporters_enabled(input.resource_changes)
}

main if {
    allow
}
","terraform {
  required_version = "">= 1.15.0""

  required_providers {
    aws = {
      source  = ""hashicorp/aws""
      version = ""~> 6.0""
    }
  }
}

provider ""aws"" {
  region = ""us-east-1""
}

resource ""aws_vpc"" ""vpc"" {
    cidr_block = ""192.168.0.0/22""
}

data ""aws_availability_zones"" ""azs"" {
    state = ""available""
}

resource ""aws_subnet"" ""subnet_az1"" {
    availability_zone = data.aws_availability_zones.azs.names[0]
    cidr_block = ""192.168.0.0/24""
    vpc_id = aws_vpc.vpc.id
    map_public_ip_on_launch = true
}

resource ""aws_subnet"" ""subnet_az2"" {
    availability_zone = data.aws_availability_zones.azs.names[1]
    cidr_block = ""192.168.1.0/24""
    vpc_id = aws_vpc.vpc.id
    map_public_ip_on_launch = true
}

resource ""aws_subnet"" ""subnet_az3"" {
    availability_zone = data.aws_availability_zones.azs.names[2]
    cidr_block = ""192.168.2.0/24""
    vpc_id = aws_vpc.vpc.id
    map_public_ip_on_launch = true
}

resource ""aws_internet_gateway"" ""main"" {
  vpc_id = aws_vpc.vpc.id
}

resource ""aws_route_table"" ""main"" {
  vpc_id = aws_vpc.vpc.id

  route {
    cidr_block = ""0.0.0.0/0""
    gateway_id = aws_internet_gateway.main.id
  }
}

resource ""aws_route_table_association"" ""first"" {
  subnet_id      = aws_subnet.subnet_az1.id
  route_table_id = aws_route_table.main.id
}

resource ""aws_route_table_association"" ""second"" {
  subnet_id      = aws_subnet.subnet_az2.id
  route_table_id = aws_route_table.main.id
}

resource ""aws_route_table_association"" ""third"" {
  subnet_id      = aws_subnet.subnet_az3.id
  route_table_id = aws_route_table.main.id
}

resource ""aws_security_group"" ""sg"" {
    vpc_id = aws_vpc.vpc.id
}

resource ""aws_vpc_security_group_ingress_rule"" ""ingress1"" {
  security_group_id = aws_security_group.sg.id
  cidr_ipv4 = ""0.0.0.0/0""
  ip_protocol = ""-1""
}

resource ""aws_vpc_security_group_egress_rule"" ""egress1"" {
  security_group_id = aws_security_group.sg.id
  cidr_ipv4         = ""0.0.0.0/0""
  ip_protocol       = ""-1""
}

resource ""aws_kms_key"" ""kms"" {
    description = ""example""
}

resource ""aws_cloudwatch_log_group"" ""test"" {
    name = ""msk_broker_logs""
}

resource ""aws_s3_bucket"" ""bucket"" {
    bucket_prefix = ""msk-broker-logs-""
}

resource ""aws_s3_bucket_ownership_controls"" ""example"" {
    bucket = aws_s3_bucket.bucket.id
    rule {
        object_ownership = ""BucketOwnerPreferred""
    }
}

resource ""aws_s3_bucket_acl"" ""example"" {
    depends_on = [aws_s3_bucket_ownership_controls.example]

    bucket = aws_s3_bucket.bucket.id
    acl = ""private""
}

data ""aws_iam_policy_document"" ""assume_role"" {
    statement {
        effect = ""Allow""
        principals {
            type = ""Service""
            identifiers = [""firehose.amazonaws.com""]
        }
        actions = [""sts:AssumeRole""]
    }
}

resource ""aws_iam_role"" ""firehose_role"" {
    name = ""firehose_test_role""
    assume_role_policy = data.aws_iam_policy_document.assume_role.json
}

resource ""aws_kinesis_firehose_delivery_stream"" ""test_stream"" {
    name = ""terraform-kinesis-firehose-msk-broker-logs-stream""
    destination = ""extended_s3""

    extended_s3_configuration {
        role_arn = aws_iam_role.firehose_role.arn
        bucket_arn = aws_s3_bucket.bucket.arn
    }

    tags = {
        LogDeliveryEnabled = ""placeholder""
    }

    lifecycle {
        ignore_changes = [
            tags[""LogDeliveryEnabled""],
        ]
    }
}

resource ""aws_msk_cluster"" ""example"" {
    cluster_name = ""example""
    kafka_version = ""3.2.0""
    number_of_broker_nodes = 3

    broker_node_group_info {
        instance_type = ""kafka.t3.small""
        client_subnets = [
            aws_subnet.subnet_az1.id,
            aws_subnet.subnet_az2.id,
            aws_subnet.subnet_az3.id,
        ]
        storage_info {
            ebs_storage_info {
                volume_size = 1000
            }
        }
        security_groups = [aws_security_group.sg.id]
    }

    encryption_info {
        encryption_at_rest_kms_key_arn = aws_kms_key.kms.arn
    }

    open_monitoring {
        prometheus {
            jmx_exporter {
                enabled_in_broker = true
            }
            node_exporter {
                enabled_in_broker = true
            }
        }
    }

    logging_info {
        broker_logs {
            cloudwatch_logs {
                enabled = true
                log_group = aws_cloudwatch_log_group.test.name
            }
            firehose {
                enabled = true
                delivery_stream = aws_kinesis_firehose_delivery_stream.test_stream.name
            }
            s3 {
                enabled = true
                bucket = aws_s3_bucket.bucket.id
                prefix = ""logs/msk-""
            }
        }
    }
}

output ""zookeeper_connect_string"" {
    value = aws_msk_cluster.example.zookeeper_connect_string
}

output ""bootstrap_brokers_tls"" {
    description = ""TLS connection host:port pairs""
    value = aws_msk_cluster.example.bootstrap_brokers_tls
}
",resource_changes,False,autoiac-project/iac-eval,>= 1.15.0,1.16.1
aws/task-214,aws,6,"aws_availability_zones, aws_iam_role, aws_msk_cluster, aws_mskconnect_connector, aws_mskconnect_custom_plugin, aws_s3_bucket, aws_s3_object, aws_security_group, aws_subnet, aws_vpc","# Task 214


Create a managed MSK with 3 broker nodes in us-east-1. Creates an MSK Connect custom plugin using a ""debezium.zip"" and finally create an MSK Connect connector that uses the custom plugin and connects to the MSK cluster

## Intent

Has one ""aws_mskconnect_custom_plugin"" resource
with one ""content_type"" = ""ZIP""
with one ""location""
with one ""s3""
with one ""file_key"" = ""debezium.zip""
Has one ""aws_mskconnect_connector"" resource","Has one ""aws_mskconnect_custom_plugin"" resource
with one ""content_type"" = ""ZIP""
with one ""location""
with one ""s3""
with one ""file_key"" = ""debezium.zip""
Has one ""aws_mskconnect_connector"" resource","package terraform.policy

import rego.v1

default allow = false

msk_connect_plugin_created(resources) if {
    some resource in resources
    resource.type == ""aws_mskconnect_custom_plugin""
    resource.change.actions[_] == ""create""
}

plugin_content_type_valid(resources) if {
    some resource in resources
    resource.type == ""aws_mskconnect_custom_plugin""
    resource.change.after.content_type == ""ZIP""
}

msk_connect_connector_created(resources) if {
    some resource in resources
    resource.type == ""aws_mskconnect_connector""
    resource.change.actions[_] == ""create""
}

allow if {
    msk_connect_plugin_created(input.resource_changes)
    plugin_content_type_valid(input.resource_changes)
    msk_connect_connector_created(input.resource_changes)
}

main if {
    allow
}
","terraform {
  required_version = "">= 1.15.0""

  required_providers {
    aws = {
      source  = ""hashicorp/aws""
      version = ""~> 6.0""
    }
  }
}

provider ""aws"" {
  region = ""us-east-1""
}

resource ""aws_vpc"" ""vpc"" {
    cidr_block = ""192.168.0.0/22""
}

data ""aws_availability_zones"" ""azs"" {
    state = ""available""
}

resource ""aws_subnet"" ""subnet_az1"" {
    availability_zone = data.aws_availability_zones.azs.names[0]
    cidr_block = ""192.168.0.0/24""
    vpc_id = aws_vpc.vpc.id
    map_public_ip_on_launch = true
}

resource ""aws_subnet"" ""subnet_az2"" {
    availability_zone = data.aws_availability_zones.azs.names[1]
    cidr_block = ""192.168.1.0/24""
    vpc_id = aws_vpc.vpc.id
    map_public_ip_on_launch = true
}

resource ""aws_subnet"" ""subnet_az3"" {
    availability_zone = data.aws_availability_zones.azs.names[2]
    cidr_block = ""192.168.2.0/24""
    vpc_id = aws_vpc.vpc.id
    map_public_ip_on_launch = true
}

resource ""aws_internet_gateway"" ""main"" {
  vpc_id = aws_vpc.vpc.id
}

resource ""aws_route_table"" ""main"" {
  vpc_id = aws_vpc.vpc.id

  route {
    cidr_block = ""0.0.0.0/0""
    gateway_id = aws_internet_gateway.main.id
  }
}

resource ""aws_route_table_association"" ""first"" {
  subnet_id      = aws_subnet.subnet_az1.id
  route_table_id = aws_route_table.main.id
}

resource ""aws_route_table_association"" ""second"" {
  subnet_id      = aws_subnet.subnet_az2.id
  route_table_id = aws_route_table.main.id
}

resource ""aws_route_table_association"" ""third"" {
  subnet_id      = aws_subnet.subnet_az3.id
  route_table_id = aws_route_table.main.id
}

resource ""aws_security_group"" ""sg"" {
    vpc_id = aws_vpc.vpc.id
}

resource ""aws_vpc_security_group_ingress_rule"" ""ingress1"" {
  security_group_id = aws_security_group.sg.id
  cidr_ipv4 = ""0.0.0.0/0""
  ip_protocol = ""-1""
}

resource ""aws_vpc_security_group_egress_rule"" ""egress1"" {
  security_group_id = aws_security_group.sg.id
  cidr_ipv4         = ""0.0.0.0/0""
  ip_protocol       = ""-1""
}

resource ""aws_msk_cluster"" ""example"" {
    cluster_name = ""example""
    kafka_version = ""3.2.0""
    number_of_broker_nodes = 3

    broker_node_group_info {
        instance_type = ""kafka.t3.small""
        client_subnets = [
            aws_subnet.subnet_az1.id,
            aws_subnet.subnet_az2.id,
            aws_subnet.subnet_az3.id,
        ]
        storage_info {
            ebs_storage_info {
                volume_size = 100
            }
        }
        security_groups = [aws_security_group.sg.id]
    }

    open_monitoring {
        prometheus {
            jmx_exporter {
                enabled_in_broker = true
            }
            node_exporter {
                enabled_in_broker = true
            }
        }
    }

    logging_info {
        broker_logs {
            cloudwatch_logs {
                enabled = false
            }
            firehose {
                enabled = false
            }
            s3 {
                enabled = false
            }
        }
    }
}

resource ""aws_s3_bucket"" ""example"" {
    bucket_prefix = ""my-bucket-""
}

resource ""aws_s3_object"" ""example"" {
    bucket = aws_s3_bucket.example.id
    key = ""my-connector.zip""
    source = ""./supplement/my-connector.zip""
}

resource ""aws_mskconnect_custom_plugin"" ""example"" {
    name = ""my-connector""
    content_type = ""ZIP""
    location {
        s3 {
            bucket_arn = aws_s3_bucket.example.arn
            file_key = aws_s3_object.example.key
        }
    }
}

resource ""aws_iam_role"" ""aws_msk_connector_role"" {
    name = ""test_role""

    assume_role_policy = jsonencode({
        Version = ""2012-10-17""
        Statement = [
            {
                Effect = ""Allow"",
                Principal = {
                    Service = ""kafkaconnect.amazonaws.com""
                },
                Action = ""sts:AssumeRole"",
            }
        ]
    })
}

resource ""aws_iam_policy"" ""msk_connector_policy"" {
  name        = ""msk-connector-policy""
  description = ""IAM policy for MSK Connector""

  policy = jsonencode({
    Version = ""2012-10-17""
    Statement = [
      {
        Effect = ""Allow""
        Action = [
          ""kafka:DescribeCluster"",
          ""kafka:DescribeClusterV2"",
          ""kafka:DescribeTopic"",
          ""kafka:CreateTopic"",
          ""kafka:DeleteTopic"",
          ""kafka:WriteData"",
          ""kafka:ReadData""
        ]
        Resource = ""${aws_msk_cluster.example.arn}/*""
      },
      {
        Effect = ""Allow""
        Action = [
          ""s3:GetObject"",
          ""s3:PutObject"",
          ""s3:ListBucket""
        ]
        Resource = [
          ""${aws_s3_bucket.example.arn}"",
          ""${aws_s3_bucket.example.arn}/*""
        ]
      }
    ]
  })
}

resource ""aws_iam_role_policy_attachment"" ""msk_connector_attach_policy"" {
  role       = aws_iam_role.aws_msk_connector_role.name
  policy_arn = aws_iam_policy.msk_connector_policy.arn
}


resource ""aws_mskconnect_connector"" ""example_connector"" {
    name = ""example""

    kafkaconnect_version = ""2.7.1""

    capacity {
        autoscaling {
            mcu_count = 1
            min_worker_count = 1
            max_worker_count = 2

            scale_in_policy {
                cpu_utilization_percentage = 20
            }

            scale_out_policy {
                cpu_utilization_percentage = 80
            }
        }
    }

    connector_configuration = {
        # modify the following connector class according to your code
        # the connector code depends on your msk setting
        # we will not provide an example connector code here
        ""connector.class"" = ""com.github.xxx.kafka.connect.simulator.SimulatorSinkConnector""
        ""tasks.max"" = ""1""
        ""topics"" = ""example""
    }

    kafka_cluster {
        apache_kafka_cluster {
            bootstrap_servers = aws_msk_cluster.example.bootstrap_brokers_tls

            vpc {
                security_groups = [aws_security_group.sg.id]
                subnets = [aws_subnet.subnet_az1.id, 
                           aws_subnet.subnet_az2.id, 
                           aws_subnet.subnet_az3.id]
            }
        }
    }

    kafka_cluster_client_authentication {
        authentication_type = ""NONE""
    }

    kafka_cluster_encryption_in_transit {
        encryption_type = ""PLAINTEXT""
    }

    plugin {
        custom_plugin {
            arn = aws_mskconnect_custom_plugin.example.arn
            revision = aws_mskconnect_custom_plugin.example.latest_revision
        }
    }

    service_execution_role_arn = aws_iam_role.aws_msk_connector_role.arn
}
",resource_changes,False,autoiac-project/iac-eval,>= 1.15.0,1.16.1
aws/task-215,aws,6,"aws_availability_zones, aws_cloudwatch_log_group, aws_iam_policy_document, aws_iam_role, aws_kinesis_firehose_delivery_stream, aws_kms_key, aws_msk_cluster, aws_mskconnect_connector, aws_mskconnect_custom_plugin, aws_s3_bucket, aws_s3_bucket_acl, aws_s3_bucket_ownership_controls, aws_s3_object, aws_security_group, aws_subnet, aws_vpc","# Task 215


Create a MSK with 3 broker nodes outputting to a CloudWatch log group, an S3 bucket, a Kinesis Firehose delivery stream. The MSK should encryption at rest, open monitoring. Creates an MSK Connect custom plugin using a ""debezium.zip"" and finally create an MSK Connect connector that uses the custom plugin and connects to the MSK cluster

## Intent

Has one ""aws_msk_cluster"" resource
with one ""number_of_broker_nodes"" = 3
with one ""logging_info""
with one ""broker_logs""
with one ""cloudwatch_logs""
with one ""enabled"" = true
with one ""s3""
with one ""enabled"" = true
with one ""firehose""
with one ""enabled"" = true
with one ""encryption_info""
with one ""encryption_at_rest_kms_key_arn""
with one ""open_monitoring""
with one ""prometheus""
with one ""jmx_exporter""
with one ""enabled_in_broker"" = true
with one ""node_exporter""
with one ""enabled_in_broker"" = true
# Requires aws provider with alias of ""aws"" with a region of us-east-1
Has one ""aws_mskconnect_custom_plugin"" resource
with one ""content_type"" = ""ZIP""
Has one ""aws_mskconnect_connector"" resource","Has one ""aws_msk_cluster"" resource
with one ""number_of_broker_nodes"" = 3
with one ""logging_info""
with one ""broker_logs""
with one ""cloudwatch_logs""
with one ""enabled"" = true
with one ""s3""
with one ""enabled"" = true
with one ""firehose""
with one ""enabled"" = true
with one ""encryption_info""
with one ""encryption_at_rest_kms_key_arn""
with one ""open_monitoring""
with one ""prometheus""
with one ""jmx_exporter""
with one ""enabled_in_broker"" = true
with one ""node_exporter""
with one ""enabled_in_broker"" = true
# Requires aws provider with alias of ""aws"" with a region of us-east-1
Has one ""aws_mskconnect_custom_plugin"" resource
with one ""content_type"" = ""ZIP""
Has one ""aws_mskconnect_connector"" resource","package terraform.policy

import rego.v1

default allow = false

msk_cluster_created(resources) if {
    some resource in resources
    resource.type == ""aws_msk_cluster""
    resource.change.actions[_] == ""create""
}

broker_node_count_valid(resources) if {
    some resource in resources
    resource.type == ""aws_msk_cluster""
    resource.change.after.number_of_broker_nodes == 3
}

prometheus_exporters_enabled(resources) if {
    some resource in resources
    resource.type == ""aws_msk_cluster""
    resource.change.after.open_monitoring[0].prometheus[0].jmx_exporter[0].enabled_in_broker == true
    resource.change.after.open_monitoring[0].prometheus[0].node_exporter[0].enabled_in_broker == true
}

msk_connect_plugin_created(resources) if {
    some resource in resources
    resource.type == ""aws_mskconnect_custom_plugin""
    resource.change.actions[_] == ""create""
}

plugin_content_type_valid(resources) if {
    some resource in resources
    resource.type == ""aws_mskconnect_custom_plugin""
    resource.change.after.content_type == ""ZIP""
}

msk_connect_connector_created(resources) if {
    some resource in resources
    resource.type == ""aws_mskconnect_connector""
    resource.change.actions[_] == ""create""
}

allow if {
    msk_cluster_created(input.resource_changes)
    broker_node_count_valid(input.resource_changes)
    prometheus_exporters_enabled(input.resource_changes)
    msk_connect_plugin_created(input.resource_changes)
    plugin_content_type_valid(input.resource_changes)
    msk_connect_connector_created(input.resource_changes)
}

main if {
    allow
}
","terraform {
  required_version = "">= 1.15.0""

  required_providers {
    aws = {
      source  = ""hashicorp/aws""
      version = ""~> 6.0""
    }
  }
}

provider ""aws"" {
  region = ""us-east-1""
}

resource ""aws_vpc"" ""vpc"" {
    cidr_block = ""192.168.0.0/22""
}

data ""aws_availability_zones"" ""azs"" {
    state = ""available""
}

resource ""aws_subnet"" ""subnet_az1"" {
    availability_zone = data.aws_availability_zones.azs.names[0]
    cidr_block = ""192.168.0.0/24""
    vpc_id = aws_vpc.vpc.id
    map_public_ip_on_launch = true
}

resource ""aws_subnet"" ""subnet_az2"" {
    availability_zone = data.aws_availability_zones.azs.names[1]
    cidr_block = ""192.168.1.0/24""
    vpc_id = aws_vpc.vpc.id
    map_public_ip_on_launch = true
}

resource ""aws_subnet"" ""subnet_az3"" {
    availability_zone = data.aws_availability_zones.azs.names[2]
    cidr_block = ""192.168.2.0/24""
    vpc_id = aws_vpc.vpc.id
    map_public_ip_on_launch = true
}

resource ""aws_internet_gateway"" ""main"" {
  vpc_id = aws_vpc.vpc.id
}

resource ""aws_route_table"" ""main"" {
  vpc_id = aws_vpc.vpc.id

  route {
    cidr_block = ""0.0.0.0/0""
    gateway_id = aws_internet_gateway.main.id
  }
}

resource ""aws_route_table_association"" ""first"" {
  subnet_id      = aws_subnet.subnet_az1.id
  route_table_id = aws_route_table.main.id
}

resource ""aws_route_table_association"" ""second"" {
  subnet_id      = aws_subnet.subnet_az2.id
  route_table_id = aws_route_table.main.id
}

resource ""aws_route_table_association"" ""third"" {
  subnet_id      = aws_subnet.subnet_az3.id
  route_table_id = aws_route_table.main.id
}

resource ""aws_security_group"" ""sg"" {
    vpc_id = aws_vpc.vpc.id
}

resource ""aws_vpc_security_group_ingress_rule"" ""ingress1"" {
  security_group_id = aws_security_group.sg.id
  cidr_ipv4 = ""0.0.0.0/0""
  ip_protocol = ""-1""
}

resource ""aws_vpc_security_group_egress_rule"" ""egress1"" {
  security_group_id = aws_security_group.sg.id
  cidr_ipv4         = ""0.0.0.0/0""
  ip_protocol       = ""-1""
}

resource ""aws_kms_key"" ""kms"" {
    description = ""example""
}

resource ""aws_cloudwatch_log_group"" ""test"" {
    name = ""msk_broker_logs""
}

resource ""aws_s3_bucket"" ""log_bucket"" {
    bucket_prefix = ""msk-broker-logs-""
}

resource ""aws_s3_bucket_ownership_controls"" ""example"" {
    bucket = aws_s3_bucket.log_bucket.id
    rule {
        object_ownership = ""BucketOwnerPreferred""
    }
}

resource ""aws_s3_bucket_acl"" ""example"" {
    depends_on = [aws_s3_bucket_ownership_controls.example]

    bucket = aws_s3_bucket.log_bucket.id
    acl = ""private""
}

data ""aws_iam_policy_document"" ""assume_role"" {
    statement {
        effect = ""Allow""
        principals {
            type = ""Service""
            identifiers = [""firehose.amazonaws.com""]
        }
        actions = [""sts:AssumeRole""]
    }
}

resource ""aws_iam_role"" ""firehose_role"" {
    name = ""firehose_test_role""
    assume_role_policy = data.aws_iam_policy_document.assume_role.json
}

resource ""aws_kinesis_firehose_delivery_stream"" ""test_stream"" {
    name = ""terraform-kinesis-firehose-msk-broker-logs-stream""
    destination = ""extended_s3""

    extended_s3_configuration {
        role_arn = aws_iam_role.firehose_role.arn
        bucket_arn = aws_s3_bucket.log_bucket.arn
    }

    tags = {
        LogDeliveryEnabled = ""placeholder""
    }

    lifecycle {
        ignore_changes = [
            tags[""LogDeliveryEnabled""],
        ]
    }
}

resource ""aws_msk_cluster"" ""example"" {
    cluster_name = ""example""
    kafka_version = ""3.2.0""
    number_of_broker_nodes = 3

    broker_node_group_info {
        instance_type = ""kafka.t3.small""
        client_subnets = [
            aws_subnet.subnet_az1.id,
            aws_subnet.subnet_az2.id,
            aws_subnet.subnet_az3.id,
        ]
        storage_info {
            ebs_storage_info {
                volume_size = 1000
            }
        }
        security_groups = [aws_security_group.sg.id]
    }

    encryption_info {
        encryption_at_rest_kms_key_arn = aws_kms_key.kms.arn
    }

    open_monitoring {
        prometheus {
            jmx_exporter {
                enabled_in_broker = true
            }
            node_exporter {
                enabled_in_broker = true
            }
        }
    }

    logging_info {
        broker_logs {
            cloudwatch_logs {
                enabled = true
                log_group = aws_cloudwatch_log_group.test.name
            }
            firehose {
                enabled = true
                delivery_stream = aws_kinesis_firehose_delivery_stream.test_stream.name
            }
            s3 {
                enabled = true
                bucket = aws_s3_bucket.log_bucket.id
                prefix = ""logs/msk-""
            }
        }
    }
}

resource ""aws_s3_bucket"" ""example"" {
    bucket_prefix = ""my-bucket-""
}

resource ""aws_s3_object"" ""example"" {
    bucket = aws_s3_bucket.example.id
    key = ""my-connector.zip""
    source = ""./supplement/my-connector.zip""
}

resource ""aws_mskconnect_custom_plugin"" ""example"" {
    name = ""my-connector""
    content_type = ""ZIP""
    location {
        s3 {
            bucket_arn = aws_s3_bucket.example.arn
            file_key = aws_s3_object.example.key
        }
    }
}

resource ""aws_iam_role"" ""aws_msk_connector_role"" {
    name = ""test_role""

    assume_role_policy = jsonencode({
        Version = ""2012-10-17""
        Statement = [
            {
                Effect = ""Allow"",
                Principal = {
                    Service = ""kafkaconnect.amazonaws.com""
                },
                Action = ""sts:AssumeRole"",
            }
        ]
    })
}

resource ""aws_iam_policy"" ""msk_connector_policy"" {
  name        = ""msk-connector-policy""
  description = ""IAM policy for MSK Connector""

  policy = jsonencode({
    Version = ""2012-10-17""
    Statement = [
      {
        Effect = ""Allow""
        Action = [
          ""kafka:DescribeCluster"",
          ""kafka:DescribeClusterV2"",
          ""kafka:DescribeTopic"",
          ""kafka:CreateTopic"",
          ""kafka:DeleteTopic"",
          ""kafka:WriteData"",
          ""kafka:ReadData""
        ]
        Resource = ""${aws_msk_cluster.example.arn}/*""
      },
      {
        Effect = ""Allow""
        Action = [
          ""s3:GetObject"",
          ""s3:PutObject"",
          ""s3:ListBucket""
        ]
        Resource = [
          ""${aws_s3_bucket.example.arn}"",
          ""${aws_s3_bucket.example.arn}/*""
        ]
      }
    ]
  })
}

resource ""aws_iam_role_policy_attachment"" ""msk_connector_attach_policy"" {
  role       = aws_iam_role.aws_msk_connector_role.name
  policy_arn = aws_iam_policy.msk_connector_policy.arn
}


resource ""aws_mskconnect_connector"" ""example_connector"" {
    name = ""example""

    kafkaconnect_version = ""2.7.1""

    capacity {
        autoscaling {
            mcu_count = 1
            min_worker_count = 1
            max_worker_count = 2

            scale_in_policy {
                cpu_utilization_percentage = 20
            }

            scale_out_policy {
                cpu_utilization_percentage = 80
            }
        }
    }

    connector_configuration = {
        # modify the following connector class according to your code
        # the connector code depends on your msk setting
        # we will not provide an example connector code here
        ""connector.class"" = ""com.github.xxx.kafka.connect.simulator.SimulatorSinkConnector""
        ""tasks.max"" = ""1""
        ""topics"" = ""example""
    }

    kafka_cluster {
        apache_kafka_cluster {
            bootstrap_servers = aws_msk_cluster.example.bootstrap_brokers_tls

            vpc {
                security_groups = [aws_security_group.sg.id]
                subnets = [aws_subnet.subnet_az1.id, 
                           aws_subnet.subnet_az2.id, 
                           aws_subnet.subnet_az3.id]
            }
        }
    }

    kafka_cluster_client_authentication {
        authentication_type = ""NONE""
    }

    kafka_cluster_encryption_in_transit {
        encryption_type = ""PLAINTEXT""
    }

    plugin {
        custom_plugin {
            arn = aws_mskconnect_custom_plugin.example.arn
            revision = aws_mskconnect_custom_plugin.example.latest_revision
        }
    }

    service_execution_role_arn = aws_iam_role.aws_msk_connector_role.arn
}
",resource_changes,False,autoiac-project/iac-eval,>= 1.15.0,1.16.1
aws/task-216,aws,3,"aws_rds_cluster, aws_vpc","# Task 216


Create an Aurora MySQL cluster.

## Intent

Has a aws_rds_cluster with engine==""aurora-mysql""","Has a aws_rds_cluster with engine==""aurora-mysql""","package terraform.policy

import rego.v1

default allow = false

# Check for Aurora MySQL RDS cluster creation
rds_cluster_created(resources) if {
some resource in resources
resource.type == ""aws_rds_cluster""
resource.change.actions[_] == ""create""
}

# Check if the RDS cluster engine is Aurora MySQL
rds_cluster_engine_valid(resource) if {
resource.type == ""aws_rds_cluster""
resource.change.after.engine == ""aurora-mysql""
}

# Aggregate checks for Aurora MySQL RDS
allow if {
# RDS Cluster Checks
rds_cluster_created(input.resource_changes)
some resource in input.resource_changes
rds_cluster_engine_valid(resource)
}

main if {
    allow
}
","terraform {
  required_version = "">= 1.15.0""

  required_providers {
    aws = {
      source  = ""hashicorp/aws""
      version = ""~> 6.0""
    }
  }
}

# Configure the AWS Provider
provider ""aws"" {
region = ""us-east-1""
}

resource ""aws_vpc"" ""vpc"" {
cidr_block = ""192.168.0.0/22""
}

resource ""aws_rds_cluster"" ""default"" {
cluster_identifier = ""aurora-cluster-demo""
engine = ""aurora-mysql""
availability_zones = [""us-east-1a"", ""us-east-1b"", ""us-east-1c""]
database_name = ""mydb""
master_username = ""USERNAME""
master_password = ""PASSWORD""
backup_retention_period = 5
preferred_backup_window = ""07:00-09:00""
skip_final_snapshot = true
}
",resource_changes,False,autoiac-project/iac-eval,>= 1.15.0,1.16.1
aws/task-217,aws,3,"aws_rds_cluster, aws_vpc","# Task 217


Create an Aurora PostgresQL cluster

## Intent

Has a aws_rds_cluster with engine==""aurora-postgresql""","Has a aws_rds_cluster with engine==""aurora-postgresql""","package terraform.policy

import rego.v1

default allow = false

# Check for Aurora MySQL RDS cluster creation
rds_cluster_created(resources) if {
some resource in resources
resource.type == ""aws_rds_cluster""
resource.change.actions[_] == ""create""
}

# Check if the RDS cluster engine is Aurora MySQL
rds_cluster_engine_valid(resource) if {
resource.type == ""aws_rds_cluster""
resource.change.after.engine == ""aurora-postgresql""
}

# Aggregate checks for Aurora MySQL RDS
allow if {
# RDS Cluster Checks
rds_cluster_created(input.resource_changes)
some resource in input.resource_changes
rds_cluster_engine_valid(resource)
}

main if {
    allow
}
","terraform {
  required_version = "">= 1.15.0""

  required_providers {
    aws = {
      source  = ""hashicorp/aws""
      version = ""~> 6.0""
    }
  }
}

# Configure the AWS Provider
provider ""aws"" {
region = ""us-east-1""
}

resource ""aws_vpc"" ""vpc"" {
cidr_block = ""192.168.0.0/22""
}

resource ""aws_rds_cluster"" ""default"" {
cluster_identifier = ""aurora-cluster-demo""
engine = ""aurora-postgresql""
availability_zones = [""us-east-1a"", ""us-east-1b"", ""us-east-1c""]
database_name = ""mydb""
master_username = ""USERNAME""
master_password = ""PASSWORD""
backup_retention_period = 5
preferred_backup_window = ""07:00-09:00""
skip_final_snapshot = true
}
",resource_changes,False,autoiac-project/iac-eval,>= 1.15.0,1.16.1
aws/task-218,aws,3,"aws_rds_cluster, aws_vpc","# Task 218


Create an mySQL cluster with 100 GB allocated to each zone.

## Intent

Has one ""aws_rds_cluster"" resource
with one ""allocated_storage"" = 100","Has one ""aws_rds_cluster"" resource
with one ""allocated_storage"" = 100","package terraform.policy

import rego.v1

default allow = false

# Check for RDS cluster creation
rds_cluster_created(resources) if {
some resource in resources
resource.type == ""aws_rds_cluster""
resource.change.actions[_] == ""create""
}

# Check if storage per AZ is at least 1000 GB
storage_per_az_valid(resource) if {
resource.type == ""aws_rds_cluster""
resource.change.after.allocated_storage == 100
}

# Aggregate checks for RDS cluster
allow if {
rds_cluster_created(input.resource_changes)
some resource in input.resource_changes
storage_per_az_valid(resource)
}

main if {
    allow
}
","terraform {
  required_version = "">= 1.15.0""

  required_providers {
    aws = {
      source  = ""hashicorp/aws""
      version = ""~> 6.0""
    }
  }
}

# Configure the AWS Provider
provider ""aws"" {
region = ""us-east-1""
}

resource ""aws_vpc"" ""vpc"" {
cidr_block = ""192.168.0.0/22""
}

resource ""aws_rds_cluster"" ""example"" {
cluster_identifier = ""example""
availability_zones = [""us-east-1a"", ""us-east-1b"", ""us-east-1c""]
engine = ""mysql""
db_cluster_instance_class = ""db.r6gd.large""
storage_type = ""io1""
allocated_storage = 100
iops = 1000
master_username = ""test""
master_password = ""mustbeeightcharaters""
skip_final_snapshot = true
}
",resource_changes,False,autoiac-project/iac-eval,>= 1.15.0,1.16.1
aws/task-219,aws,3,"aws_rds_cluster, aws_vpc","# Task 219


Create an mySQL cluster with 100 GB allocated to us-east-1a, us-east-1b, us-east-1c.

## Intent

Has one ""aws_rds_cluster"" resource
with one ""allocated_storage"" = 100
with one ""availability_zones"" = [""us-east-1a"", ""us-east-1b"", ""us-east-1c""]
with one ""engine"" = ""mysql""","Has one ""aws_rds_cluster"" resource
with one ""allocated_storage"" = 100
with one ""availability_zones"" = [""us-east-1a"", ""us-east-1b"", ""us-east-1c""]
with one ""engine"" = ""mysql""","package terraform.policy

import rego.v1

default allow = false

# Required AZs
required_azs := [""us-east-1a"", ""us-east-1b"", ""us-east-1c""]

# Check for RDS cluster creation
rds_cluster_created(resources) if {
some resource in resources
resource.type == ""aws_rds_cluster""
resource.change.actions[_] == ""create""
}

# Check if engine is MySQL
rds_engine_mysql(resource) if {
resource.type == ""aws_rds_cluster""
resource.change.after.engine == ""mysql""
}

# Check if AZs are correct and storage is 100GB
azs_and_storage_valid(resource) if {
resource.type == ""aws_rds_cluster""
resource.change.after.availability_zones == required_azs
resource.change.after.allocated_storage == 100
}

# Aggregate checks for RDS cluster
allow if {
rds_cluster_created(input.resource_changes)
some resource in input.resource_changes
rds_engine_mysql(resource)
azs_and_storage_valid(resource)
}

main if {
    allow
}
","terraform {
  required_version = "">= 1.15.0""

  required_providers {
    aws = {
      source  = ""hashicorp/aws""
      version = ""~> 6.0""
    }
  }
}

# Configure the AWS Provider
provider ""aws"" {
region = ""us-east-1""
}

resource ""aws_vpc"" ""vpc"" {
cidr_block = ""192.168.0.0/22""
}

resource ""aws_rds_cluster"" ""example"" {
cluster_identifier = ""example""
availability_zones = [""us-east-1a"", ""us-east-1b"", ""us-east-1c""]
engine = ""mysql""
db_cluster_instance_class = ""db.r6gd.large""
storage_type = ""io1""
allocated_storage = 100
iops = 1000
master_username = ""test""
master_password = ""mustbeeightcharaters""
skip_final_snapshot = true
}
",resource_changes,False,autoiac-project/iac-eval,>= 1.15.0,1.16.1
aws/task-220,aws,3,"aws_db_instance, aws_vpc","# Task 220


Create a mySQL instance.

## Intent

Has one ""aws_db_instance"" resource
with one ""engine"" = ""mysql""","Has one ""aws_db_instance"" resource
with one ""engine"" = ""mysql""","package terraform.policy

import rego.v1

default allow = false

# Check for DB instance creation
db_instance_created(resources) if {
some resource in resources
resource.type == ""aws_db_instance""
resource.change.actions[_] == ""create""
}

# Check if engine is MySQL
db_engine_mysql(resource) if {
resource.type == ""aws_db_instance""
resource.change.after.engine == ""mysql""
}

# Aggregate checks for DB instance
allow if {
db_instance_created(input.resource_changes)
some resource in input.resource_changes
db_engine_mysql(resource)
}

main if {
    allow
}
","terraform {
  required_version = "">= 1.15.0""

  required_providers {
    aws = {
      source  = ""hashicorp/aws""
      version = ""~> 6.0""
    }
  }
}

# Configure the AWS Provider
provider ""aws"" {
region = ""us-east-1""
}

resource ""aws_vpc"" ""vpc"" {
cidr_block = ""192.168.0.0/22""
}

resource ""aws_db_instance"" ""default"" {
allocated_storage = 10
db_name = ""mydb""
engine = ""mysql""
instance_class = ""db.t3.micro""
username = ""USERNAME""
password = ""PASSWORD""
parameter_group_name = ""default.mysql5.7""
skip_final_snapshot = true
}
",resource_changes,False,autoiac-project/iac-eval,>= 1.15.0,1.16.1
aws/task-221,aws,3,aws_db_instance,"# Task 221


Create a PostgresQL instance.

## Intent

Has one ""aws_db_instance"" resource
with one ""engine"" = ""postgres""","Has one ""aws_db_instance"" resource
with one ""engine"" = ""postgres""","package terraform.policy

import rego.v1

default allow = false

# Check for DB instance creation
db_instance_created(resources) if {
some resource in resources
resource.type == ""aws_db_instance""
resource.change.actions[_] == ""create""
}

# Check if engine is MySQL
db_engine_mysql(resource) if {
resource.type == ""aws_db_instance""
resource.change.after.engine == ""postgres""
}

# Aggregate checks for DB instance
allow if {
db_instance_created(input.resource_changes)
some resource in input.resource_changes
db_engine_mysql(resource)
}

main if {
    allow
}
","terraform {
  required_version = "">= 1.15.0""

  required_providers {
    aws = {
      source  = ""hashicorp/aws""
      version = ""~> 6.0""
    }
  }
}

# Configure the AWS Provider
provider ""aws"" {
region = ""us-east-1""
}

resource ""aws_db_instance"" ""default"" {
allocated_storage = 10
db_name = ""mydb""
engine = ""postgres""
instance_class = ""db.t3.micro""
username = ""USERNAME""
password = ""PASSWORD""
skip_final_snapshot = true
}
",resource_changes,False,autoiac-project/iac-eval,>= 1.15.0,1.16.1
aws/task-222,aws,3,aws_dynamodb_table,"# Task 222


Create a DynamoDB table.

## Intent

Has one ""aws_dynamodb_table"" resource","Has one ""aws_dynamodb_table"" resource","package terraform.policy

import rego.v1

default allow = false

# Check for DynamoDB table creation
dynamodb_table_created(resources) if {
some resource in resources
resource.type == ""aws_dynamodb_table""
resource.change.actions[_] == ""create""
}

# Aggregate checks for DynamoDB table
allow if {
dynamodb_table_created(input.resource_changes)
}

main if {
    allow
}
","terraform {
  required_version = "">= 1.15.0""

  required_providers {
    aws = {
      source  = ""hashicorp/aws""
      version = ""~> 6.0""
    }
  }
}

# Configure the AWS Provider
provider ""aws"" {
region = ""us-east-1""
}

resource ""aws_dynamodb_table"" ""example"" {
name = ""example""
hash_key = ""TEST_KEY""
billing_mode = ""PAY_PER_REQUEST""
stream_enabled = true
stream_view_type = ""NEW_AND_OLD_IMAGES""

attribute {
name = ""TEST_KEY""
type = ""S""
}

replica {
region_name = ""us-east-2""
}

replica {
region_name = ""us-west-2""
}
}
",resource_changes,False,autoiac-project/iac-eval,>= 1.15.0,1.16.1
aws/task-223,aws,3,aws_dynamodb_table,"# Task 223


Create a DynamoDB table with replicas in us-east-2 and us-west-2

## Intent

Has one ""aws_dynamodb_table"" resource
with one ""replica""
with one ""region_name"" = ""us-east-2""
with one ""replica""
with one ""region_name"" = ""us-west-2""","Has one ""aws_dynamodb_table"" resource
with one ""replica""
with one ""region_name"" = ""us-east-2""
with one ""replica""
with one ""region_name"" = ""us-west-2""","package terraform.policy

import rego.v1

default allow = false

# Required replica regions
required_regions := {""us-east-2"", ""us-west-2""}

# Check for DynamoDB table creation
dynamodb_table_created(resources) if {
some resource in resources
resource.type == ""aws_dynamodb_table""
resource.change.actions[_] == ""create""
}

# Check if replicas match required regions exactly
replicas_valid(resource) if {
resource.type == ""aws_dynamodb_table""
resource.change.after.replica[0].region_name == ""us-east-2""
resource.change.after.replica[1].region_name == ""us-west-2""
}

# Aggregate checks for DynamoDB table creation with specific replicas
allow if {
dynamodb_table_created(input.resource_changes)
some resource in input.resource_changes
replicas_valid(resource)
}

main if {
    allow
}
","terraform {
  required_version = "">= 1.15.0""

  required_providers {
    aws = {
      source  = ""hashicorp/aws""
      version = ""~> 6.0""
    }
  }
}

# Configure the AWS Provider
provider ""aws"" {
region = ""us-east-1""
}

resource ""aws_dynamodb_table"" ""example"" {
name = ""example""
hash_key = ""TestTableHashKey""
billing_mode = ""PAY_PER_REQUEST""
stream_enabled = true
stream_view_type = ""NEW_AND_OLD_IMAGES""

attribute {
name = ""TestTableHashKey""
type = ""S""
}

replica {
region_name = ""us-east-2""
}

replica {
region_name = ""us-west-2""
}
}
",resource_changes,False,autoiac-project/iac-eval,>= 1.15.0,1.16.1
aws/task-224,aws,3,aws_dynamodb_table,"# Task 224


Create a DynamoDB with point-in-time recovery enabled.

## Intent

Has one ""aws_dynamodb_table"" resource
with one ""point_in_time_recovery""
with one ""enabled"" = true","Has one ""aws_dynamodb_table"" resource
with one ""point_in_time_recovery""
with one ""enabled"" = true","package terraform.policy

import rego.v1

default allow = false

# Check for DynamoDB table creation
dynamodb_table_created(resources) if {
some resource in resources
resource.type == ""aws_dynamodb_table""
resource.change.actions[_] == ""create""
}

# Check if point-in-time recovery is enabled
point_in_time_recovery_enabled(resource) if {
resource.type == ""aws_dynamodb_table""
resource.change.after.point_in_time_recovery[_].enabled == true
}

# Aggregate checks for DynamoDB table with PITR
allow if {
dynamodb_table_created(input.resource_changes)
some resource in input.resource_changes
point_in_time_recovery_enabled(resource)
}

main if {
    allow
}
","terraform {
  required_version = "">= 1.15.0""

  required_providers {
    aws = {
      source  = ""hashicorp/aws""
      version = ""~> 6.0""
    }
  }
}

# Configure the AWS Provider
provider ""aws"" {
region = ""us-east-1""
}

resource ""aws_dynamodb_table"" ""example"" {
name = ""your-dynamodb-table-name""
billing_mode = ""PAY_PER_REQUEST"" # Or ""PROVISIONED"" if you prefer provisioned capacity
hash_key = ""id""
attribute {
name = ""id""
type = ""S""
}

point_in_time_recovery {
enabled = true # Set to true to enable point-in-time recovery
}

}
",resource_changes,False,autoiac-project/iac-eval,>= 1.15.0,1.16.1
aws/task-225,aws,4,"aws_dynamodb_global_table, aws_dynamodb_table","# Task 225


Create a DynamoDB Table with replicas in us-west-1 and us-west-2.

## Intent

Has one ""aws_dynamodb_global_table"" resource
with one ""replica""
with one ""region_name"" = ""us-east-1""
with one ""replica""
with one ""region_name"" = ""us-west-2""","Has one ""aws_dynamodb_global_table"" resource
with one ""replica""
with one ""region_name"" = ""us-east-1""
with one ""replica""
with one ""region_name"" = ""us-west-2""","package terraform.policy

import rego.v1

default allow = false

dynamodb_table_created(resources) if {
    some resource in resources
    resource.type == ""aws_dynamodb_table""
    resource.change.actions[_] == ""create""
    resource.change.after.name == ""myTable""
}

replicas_valid(resources) if {
    some resource in resources
    resource.type == ""aws_dynamodb_table""
    resource.change.after.replica[_].region_name == ""us-west-1""
    resource.change.after.replica[_].region_name == ""us-west-2""
}

allow if {
    dynamodb_table_created(input.resource_changes)
    replicas_valid(input.resource_changes)
}

main if {
    allow
}
","terraform {
  required_version = "">= 1.15.0""

  required_providers {
    aws = {
      source  = ""hashicorp/aws""
      version = ""~> 6.0""
    }
  }
}

provider ""aws"" {
  region  = ""us-east-1""
}

resource ""aws_dynamodb_table"" ""base_table"" {
  billing_mode     = ""PAY_PER_REQUEST""
  hash_key         = ""myAttribute""
  name             = ""myTable""
  stream_enabled   = true
  stream_view_type = ""NEW_AND_OLD_IMAGES""

  attribute {
    name = ""myAttribute""
    type = ""S""
  }

  replica {
    region_name = ""us-west-1""
  }

  replica {
    region_name = ""us-west-2""
  }
}
",resource_changes,False,autoiac-project/iac-eval,>= 1.15.0,1.16.1
aws/task-226,aws,3,aws_dynamodb_table,"# Task 226


Create a DynamoDB table with read and write capacity both set to 10.

## Intent

Has one ""aws_dynamodb_table"" resource
with one ""read_capacity"" = 10
with one ""write_capacity"" = 10","Has one ""aws_dynamodb_table"" resource
with one ""read_capacity"" = 10
with one ""write_capacity"" = 10","package terraform.policy

import rego.v1

default allow = false

# Check for DynamoDB table creation
dynamodb_table_created(resources) if {
some resource in resources
resource.type == ""aws_dynamodb_table""
resource.change.actions[_] == ""create""
}

# Check if read and write capacity are both set to 10
capacity_valid(resource) if {
resource.type == ""aws_dynamodb_table""
resource.change.after.read_capacity == 10
resource.change.after.write_capacity == 10
}

# Aggregate checks for DynamoDB table creation with specific capacity
allow if {
dynamodb_table_created(input.resource_changes)
some resource in input.resource_changes
capacity_valid(resource)
}

main if {
    allow
}
","terraform {
  required_version = "">= 1.15.0""

  required_providers {
    aws = {
      source  = ""hashicorp/aws""
      version = ""~> 6.0""
    }
  }
}

resource ""aws_dynamodb_table"" ""basic-dynamodb-table"" {
name = ""GameScores""
billing_mode = ""PROVISIONED""
read_capacity = 10
write_capacity = 10
hash_key = ""UserId""
range_key = ""GameTitle""

attribute {
name = ""UserId""
type = ""S""
}

attribute {
name = ""GameTitle""
type = ""S""
}

tags = {
Name = ""dynamodb-table-1""
Environment = ""production""
}
}
",resource_changes,False,autoiac-project/iac-eval,>= 1.15.0,1.16.1
aws/task-227,aws,3,"aws_dax_cluster, aws_iam_role","# Task 227


Create a DAX cluster.

## Intent

has one ""aws_dax_cluster""","has one ""aws_dax_cluster""","package terraform.policy

import rego.v1

default allow = false

# Check for DAX cluster creation
dax_cluster_created(resources) if {
some resource in resources
resource.type == ""aws_dax_cluster""
resource.change.actions[_] == ""create""
}

# Allow DAX cluster creation
allow if {
dax_cluster_created(input.resource_changes)
}

main if {
    allow
}
","terraform {
  required_version = "">= 1.15.0""

  required_providers {
    aws = {
      source  = ""hashicorp/aws""
      version = ""~> 6.0""
    }
  }
}

resource ""aws_iam_role"" ""example"" {
name = ""test_role""

# Terraform's ""jsonencode"" function converts a
# Terraform expression result to valid JSON syntax.
assume_role_policy = jsonencode({
Version = ""2012-10-17""
Statement = [
{
Action = ""sts:AssumeRole""
Effect = ""Allow""
Sid = """"
Principal = {
Service = ""dax.amazonaws.com""
}
},
]
})
}

resource ""aws_dax_cluster"" ""bar"" {
cluster_name = ""cluster-example""
iam_role_arn = aws_iam_role.example.arn
node_type = ""dax.r4.large""
replication_factor = 1
}
",resource_changes,False,autoiac-project/iac-eval,>= 1.15.0,1.16.1
aws/task-228,aws,2,aws_dax_parameter_group,"# Task 228


Create a DAX parameter group.

## Intent

Has one ""aws_dax_parameter_group""","Has one ""aws_dax_parameter_group""","package terraform.policy

import rego.v1

default allow = false

# Check for DAX parameter group creation
dax_parameter_group_created(resources) if {
some resource in resources
resource.type == ""aws_dax_parameter_group""
resource.change.actions[_] == ""create""
}

# Allow DAX parameter group creation with specific parameters
allow if {
dax_parameter_group_created(input.resource_changes)
}

main if {
    allow
}
","terraform {
  required_version = "">= 1.15.0""

  required_providers {
    aws = {
      source  = ""hashicorp/aws""
      version = ""~> 6.0""
    }
  }
}

resource ""aws_dax_parameter_group"" ""example"" {
name = ""example""

parameters {
name = ""query-ttl-millis""
value = ""100000""
}

parameters {
name = ""record-ttl-millis""
value = ""100000""
}
}
",resource_changes,False,autoiac-project/iac-eval,>= 1.15.0,1.16.1
aws/task-229,aws,3,"aws_dax_subnet_group, aws_subnet, aws_vpc","# Task 229


Create a DAX subnet group.

## Intent

Has one ""aws_dax_subnet_group""","Has one ""aws_dax_subnet_group""","package terraform.policy

import rego.v1

default allow = false

# Check for DAX subnet group creation
dax_subnet_group_created(resources) if {
some resource in resources
resource.type == ""aws_dax_subnet_group""
resource.change.actions[_] == ""create""
}

# Allow DAX subnet group creation with sufficient subnets
allow if {
dax_subnet_group_created(input.resource_changes)
}

main if {
    allow
}
","terraform {
  required_version = "">= 1.15.0""

  required_providers {
    aws = {
      source  = ""hashicorp/aws""
      version = ""~> 6.0""
    }
  }
}

resource ""aws_vpc"" ""vpc"" {
cidr_block = ""192.168.0.0/22""
}


resource ""aws_subnet"" ""example1"" {
cidr_block = ""192.168.0.0/24""
vpc_id = aws_vpc.vpc.id
}

resource ""aws_subnet"" ""example2"" {
cidr_block = ""192.168.1.0/24""
vpc_id = aws_vpc.vpc.id
}

resource ""aws_dax_subnet_group"" ""example"" {
name = ""example""
subnet_ids = [aws_subnet.example1.id, aws_subnet.example2.id]
}
",resource_changes,False,autoiac-project/iac-eval,>= 1.15.0,1.16.1
aws/task-230,aws,2,aws_dynamodb_table,"# Task 230


Enable point-in-time recovery for the DynamoDB table.

## Intent

Has one ""aws_dynamodb_table"" resource
with one ""point_in_time_recovery"" with ""enabled"" = true","Has one ""aws_dynamodb_table"" resource
with one ""point_in_time_recovery"" with ""enabled"" = true","package terraform.policy

import rego.v1

default allow = false

# Check for DynamoDB table creation or update
dynamodb_table_modified(resources) if {
some resource in resources
resource.type == ""aws_dynamodb_table""
resource.change.actions[_] == ""create""
}

# Check if point-in-time recovery is enabled
point_in_time_recovery_enabled(resource) if {
resource.type == ""aws_dynamodb_table""
resource.change.after.point_in_time_recovery[_].enabled == true
}

# Allow if DynamoDB table is modified and point-in-time recovery is enabled
allow if {
dynamodb_table_modified(input.resource_changes)
some resource in input.resource_changes
point_in_time_recovery_enabled(resource)
}

main if {
    allow
}
","terraform {
  required_version = "">= 1.15.0""

  required_providers {
    aws = {
      source  = ""hashicorp/aws""
      version = ""~> 6.0""
    }
  }
}

provider ""aws"" {
region = ""us-east-1"" # Change to your desired AWS region
}

resource ""aws_dynamodb_table"" ""example"" {
name = ""your-dynamodb-table-name""
billing_mode = ""PAY_PER_REQUEST"" # Or ""PROVISIONED"" if you prefer provisioned capacity
hash_key = ""id""
attribute {
name = ""id""
type = ""S""
}

point_in_time_recovery {
enabled = true # Set to true to enable point-in-time recovery
}

# Define other table settings as needed
}
",resource_changes,False,autoiac-project/iac-eval,>= 1.15.0,1.16.1
aws/task-231,aws,2,aws_dynamodb_table,"# Task 231


Configure a custom Time to Live (TTL) attribute for data expiration.

## Intent

Has one ""aws_dynamodb_table"" resource
with one ""ttl""
with one ""attribute_name"" = ""custom_ttl_attribute""
with one ""enabled"" = true","Has one ""aws_dynamodb_table"" resource
with one ""ttl""
with one ""attribute_name"" = ""custom_ttl_attribute""
with one ""enabled"" = true","package terraform.policy

import rego.v1

default allow = false

# Check for DynamoDB table creation or update
dynamodb_table_modified(resources) if {
some resource in resources
resource.type == ""aws_dynamodb_table""
resource.change.actions[_] == ""create""
}

# Check if TTL is enabled with the correct attribute name
ttl_configured(resource) if {
resource.type == ""aws_dynamodb_table""
resource.change.after.ttl[_].enabled == true
resource.change.after.ttl[_].attribute_name == ""custom_ttl_attribute""
}

# Allow if DynamoDB table is modified and TTL is configured correctly
allow if {
dynamodb_table_modified(input.resource_changes)
some resource in input.resource_changes
ttl_configured(resource)
}

main if {
    allow
}
","terraform {
  required_version = "">= 1.15.0""

  required_providers {
    aws = {
      source  = ""hashicorp/aws""
      version = ""~> 6.0""
    }
  }
}

provider ""aws"" {
region = ""us-east-1"" # Change to your desired AWS region
}

resource ""aws_dynamodb_table"" ""example"" {
name = ""your-dynamodb-table-name""
billing_mode = ""PAY_PER_REQUEST"" # Or ""PROVISIONED"" if you prefer provisioned capacity
hash_key = ""id""
attribute {
name = ""id""
type = ""S""
}

# Define other table settings as needed

ttl {
attribute_name = ""custom_ttl_attribute"" # Replace with your custom TTL attribute name
enabled = true # Set to true to enable TTL on the table
}
}
",resource_changes,False,autoiac-project/iac-eval,>= 1.15.0,1.16.1
aws/task-232,aws,2,aws_dynamodb_table,"# Task 232


Configure a DynamoDB table with server-side encryption enabled.

## Intent

Has one ""aws_dynamodb_table"" resource
with one ""server_side_encryption""
with one ""enabled"" = true","Has one ""aws_dynamodb_table"" resource
with one ""server_side_encryption""
with one ""enabled"" = true","package terraform.policy

import rego.v1

default allow = false

dynamodb_table_modified(resources) if {
some resource in resources
resource.type == ""aws_dynamodb_table""
resource.change.actions[_] == ""create""
}

encryption_at_rest_enabled(resource) if {
resource.type == ""aws_dynamodb_table""
resource.change.after.server_side_encryption[_].enabled == true
}

allow if {
dynamodb_table_modified(input.resource_changes)
some resource in input.resource_changes
encryption_at_rest_enabled(resource)
}

main if {
    allow
}
","terraform {
  required_version = "">= 1.15.0""

  required_providers {
    aws = {
      source  = ""hashicorp/aws""
      version = ""~> 6.0""
    }
  }
}

resource ""aws_dynamodb_table"" ""example"" {
name = ""your-dynamodb-table-name""
billing_mode = ""PAY_PER_REQUEST"" # Or ""PROVISIONED"" if you prefer provisioned capacity
hash_key = ""id""
attribute {
name = ""id""
type = ""S""
}

# Define other table settings as needed

server_side_encryption {
enabled = true
}
}
",resource_changes,False,autoiac-project/iac-eval,>= 1.15.0,1.16.1
aws/task-233,aws,2,aws_dynamodb_table,"# Task 233


Create a DynamoDB table with data encryption at rest enabled for the table.

## Intent

Has one ""aws_dynamodb_table"" resource
with one ""stream_enabled"" = true
with one ""stream_view_type"" = ""NEW_AND_OLD_IMAGES""","Has one ""aws_dynamodb_table"" resource
with one ""stream_enabled"" = true
with one ""stream_view_type"" = ""NEW_AND_OLD_IMAGES""","package terraform.policy

import rego.v1

default allow = false

# Check for DynamoDB table creation or update
dynamodb_table_modified(resources) if {
some resource in resources
resource.type == ""aws_dynamodb_table""
resource.change.actions[_] == ""create""
}

# Check if stream is enabled with new and old images
stream_configured(resource) if {
resource.type == ""aws_dynamodb_table""
resource.change.after.stream_enabled == true
resource.change.after.stream_view_type == ""NEW_AND_OLD_IMAGES"" 
}

# Allow if DynamoDB table is modified and stream is configured correctly
allow if {
dynamodb_table_modified(input.resource_changes)
some resource in input.resource_changes
stream_configured(resource)
}

main if {
    allow
}
","terraform {
  required_version = "">= 1.15.0""

  required_providers {
    aws = {
      source  = ""hashicorp/aws""
      version = ""~> 6.0""
    }
  }
}

provider ""aws"" {
region = ""us-east-1"" # Change this to your desired AWS region
}

resource ""aws_dynamodb_table"" ""example"" {
name = ""your-dynamodb-table-name""
billing_mode = ""PAY_PER_REQUEST"" # Or ""PROVISIONED"" if you prefer provisioned capacity
hash_key = ""id""
attribute {
name = ""id""
type = ""S""
}

# Define other table settings as needed

stream_enabled = true # Enable streams
stream_view_type = ""NEW_AND_OLD_IMAGES"" # Choose the appropriate stream view type
}
",resource_changes,False,autoiac-project/iac-eval,>= 1.15.0,1.16.1
aws/task-234,aws,1,aws_vpc,"# Task 234


Create an AWS VPC resource with an example CIDR block and IPv6 enabled

## Intent

Has one resource ""aws_vpc""        
with one ""cidr_block"" with any valid IPv4 address
with one ""assign_generated_ipv6_cidr_block"" with value ""true""","Has one resource ""aws_vpc""        
with one ""cidr_block"" with any valid IPv4 address
with one ""assign_generated_ipv6_cidr_block"" with value ""true""","package terraform.policy

import rego.v1
default valid := false

valid if {
	some changed_resource in input.resource_changes
	changed_resource.type == ""aws_vpc""
	""create"" in changed_resource.change.actions
	args := changed_resource.change.after
	net.cidr_is_valid(args.cidr_block)
	args.assign_generated_ipv6_cidr_block == true
}

main if {
    valid
}
","terraform {
  required_version = "">= 1.15.0""

  required_providers {
    aws = {
      source  = ""hashicorp/aws""
      version = ""~> 6.0""
    }
  }
}

resource ""aws_vpc"" ""main"" {
  cidr_block = ""10.0.0.0/16""
  assign_generated_ipv6_cidr_block = true
}
",resource_changes,False,autoiac-project/iac-eval,>= 1.15.0,1.16.1
aws/task-265,aws,1,aws_iam_group,"# Task 265


Create a basic AWS IAM group example

## Intent

Has one ""aws_iam_group"" resource
with one ""name"" with any value","Has one ""aws_iam_group"" resource
with one ""name"" with any value","package terraform.policy

import rego.v1
default valid := false

valid if {
    some group_resource in input.resource_changes
    group_resource.type == ""aws_iam_group""
}

main if {
    valid
}
","terraform {
  required_version = "">= 1.15.0""

  required_providers {
    aws = {
      source  = ""hashicorp/aws""
      version = ""~> 6.0""
    }
  }
}

resource ""aws_iam_group"" ""group"" {
  name = ""my-group""
  path = ""/users/""
}
",resource_changes,False,autoiac-project/iac-eval,>= 1.15.0,1.16.1
aws/task-266,aws,1,aws_iam_user,"# Task 266


Create a basic AWS IAM user example

## Intent

Has one ""aws_iam_user"" resource
with one ""name"" with any value","Has one ""aws_iam_user"" resource
with one ""name"" with any value","package terraform.policy

import rego.v1
default valid := false

valid if {
	some user_resource in input.resource_changes
	user_resource.type == ""aws_iam_user""
}

main if {
    valid
}
","terraform {
  required_version = "">= 1.15.0""

  required_providers {
    aws = {
      source  = ""hashicorp/aws""
      version = ""~> 6.0""
    }
  }
}

resource ""aws_iam_user"" ""lb"" {
  name = ""loadbalancer""
  path = ""/system/""

  tags = {
    tag-key = ""tag-value""
  }
}
",resource_changes,False,autoiac-project/iac-eval,>= 1.15.0,1.16.1
aws/task-267,aws,1,aws_iam_virtual_mfa_device,"# Task 267


Create a basic AWS IAM Virtual MFA Device resource

## Intent

Has one ""aws_iam_virtual_mfa_device"" resource
with one ""virtual_mfa_device_name"" with any string","Has one ""aws_iam_virtual_mfa_device"" resource
with one ""virtual_mfa_device_name"" with any string","package terraform.policy

import rego.v1
default valid := false

valid if {
	some mfa in input.resource_changes
	mfa.type == ""aws_iam_virtual_mfa_device""
}

main if {
    valid
}
","terraform {
  required_version = "">= 1.15.0""

  required_providers {
    aws = {
      source  = ""hashicorp/aws""
      version = ""~> 6.0""
    }
  }
}

resource ""aws_iam_virtual_mfa_device"" ""example"" {
  virtual_mfa_device_name = ""example""
}
",resource_changes,False,autoiac-project/iac-eval,>= 1.15.0,1.16.1
aws/task-268,aws,1,aws_s3_bucket,"# Task 268


Create a S3 bucket with an example name

## Intent

Has an aws_s3_bucket resource",Has an aws_s3_bucket resource,"package terraform.policy

import rego.v1
default valid := false

valid if {
        some bucket in input.resource_changes
        bucket.type == ""aws_s3_bucket""
}

main if {
    valid
}
","terraform {
  required_version = "">= 1.15.0""

  required_providers {
    aws = {
      source  = ""hashicorp/aws""
      version = ""~> 6.0""
    }
  }
}

resource ""aws_s3_bucket"" ""example"" {
  bucket = ""my-tf-test-bucket""
}
",resource_changes,False,autoiac-project/iac-eval,>= 1.15.0,1.16.1
aws/task-269,aws,1,aws_s3_bucket,"# Task 269


Create an AWS resource to help me store images that I want to display on my website

## Intent

Has an aws_s3_bucket resource",Has an aws_s3_bucket resource,"package terraform.policy

import rego.v1
default valid := false

valid if {
    some bucket in input.resource_changes
    bucket.type == ""aws_s3_bucket""
}

main if {
    valid
}
","terraform {
  required_version = "">= 1.15.0""

  required_providers {
    aws = {
      source  = ""hashicorp/aws""
      version = ""~> 6.0""
    }
  }
}

resource ""aws_s3_bucket"" ""example-bucket"" {
  bucket = ""test-bucket""
}
",resource_changes,False,autoiac-project/iac-eval,>= 1.15.0,1.16.1
aws/task-325,aws,3,"aws_db_instance, random_id, random_password","# Task 325


Create aws RDS with randomly generated id and password

## Intent

Has one ""aws_db_instance"" resource
    with one ""allocated_storage""
    with one ""engine"" and a valid engine value
    with one ""instance_class"" and a valid instance class type
    with one ""password""
    with one ""username""
    with skip_final_snapshot = true
    with identifier generated from random_id
    with password generated from random_password

has one random_id resrource

has one random_password resource","Has one ""aws_db_instance"" resource
    with one ""allocated_storage""
    with one ""engine"" and a valid engine value
    with one ""instance_class"" and a valid instance class type
    with one ""password""
    with one ""username""
    with skip_final_snapshot = true
    with identifier generated from random_id
    with password generated from random_password

has one random_id resrource

has one random_password resource","package terraform.policy

import rego.v1

default is_configuration_valid = false

is_valid_db_instance if {
    resource := input.resource_changes[_]
    resource.type == ""aws_db_instance""
    has_required_db_arguments
}

has_required_db_arguments if {
    resource := input.resource_changes[_]
    resource.type == ""aws_db_instance""
    after := resource.change.after
    after.allocated_storage != null
    after.engine != null
    after.username != null
    is_valid_engine(after.engine)
    is_valid_instance_class(after.instance_class)
}

is_valid_engine(engine) if {
    engine_set := {
        ""mysql"",
        ""postgres"",
        ""mariadb"",
        ""oracle-se"",
        ""oracle-se1"",
        ""oracle-se2"",
        ""oracle-ee"",
        ""sqlserver-ee"",
        ""sqlserver-se"",
        ""sqlserver-ex"",
        ""sqlserver-web""
    }
    engine_set[engine]
}

is_valid_instance_class(instance_class) if {
    startswith(instance_class, ""db."")
}

has_one_random_id if {
    resource := input.resource_changes[_]
    resource.type == ""random_id""
}

has_one_random_password if {
    resource := input.resource_changes[_]
    resource.type == ""random_password""
}

is_configuration_valid if {
    is_valid_db_instance
    has_one_random_id
    has_one_random_password
}

main if {
    is_valid_db_instance
    is_configuration_valid
}
","terraform {
  required_version = "">= 1.15.0""

  required_providers {
    aws = {
      source  = ""hashicorp/aws""
      version = ""~> 6.0""
    }
  }
}

provider ""aws"" {
  region=""us-east-1""
}

resource ""random_id"" ""suffix"" {
  byte_length = 4
}

resource ""random_password"" ""db"" {
  length  = 16
  special = false
}

resource ""aws_db_instance"" ""test"" {
  identifier          = ""metricbeat-test-${random_id.suffix.hex}""
  allocated_storage   = 20 // Gigabytes
  engine              = ""mysql""
  instance_class      = ""db.t2.micro""
  db_name                = ""metricbeattest""
  username            = ""foo""
  password            = random_password.db.result
  skip_final_snapshot = true // Required for cleanup
}
",resource_changes,False,autoiac-project/iac-eval,>= 1.15.0,1.16.1
aws/task-326,aws,3,"aws_db_instance, random_id, random_password","# Task 326


Create an 20GB mysql on aws with randomly generated id and password

## Intent

Has one ""aws_db_instance"" resource
    with one ""allocated_storage"" = 20
    with one ""engine"" = mysql
    with one ""instance_class"" and a valid instance class type
    with one ""password""
    with one ""username""
    with skip_final_snapshot = true
    with identifier generated from random_id
    with password generated from random_password

has one random_id resrource

has one random_password resource","Has one ""aws_db_instance"" resource
    with one ""allocated_storage"" = 20
    with one ""engine"" = mysql
    with one ""instance_class"" and a valid instance class type
    with one ""password""
    with one ""username""
    with skip_final_snapshot = true
    with identifier generated from random_id
    with password generated from random_password

has one random_id resrource

has one random_password resource","package terraform.policy

import rego.v1

default is_configuration_valid = false

is_valid_db_instance if {
    resource := input.resource_changes[_]
    resource.type == ""aws_db_instance""
    has_required_db_arguments
}

has_required_db_arguments if {
    resource := input.resource_changes[_]
    resource.type == ""aws_db_instance""
    after := resource.change.after
    after.allocated_storage == 20
    after.engine == ""mysql""
    after.username != null
    is_valid_engine(after.engine)
    is_valid_instance_class(after.instance_class)
}

is_valid_engine(engine) if {
    engine_set := {
        ""mysql"",
        ""postgres"",
        ""mariadb"",
        ""oracle-se"",
        ""oracle-se1"",
        ""oracle-se2"",
        ""oracle-ee"",
        ""sqlserver-ee"",
        ""sqlserver-se"",
        ""sqlserver-ex"",
        ""sqlserver-web""
    }
    engine_set[engine]
}

is_valid_instance_class(instance_class) if {
    startswith(instance_class, ""db."")
}

has_one_random_id if {
    resource := input.resource_changes[_]
    resource.type == ""random_id""
}

has_one_random_password if {
    resource := input.resource_changes[_]
    resource.type == ""random_password""
}

is_configuration_valid if {
    is_valid_db_instance
    has_one_random_id
    has_one_random_password
}

main if {
    is_valid_db_instance
    is_configuration_valid
}
","terraform {
  required_version = "">= 1.15.0""

  required_providers {
    aws = {
      source  = ""hashicorp/aws""
      version = ""~> 6.0""
    }
  }
}

provider ""aws"" {
  region=""us-east-1""
}

resource ""random_id"" ""suffix"" {
  byte_length = 4
}

resource ""random_password"" ""db"" {
  length  = 16
  special = false
}

resource ""aws_db_instance"" ""test"" {
  identifier          = ""metricbeat-test-${random_id.suffix.hex}""
  allocated_storage   = 20 // Gigabytes
  engine              = ""mysql""
  instance_class      = ""db.t2.micro""
  db_name                = ""metricbeattest""
  username            = ""foo""
  password            = random_password.db.result
  skip_final_snapshot = true // Required for cleanup
}
",resource_changes,False,autoiac-project/iac-eval,>= 1.15.0,1.16.1
aws/task-351,aws,3,aws_db_option_group,"# Task 351


defines an AWS RDS option group named ""option-group-pike"" with major engine version 11, and use the sqlserver-ee engine

## Intent

Has one ""aws_db_option_group"" resource
    with one ""engine_name"" = ""sqlserver-ee""
    with one ""major_engine_version"" = ""11.00""","Has one ""aws_db_option_group"" resource
    with one ""engine_name"" = ""sqlserver-ee""
    with one ""major_engine_version"" = ""11.00""","package terraform.policy 

import rego.v1

default is_valid_db_option_group = false

# Regex pattern to match ""11"", ""11.0"", ""11.00"", etc.
pattern := `^11(\.0+)?$`

# Validate aws_db_option_group resource
is_valid_db_option_group if {
    some i
    resource := input.resource_changes[i]
    resource.type == ""aws_db_option_group""
    resource.change.after.engine_name == ""sqlserver-ee""
    major_engine_version_value := resource.change.after.major_engine_version
    is_valid_version(major_engine_version_value)
    resource.change.after.name == ""option-group-pike""
}

# Helper function to check if the version matches the regex pattern
is_valid_version(version) if {
    regex.match(pattern, sprintf(""%v"", [version]))
}

main if {
    is_valid_db_option_group
}
","terraform {
  required_version = "">= 1.15.0""

  required_providers {
    aws = {
      source  = ""hashicorp/aws""
      version = ""~> 6.0""
    }
  }
}

provider ""aws"" {
  region = ""us-east-1""
}

resource ""aws_db_option_group"" ""example"" {
  name                     = ""option-group-pike""
  option_group_description = ""Terraform Option Group""
  engine_name              = ""sqlserver-ee""
  major_engine_version     = ""11.00""

  option {
    db_security_group_memberships  = []
    option_name                    = ""SQLSERVER_AUDIT""
    port                           = 0
    vpc_security_group_memberships = []

    option_settings {
      name  = ""IAM_ROLE_ARN""
      value = ""arn:aws:iam::680235478471:role/aws-service-role/rds.amazonaws.com/AWSServiceRoleForRDS""
    }
    option_settings {
      name  = ""S3_BUCKET_ARN""
      value = ""arn:aws:s3:::testbucketineu-west2/rds""
    }
  }

  option {
    option_name = ""TDE""
    port        = 0
  }

  tags = {
    pike = ""permissions""
  }
}
",resource_changes,False,autoiac-project/iac-eval,>= 1.15.0,1.16.1
aws/task-359,aws,1,aws_lightsail_instance,"# Task 359


Generate a basic Amazon Lightsail instance in the `eu-west-1` region (use availability zone `eu-west-1a`).

## Intent

have one ""aws_lightsail_instance"" resource
    with ""name"" argument
    with ""availability_zone"" argument
    with ""blueprint_id"" argument
    with ""bundle_id"" argument","have one ""aws_lightsail_instance"" resource
    with ""name"" argument
    with ""availability_zone"" argument
    with ""blueprint_id"" argument
    with ""bundle_id"" argument","package terraform.policy

import rego.v1

default is_valid_lightsail_instance = false

is_valid_lightsail_instance if {
    resource := input.planned_values.root_module.resources[_]
    resource.type == ""aws_lightsail_instance""
    has_required_arguments(resource.values)
}

has_required_arguments(values) if {
    values.name
    values.availability_zone
    values.blueprint_id
    values.bundle_id
}

main if {
    is_valid_lightsail_instance
}
","terraform {
  required_version = "">= 1.15.0""

  required_providers {
    aws = {
      source  = ""hashicorp/aws""
      version = ""~> 6.0""
    }
  }
}

provider ""aws"" {
  region     = ""eu-west-1""
}

resource ""aws_lightsail_instance"" ""custom"" {
  name              = ""custom""
  availability_zone = ""eu-west-1a""
  blueprint_id      = ""amazon_linux_2""
  bundle_id         = ""nano_2_0""
}
",planned_values,False,autoiac-project/iac-eval,>= 1.15.0,1.16.1
aws/task-360,aws,2,aws_lightsail_instance,"# Task 360


Generate a basic Amazon Lightsail instance with user data in the `eu-west-1` region (use availability zone `eu-west-1a`).

## Intent

have one ""aws_lightsail_instance"" resource
    with ""name"" argument
    with ""availability_zone"" argument
    with ""blueprint_id"" argument
    with ""bundle_id"" argument
    with ""user_data"" argument","have one ""aws_lightsail_instance"" resource
    with ""name"" argument
    with ""availability_zone"" argument
    with ""blueprint_id"" argument
    with ""bundle_id"" argument
    with ""user_data"" argument","package terraform.policy

import rego.v1

# aws_lightsail_instance attributes - optional

default lightsail_instance_valid := false

lightsail_instance_valid if {
	instance := input.resource_changes[_]
	instance.type == ""aws_lightsail_instance""
    expressions := instance.expressions

    # Validate the presence of required arguments
    expressions.name
    expressions.availability_zone
    expressions.blueprint_id
    expressions.bundle_id
    expressions.user_data
}

# You can add more specific validations here if needed.
# For example, if you want to check if the name follows a specific format,
# you could write a rule like this:

name_is_valid if {
	instance := input.resource_changes[_]
	instance.type == ""aws_lightsail_instance""
	regex.match(""^[a-zA-Z0-9-_]+$"", instance.change.after.name)
}

main if {
    lightsail_instance_valid
    name_is_valid
}
","terraform {
  required_version = "">= 1.15.0""

  required_providers {
    aws = {
      source  = ""hashicorp/aws""
      version = ""~> 6.0""
    }
  }
}

provider ""aws"" {
  region     = ""eu-west-1""
}

resource ""aws_lightsail_instance"" ""custom"" {
  name              = ""custom""
  availability_zone = ""eu-west-1a""
  blueprint_id      = ""amazon_linux_2""
  bundle_id         = ""nano_1_0""
  user_data         = ""sudo yum install -y httpd && sudo systemctl start httpd && sudo systemctl enable httpd && echo '<h1>Deployed via Terraform</h1>' | sudo tee /var/www/html/index.html""
}
",resource_changes,False,autoiac-project/iac-eval,>= 1.15.0,1.16.1
aws/task-361,aws,2,aws_lightsail_instance,"# Task 361


Generate an AWS Lightsail instance with auto snapshots enabled in the `eu-west-1` region (use availability zone `eu-west-1a`).

## Intent

have one ""aws_lightsail_instance"" resource
with ""name"" argument
with ""availability_zone"" argument
with ""blueprint_id"" argument
with ""bundle_id"" argument
with ""add_on"" argument
    with type = ""AutoSnapshot""
    with snapshot_time argument
    with status = ""Enabled""","have one ""aws_lightsail_instance"" resource
with ""name"" argument
with ""availability_zone"" argument
with ""blueprint_id"" argument
with ""bundle_id"" argument
with ""add_on"" argument
    with type = ""AutoSnapshot""
    with snapshot_time argument
    with status = ""Enabled""","package terraform.policy

import rego.v1

default is_valid_lightsail_instance = false

is_valid_lightsail_instance if {
    resource := input.planned_values.root_module.resources[_]
    resource.type == ""aws_lightsail_instance""
    has_required_arguments(resource.values)
    has_valid_add_on(resource.values.add_on)
}

has_required_arguments(values) if {
    values.name
    values.availability_zone
    values.blueprint_id
    values.bundle_id
}

has_valid_add_on(add_ons) if {
    add_on := add_ons[_]
    add_on.type == ""AutoSnapshot""
    add_on.snapshot_time
    add_on.status == ""Enabled""
}

main if {
    is_valid_lightsail_instance
}
","terraform {
  required_version = "">= 1.15.0""

  required_providers {
    aws = {
      source  = ""hashicorp/aws""
      version = ""~> 6.0""
    }
  }
}

provider ""aws"" {
  region     = ""eu-west-1""
}

resource ""aws_lightsail_instance"" ""test"" {
  name              = ""custom_instance""
  availability_zone = ""eu-west-1a""
  blueprint_id      = ""amazon_linux_2""
  bundle_id         = ""nano_2_0""
  add_on {
    type          = ""AutoSnapshot""
    snapshot_time = ""06:00""
    status        = ""Enabled""
  }
  tags = {
    foo = ""bar""
  }
}
",planned_values,False,autoiac-project/iac-eval,>= 1.15.0,1.16.1
aws/task-362,aws,1,aws_lightsail_instance,"# Task 362


Create an AWS Lightsail instance with default blueprint in the `eu-west-1` region (use availability zone `eu-west-1a`).

## Intent

have one ""aws_lightsail_instance"" resource
with ""name"" argument
with ""availability_zone"" argument
with ""blueprint_id"" argument
with ""bundle_id"" argument","have one ""aws_lightsail_instance"" resource
with ""name"" argument
with ""availability_zone"" argument
with ""blueprint_id"" argument
with ""bundle_id"" argument","package terraform.policy

import rego.v1

default is_valid_lightsail_instance = false

is_valid_lightsail_instance if {
    resource := input.planned_values.root_module.resources[_]
    resource.type == ""aws_lightsail_instance""
    has_required_arguments(resource.values)
}

has_required_arguments(values) if {
    values.name
    values.availability_zone
    values.blueprint_id
    values.bundle_id
}

main if {
    is_valid_lightsail_instance
}
","terraform {
  required_version = "">= 1.15.0""

  required_providers {
    aws = {
      source  = ""hashicorp/aws""
      version = ""~> 6.0""
    }
  }
}

provider ""aws"" {
  region     = ""eu-west-1""
}

resource ""aws_lightsail_instance"" ""gitlab_test"" {
  name              = ""custom_gitlab""
  availability_zone = ""eu-west-1a""
  blueprint_id      = ""amazon_linux_2""
  bundle_id         = ""nano_2_0""
}
",planned_values,False,autoiac-project/iac-eval,>= 1.15.0,1.16.1
aws/task-363,aws,1,aws_lightsail_instance,"# Task 363


Create an AWS Lightsail instance with WordPress blueprint in the `eu-west-1` region (use availability zone `eu-west-1a`).

## Intent

have one ""aws_lightsail_instance"" resource
with ""name"" argument
with ""availability_zone"" argument
with ""blueprint_id"" = wordpress
with ""bundle_id"" argument","have one ""aws_lightsail_instance"" resource
with ""name"" argument
with ""availability_zone"" argument
with ""blueprint_id"" = wordpress
with ""bundle_id"" argument","package terraform.policy

import rego.v1

default has_valid_lightsail_instance = false

# Main rule to check for a valid aws_lightsail_instance
has_valid_lightsail_instance if {
    resource := input.planned_values.root_module.resources[_]
    resource.type == ""aws_lightsail_instance""
    resource.values.name
    resource.values.availability_zone
    resource.values.blueprint_id == ""wordpress""
    resource.values.bundle_id
}

main if {
    has_valid_lightsail_instance
}
","terraform {
  required_version = "">= 1.15.0""

  required_providers {
    aws = {
      source  = ""hashicorp/aws""
      version = ""~> 6.0""
    }
  }
}

provider ""aws"" {
  region     = ""eu-west-1""
}

resource ""aws_lightsail_instance"" ""custom"" {
  name              = ""custom""
  availability_zone = ""eu-west-1a""
  blueprint_id      = ""wordpress""
  bundle_id         = ""nano_2_0""
 }
",planned_values,False,autoiac-project/iac-eval,>= 1.15.0,1.16.1
aws/task-365,aws,1,aws_lightsail_instance,"# Task 365


Create an Amazon Lightsail instance with dualstack IP in the `eu-west-1` region (use availability zone `eu-west-1a`).

## Intent

have one ""aws_lightsail_instance"" resource
    with ""name"" argument
    with ""availability_zone"" argument
    with ""blueprint_id"" argument
    with ""bundle_id"" argument
    with ""ip_address_type"" = ""dualstack""","have one ""aws_lightsail_instance"" resource
    with ""name"" argument
    with ""availability_zone"" argument
    with ""blueprint_id"" argument
    with ""bundle_id"" argument
    with ""ip_address_type"" = ""dualstack""","package terraform.policy

import rego.v1

default has_valid_lightsail_instance = false

# Main rule to check for a valid aws_lightsail_instance with specific arguments
has_valid_lightsail_instance if {
    resource := input.planned_values.root_module.resources[_]
    resource.type == ""aws_lightsail_instance""
    resource.values.name
    resource.values.availability_zone
    resource.values.blueprint_id
    resource.values.bundle_id
    resource.values.ip_address_type == ""dualstack""
}

main if {
    has_valid_lightsail_instance
}
","terraform {
  required_version = "">= 1.15.0""

  required_providers {
    aws = {
      source  = ""hashicorp/aws""
      version = ""~> 6.0""
    }
  }
}

provider ""aws"" {
  region = ""eu-west-1""
}

resource ""aws_lightsail_instance"" ""custom"" {
  name              = ""custom""
  availability_zone = ""eu-west-1a""
  blueprint_id      = ""wordpress""
  bundle_id         = ""nano_2_0""
  ip_address_type = ""dualstack""
 }
",planned_values,False,autoiac-project/iac-eval,>= 1.15.0,1.16.1
aws/task-366,aws,2,"aws_lightsail_instance, aws_lightsail_key_pair","# Task 366


Create an Amazon Lightsail instance with a separate SSH key pair in the `eu-west-1` region (use availability zone `eu-west-1a`). Provide the public key inline as a string (do not use `file()` to read from a local path).

## Intent

have one ""aws_lightsail_instance"" resource
    with ""name"" argument
    with ""availability_zone"" argument
    with ""blueprint_id"" argument
    with ""bundle_id"" argument
    with key_pair_name argument

have one ""aws_lightsail_key_pair"" resource
    with ""name"" argument
    with ""public_key"" argument","have one ""aws_lightsail_instance"" resource
    with ""name"" argument
    with ""availability_zone"" argument
    with ""blueprint_id"" argument
    with ""bundle_id"" argument
    with key_pair_name argument

have one ""aws_lightsail_key_pair"" resource
    with ""name"" argument
    with ""public_key""argument","package terraform.policy

import rego.v1

default has_all_required_resources = false

# Rule for aws_lightsail_instance resource with specific arguments
has_valid_lightsail_instance if {
    some i
    resource := input.planned_values.root_module.resources[i]
    resource.type == ""aws_lightsail_instance""
    resource.values.name
    resource.values.availability_zone
    resource.values.blueprint_id
    resource.values.bundle_id
    resource.values.key_pair_name
}

# Rule for aws_lightsail_key_pair resource with specific arguments
has_valid_lightsail_key_pair if {
    some i
    resource := input.planned_values.root_module.resources[i]
    resource.type == ""aws_lightsail_key_pair""
    resource.values.name
    resource.values.public_key
}

# Combined rule to ensure both resources meet their respective conditions
has_all_required_resources if {
    has_valid_lightsail_instance
    has_valid_lightsail_key_pair
}

main if {
    has_valid_lightsail_instance
    has_valid_lightsail_key_pair
}
","terraform {
  required_version = "">= 1.15.0""

  required_providers {
    aws = {
      source  = ""hashicorp/aws""
      version = ""~> 6.0""
    }
  }
}

provider ""aws"" {
  region = ""eu-west-1""
}

resource ""aws_lightsail_key_pair"" ""lg_key_pair"" {
  name       = ""importing""
  public_key = ""ssh-rsa AAAAB3NzaC1yc2EAAAADAQABAAABAQDExample1234567890 example@localhost""
}

resource ""aws_lightsail_instance"" ""custom"" {
  name              = ""custom""
  availability_zone = ""eu-west-1a""
  blueprint_id      = ""wordpress""
  bundle_id         = ""nano_2_0""
  key_pair_name     = aws_lightsail_key_pair.lg_key_pair.name
}
",planned_values,False,autoiac-project/iac-eval,>= 1.15.0,1.16.1
aws/task-367,aws,1,aws_lightsail_database,"# Task 367


create AWS Lightsail that creates a managed database

## Intent

have one ""aws_lightsail_database"" resource
    with relational_database_name argument
    with master_database_name 
    with master_password
    with master_username
    with blueprint_id
    with bundle_id","have one ""aws_lightsail_database"" resource
    with relational_database_name argument
    with master_database_name 
    with master_password
    with master_username
    with blueprint_id
    with bundle_id","package terraform.policy

import rego.v1

default has_valid_lightsail_database = false

# Rule for aws_lightsail_database resource with specific arguments
has_valid_lightsail_database if {
    some i
    resource := input.planned_values.root_module.resources[i]
    resource.type == ""aws_lightsail_database""
    resource.values.relational_database_name
    resource.values.master_database_name
    resource.values.master_password
    resource.values.master_username
    resource.values.blueprint_id
    resource.values.bundle_id
}

main if {
    has_valid_lightsail_database
}
","terraform {
  required_version = "">= 1.15.0""

  required_providers {
    aws = {
      source  = ""hashicorp/aws""
      version = ""~> 6.0""
    }
  }
}

resource ""aws_lightsail_database"" ""test"" {
  relational_database_name = ""test""
  availability_zone        = ""us-east-1a""
  master_database_name     = ""testdatabasename""
  master_password          = ""testdatabasepassword""
  master_username          = ""test""
  blueprint_id             = ""mysql_8_0""
  bundle_id                = ""micro_1_0""
}
",planned_values,False,autoiac-project/iac-eval,>= 1.15.0,1.16.1
aws/task-368,aws,1,aws_lightsail_database,"# Task 368


create an AWS Lightsail instance that creates a mysql database

## Intent

have one ""aws_lightsail_database"" resource
    with relational_database_name argument
    with master_database_name 
    with master_password
    with master_username
    with blueprint_id = mysql_8_0
    with bundle_id","have one ""aws_lightsail_database"" resource
    with relational_database_name argument
    with master_database_name 
    with master_password
    with master_username
    with blueprint_id = mysql_8_0
    with bundle_id","package terraform.policy

import rego.v1

default has_valid_lightsail_database = false

# Rule for aws_lightsail_database resource with specific arguments
has_valid_lightsail_database if {
    some i
    resource := input.planned_values.root_module.resources[i]
    resource.type == ""aws_lightsail_database""
    resource.values.relational_database_name
    resource.values.master_database_name
    resource.values.master_password
    resource.values.master_username
    resource.values.blueprint_id == ""mysql_8_0""
    resource.values.bundle_id
}

main if {
    has_valid_lightsail_database
}
","terraform {
  required_version = "">= 1.15.0""

  required_providers {
    aws = {
      source  = ""hashicorp/aws""
      version = ""~> 6.0""
    }
  }
}

resource ""aws_lightsail_database"" ""test"" {
  relational_database_name = ""test""
  availability_zone        = ""us-east-1a""
  master_database_name     = ""testdatabasename""
  master_password          = ""testdatabasepassword""
  master_username          = ""test""
  blueprint_id             = ""mysql_8_0""
  bundle_id                = ""micro_1_0""
}
",planned_values,False,autoiac-project/iac-eval,>= 1.15.0,1.16.1
aws/task-369,aws,2,aws_lightsail_database,"# Task 369


create AWS Lightsail that creates a mysql database. It should allow daily backups to take place between 16:00 and 16:30 each day and  requires any maintiance tasks (anything that would cause an outage, including changing some attributes) to take place on Tuesdays between 17:00 and 17:30

## Intent

have one ""aws_lightsail_database"" resource
    with relational_database_name argument
    with master_database_name 
    with master_password
    with master_username
    with blueprint_id
    with bundle_id
    with  preferred_backup_window    = ""16:00-16:30""
  preferred_maintenance_window = ""Tue:17:00-Tue:17:30""","have one ""aws_lightsail_database"" resource
    with relational_database_name argument
    with master_database_name 
    with master_password
    with master_username
    with blueprint_id
    with bundle_id
    with  preferred_backup_window    = ""16:00-16:30""
  preferred_maintenance_window = ""Tue:17:00-Tue:17:30""","package terraform.policy

import rego.v1

default has_valid_lightsail_database = false

# Rule for aws_lightsail_database resource with specific arguments
has_valid_lightsail_database if {
    some i
    resource := input.planned_values.root_module.resources[i]
    resource.type == ""aws_lightsail_database""
    resource.values.relational_database_name
    resource.values.master_database_name
    resource.values.master_password
    resource.values.master_username
    resource.values.bundle_id
    resource.values.preferred_backup_window == ""16:00-16:30""
    resource.values.preferred_maintenance_window == ""Tue:17:00-Tue:17:30""
    
}

main if {
    has_valid_lightsail_database
}
","terraform {
  required_version = "">= 1.15.0""

  required_providers {
    aws = {
      source  = ""hashicorp/aws""
      version = ""~> 6.0""
    }
  }
}

resource ""aws_lightsail_database"" ""test"" {
  relational_database_name     = ""test""
  availability_zone            = ""us-east-1a""
  master_database_name         = ""testdatabasename""
  master_password              = ""testdatabasepassword""
  master_username              = ""test""
  blueprint_id                 = ""mysql_8_0""
  bundle_id                    = ""micro_1_0""
  preferred_backup_window      = ""16:00-16:30""
  preferred_maintenance_window = ""Tue:17:00-Tue:17:30""
}
",planned_values,False,autoiac-project/iac-eval,>= 1.15.0,1.16.1
aws/task-370,aws,2,aws_lightsail_database,"# Task 370


AWS Lightsail that creates a postgres database, which enable creating a final snapshot of your database on deletion

## Intent

""have one """"aws_lightsail_database"""" resource
    with relational_database_name argument
    with master_database_name 
    with master_password
    with master_username
    with blueprint_id = postgres_12
    with bundle_id
    with final_snapshot_name","""have one """"aws_lightsail_database"""" resource
    with relational_database_name argument
    with master_database_name 
    with master_password
    with master_username
    with blueprint_id = postgres_12
    with bundle_id
    with final_snapshot_name","package terraform.policy

import rego.v1

default has_valid_lightsail_database = false

# Rule for aws_lightsail_database resource with specific arguments
has_valid_lightsail_database if {
    some i
    resource := input.planned_values.root_module.resources[i]
    resource.type == ""aws_lightsail_database""
    resource.values.relational_database_name
    resource.values.master_database_name
    resource.values.master_password
    resource.values.master_username
    resource.values.blueprint_id == ""postgres_12""
    resource.values.bundle_id
    resource.values.final_snapshot_name
}

main if {
    has_valid_lightsail_database
}
","terraform {
  required_version = "">= 1.15.0""

  required_providers {
    aws = {
      source  = ""hashicorp/aws""
      version = ""~> 6.0""
    }
  }
}

resource ""aws_lightsail_database"" ""test"" {
  relational_database_name     = ""test""
  availability_zone            = ""us-east-1a""
  master_database_name         = ""testdatabasename""
  master_password              = ""testdatabasepassword""
  master_username              = ""test""
  blueprint_id                 = ""postgres_12""
  bundle_id                    = ""micro_1_0""
  final_snapshot_name          = ""MyFinalSnapshot""
}
",planned_values,False,autoiac-project/iac-eval,>= 1.15.0,1.16.1
aws/task-371,aws,2,aws_lightsail_database,"# Task 371


AWS Lightsail that creates a postgres database, which enable applying changes immediately instead of waiting for a maintiance window

## Intent

""have one """"aws_lightsail_database"""" resource
    with relational_database_name argument
    with master_database_name 
    with master_password
    with master_username
    with blueprint_id = postgres_12
    with bundle_id
    apply_immediately  = true","""have one """"aws_lightsail_database"""" resource
    with relational_database_name argument
    with master_database_name 
    with master_password
    with master_username
    with blueprint_id = postgres_12
    with bundle_id
    apply_immediately  = true","package terraform.policy

import rego.v1

default has_valid_lightsail_database = false

# Rule for aws_lightsail_database resource with specific arguments
has_valid_lightsail_database if {
    some i
    resource := input.planned_values.root_module.resources[i]
    resource.type == ""aws_lightsail_database""
    resource.values.relational_database_name
    resource.values.master_database_name
    resource.values.master_password
    resource.values.master_username
    resource.values.blueprint_id == ""postgres_12""
    resource.values.bundle_id
    resource.values.apply_immediately == true
}

main if {
    has_valid_lightsail_database
}
","terraform {
  required_version = "">= 1.15.0""

  required_providers {
    aws = {
      source  = ""hashicorp/aws""
      version = ""~> 6.0""
    }
  }
}

resource ""aws_lightsail_database"" ""test"" {
  relational_database_name = ""test""
  availability_zone        = ""us-east-1a""
  master_database_name     = ""testdatabasename""
  master_password          = ""testdatabasepassword""
  master_username          = ""test""
  blueprint_id             = ""postgres_12""
  bundle_id                = ""micro_1_0""
  apply_immediately        = true
}
",planned_values,False,autoiac-project/iac-eval,>= 1.15.0,1.16.1
aws/task-372,aws,2,"aws_availability_zones, aws_lightsail_disk","# Task 372


create a Lightsail Disk resource

## Intent

have one aws_lightsail_disk resource
    with name
    with size_in_gb
    with availability_zone","have one aws_lightsail_disk resource
    with name
    with size_in_gb
    with availability_zone","package terraform.policy

import rego.v1

default has_valid_lightsail_disk = false

# Rule for aws_lightsail_disk resource with specific arguments
has_valid_lightsail_disk if {
    some i
    resource := input.planned_values.root_module.resources[i]
    resource.type == ""aws_lightsail_disk""
    resource.values.name
    resource.values.size_in_gb
    resource.values.availability_zone
}

main if {
    has_valid_lightsail_disk
}
","terraform {
  required_version = "">= 1.15.0""

  required_providers {
    aws = {
      source  = ""hashicorp/aws""
      version = ""~> 6.0""
    }
  }
}

provider ""aws"" {
  region     = ""us-east-1""
}

data ""aws_availability_zones"" ""available"" {
  state = ""available""

  filter {
    name   = ""opt-in-status""
    values = [""opt-in-not-required""]
  }
}

resource ""aws_lightsail_disk"" ""test"" {
  name              = ""test""
  size_in_gb        = 8
  availability_zone = data.aws_availability_zones.available.names[0]
}
",planned_values,False,autoiac-project/iac-eval,>= 1.15.0,1.16.1
aws/task-373,aws,3,"aws_availability_zones, aws_lightsail_disk, aws_lightsail_disk_attachment, aws_lightsail_instance","# Task 373


Create a Lightsail Disk resource and attaches the Lightsail disk to a Lightsail Instance

## Intent

have one aws_lightsail_disk resource
    with name
    with size_in_gb
    with availability_zone

have one aws_lightsail_disk_attachment
    with disk_name
    with instance_name
    with disk_path

have one ""aws_lightsail_instance"" resource
    with ""name"" argument
    with ""availability_zone"" argument
    with ""blueprint_id"" argument
    with ""bundle_id"" argument","have one aws_lightsail_disk resource
    with name
    with size_in_gb
    with availability_zone

have one aws_lightsail_disk_attachment
    with disk_name
    with instance_name
    with disk_path

have one ""aws_lightsail_instance"" resource
    with ""name"" argument
    with ""availability_zone"" argument
    with ""blueprint_id"" argument
    with ""bundle_id"" argument","package terraform.policy

import rego.v1

default has_valid_lightsail_disk = false

# Rule for aws_lightsail_disk resource with specific arguments
has_valid_lightsail_disk if {
    some i
    resource := input.planned_values.root_module.resources[i]
    resource.type == ""aws_lightsail_disk""
    resource.values.name
    resource.values.size_in_gb
    resource.values.availability_zone
}

main if {
    has_valid_lightsail_disk
}
","terraform {
  required_version = "">= 1.15.0""

  required_providers {
    aws = {
      source  = ""hashicorp/aws""
      version = ""~> 6.0""
    }
  }
}

data ""aws_availability_zones"" ""available"" {
  state = ""available""

  filter {
    name   = ""opt-in-status""
    values = [""opt-in-not-required""]
  }
}

resource ""aws_lightsail_disk"" ""test"" {
  name              = ""test-disk""
  size_in_gb        = 8
  availability_zone = data.aws_availability_zones.available.names[0]
}

resource ""aws_lightsail_instance"" ""test"" {
  name              = ""test-instance""
  availability_zone = data.aws_availability_zones.available.names[0]
  blueprint_id      = ""amazon_linux_2""
  bundle_id         = ""nano_1_0""
}

resource ""aws_lightsail_disk_attachment"" ""test"" {
  disk_name     = aws_lightsail_disk.test.name
  instance_name = aws_lightsail_instance.test.name
  disk_path     = ""/dev/xvdf""
}
",planned_values,False,autoiac-project/iac-eval,>= 1.15.0,1.16.1
aws/task-374,aws,3,"aws_availability_zones, aws_lightsail_disk, aws_lightsail_disk_attachment, aws_lightsail_instance","# Task 374


Set up a storage unit in Lightsail and link it with a Lightsail compute service.

## Intent

have one aws_lightsail_disk resource
    with name
    with size_in_gb
    with availability_zone

have one aws_lightsail_disk_attachment
    with disk_name
    with instance_name
    with disk_path

have one ""aws_lightsail_instance"" resource
    with ""name"" argument
    with ""availability_zone"" argument
    with ""blueprint_id"" argument
    with ""bundle_id"" argument","have one aws_lightsail_disk resource
    with name
    with size_in_gb
    with availability_zone

have one aws_lightsail_disk_attachment
    with disk_name
    with instance_name
    with disk_path

have one ""aws_lightsail_instance"" resource
    with ""name"" argument
    with ""availability_zone"" argument
    with ""blueprint_id"" argument
    with ""bundle_id"" argument","package terraform.policy

import rego.v1

default has_valid_lightsail_disk = false

# Rule for aws_lightsail_disk resource with specific arguments
has_valid_lightsail_disk if {
    some i
    resource := input.planned_values.root_module.resources[i]
    resource.type == ""aws_lightsail_disk""
    resource.values.name
    resource.values.size_in_gb
    resource.values.availability_zone
}

main if {
    has_valid_lightsail_disk
}
","terraform {
  required_version = "">= 1.15.0""

  required_providers {
    aws = {
      source  = ""hashicorp/aws""
      version = ""~> 6.0""
    }
  }
}

data ""aws_availability_zones"" ""available"" {
  state = ""available""

  filter {
    name   = ""opt-in-status""
    values = [""opt-in-not-required""]
  }
}

resource ""aws_lightsail_disk"" ""test"" {
  name              = ""test-disk""
  size_in_gb        = 8
  availability_zone = data.aws_availability_zones.available.names[0]
}

resource ""aws_lightsail_instance"" ""test"" {
  name              = ""test-instance""
  availability_zone = data.aws_availability_zones.available.names[0]
  blueprint_id      = ""amazon_linux_2""
  bundle_id         = ""nano_1_0""
}

resource ""aws_lightsail_disk_attachment"" ""test"" {
  disk_name     = aws_lightsail_disk.test.name
  instance_name = aws_lightsail_instance.test.name
  disk_path     = ""/dev/xvdf""
}
",planned_values,False,autoiac-project/iac-eval,>= 1.15.0,1.16.1
aws/task-375,aws,4,"aws_availability_zones, aws_lightsail_disk, aws_lightsail_disk_attachment, aws_lightsail_instance","# Task 375


Create a Lightsail instance with multiple attached disks

## Intent

have multiple aws_lightsail_disk resource
    with name
    with size_in_gb
    with availability_zone

have multiple aws_lightsail_disk_attachment
    with disk_name
    with instance_name
    with disk_path

have one ""aws_lightsail_instance"" resource
    with ""name"" argument
    with ""availability_zone"" argument
    with ""blueprint_id"" argument
    with ""bundle_id"" argument","have multiple aws_lightsail_disk resource
    with name
    with size_in_gb
    with availability_zone

have multiple aws_lightsail_disk_attachment
    with disk_name
    with instance_name
    with disk_path

have one ""aws_lightsail_instance"" resource
    with ""name"" argument
    with ""availability_zone"" argument
    with ""blueprint_id"" argument
    with ""bundle_id"" argument","package terraform.policy

import rego.v1

default has_valid_resources = false

# Rule for multiple aws_lightsail_disk resources
has_valid_lightsail_disks if {
    count([disk | disk := input.planned_values.root_module.resources[_]; disk.type == ""aws_lightsail_disk""; disk.values.name; disk.values.size_in_gb; disk.values.availability_zone]) > 0
}

# Rule for multiple aws_lightsail_disk_attachment resources
has_valid_lightsail_disk_attachments if {
    count([attachment | attachment := input.planned_values.root_module.resources[_]; attachment.type == ""aws_lightsail_disk_attachment""; attachment.values.disk_name; attachment.values.instance_name; attachment.values.disk_path]) > 0
}

# Rule for aws_lightsail_instance resource with specific arguments
has_valid_lightsail_instance if {
    some i
    resource := input.planned_values.root_module.resources[i]
    resource.type == ""aws_lightsail_instance""
    resource.values.name
    resource.values.availability_zone
    resource.values.blueprint_id
    resource.values.bundle_id
}

# Combined rule to ensure all conditions are met
has_valid_resources if {
    has_valid_lightsail_disks
    has_valid_lightsail_disk_attachments
    has_valid_lightsail_instance
}

main if {
    has_valid_lightsail_disks
    has_valid_lightsail_disk_attachments
    has_valid_lightsail_instance
    has_valid_resources
}
","terraform {
  required_version = "">= 1.15.0""

  required_providers {
    aws = {
      source  = ""hashicorp/aws""
      version = ""~> 6.0""
    }
  }
}

provider ""aws"" {
  region = ""us-east-1""
}

data ""aws_availability_zones"" ""available"" {
  state = ""available""

  filter {
    name   = ""opt-in-status""
    values = [""opt-in-not-required""]
  }
}

resource ""aws_lightsail_disk"" ""test1"" {
  name              = ""test-disk-1""
  size_in_gb        = 8
  availability_zone = data.aws_availability_zones.available.names[0]
}

resource ""aws_lightsail_disk"" ""test2"" {
  name              = ""test-disk-2""
  size_in_gb        = 8
  availability_zone = data.aws_availability_zones.available.names[0]
}

resource ""aws_lightsail_instance"" ""test"" {
  name              = ""test-instance""
  availability_zone = data.aws_availability_zones.available.names[0]
  blueprint_id      = ""amazon_linux_2""
  bundle_id         = ""nano_1_0""
}

resource ""aws_lightsail_disk_attachment"" ""test1"" {
  disk_name     = aws_lightsail_disk.test1.name
  instance_name = aws_lightsail_instance.test.name
  disk_path     = ""/dev/xvdf""
}

resource ""aws_lightsail_disk_attachment"" ""test2"" {
  disk_name     = aws_lightsail_disk.test2.name
  instance_name = aws_lightsail_instance.test.name
  disk_path     = ""/dev/xvdg""
}
",planned_values,False,autoiac-project/iac-eval,>= 1.15.0,1.16.1
aws/task-376,aws,3,"aws_lightsail_bucket, aws_lightsail_bucket_resource_access, aws_lightsail_instance","# Task 376


Create a Lightsail instance with resource access to a Lightsail bucket in the `eu-west-1` region (use availability zone `eu-west-1a`).

## Intent

have one aws_lightsail_bucket
    with name
    with bundle_id

have one aws_lightsail_bucket_resource_access
    with bucket_name
    with resource_name

have one ""aws_lightsail_instance"" resource
    with ""name"" argument
    with ""availability_zone"" argument
    with ""blueprint_id"" argument
    with ""bundle_id"" argument","have one aws_lightsail_bucket
    with name
    with bundle_id

have one aws_lightsail_bucket_resource_access
    with bucket_name
    with resource_name

have one ""aws_lightsail_instance"" resource
    with ""name"" argument
    with ""availability_zone"" argument
    with ""blueprint_id"" argument
    with ""bundle_id"" argument","package terraform.policy

import rego.v1

default has_valid_resources = false

# Rule for aws_lightsail_bucket resource
has_valid_lightsail_bucket if {
    some i
    resource := input.planned_values.root_module.resources[i]
    resource.type == ""aws_lightsail_bucket""
    resource.values.name
    resource.values.bundle_id
}

# Rule for aws_lightsail_bucket_resource_access resource
has_valid_lightsail_bucket_access if {
    some i
    resource := input.planned_values.root_module.resources[i]
    resource.type == ""aws_lightsail_bucket_resource_access""
    resource.values.bucket_name
    resource.values.resource_name
}

# Rule for aws_lightsail_instance resource with specific arguments
has_valid_lightsail_instance if {
    some i
    resource := input.planned_values.root_module.resources[i]
    resource.type == ""aws_lightsail_instance""
    resource.values.name
    resource.values.availability_zone
    resource.values.blueprint_id
    resource.values.bundle_id
}

# Combined rule to ensure all conditions are met
has_valid_resources if {
    has_valid_lightsail_bucket
    has_valid_lightsail_bucket_access
    has_valid_lightsail_instance
}

main if {
    has_valid_lightsail_bucket
    has_valid_lightsail_bucket_access
    has_valid_lightsail_instance
    has_valid_resources
}
","terraform {
  required_version = "">= 1.15.0""

  required_providers {
    aws = {
      source  = ""hashicorp/aws""
      version = ""~> 6.0""
    }
  }
}

provider ""aws"" {
  region     = ""eu-west-1""
}

resource ""aws_lightsail_bucket"" ""test"" {
  name      = ""mytestbucket""
  bundle_id = ""small_1_0""
}

resource ""aws_lightsail_instance"" ""test"" {
  name              = ""mytestinstance""
  availability_zone = ""eu-west-1a""
  blueprint_id      = ""amazon_linux_2""
  bundle_id         = ""nano_1_0""
}

resource ""aws_lightsail_bucket_resource_access"" ""test"" {
  bucket_name   = aws_lightsail_bucket.test.name
  resource_name = aws_lightsail_instance.test.name
}
",planned_values,False,autoiac-project/iac-eval,>= 1.15.0,1.16.1
aws/task-377,aws,1,aws_lightsail_certificate,"# Task 377


Provides a lightsail certificate.

## Intent

have one aws_lightsail_certificate
    with name
    with domain_name","have one aws_lightsail_certificate
    with name
    with domain_name","package terraform.policy

import rego.v1

default has_valid_lightsail_certificate = false

# Rule for aws_lightsail_certificate resource with specific arguments
has_valid_lightsail_certificate if {
    some i
    resource := input.planned_values.root_module.resources[i]
    resource.type == ""aws_lightsail_certificate""
    resource.values.name
    resource.values.domain_name
}

main if {
    has_valid_lightsail_certificate
}
","terraform {
  required_version = "">= 1.15.0""

  required_providers {
    aws = {
      source  = ""hashicorp/aws""
      version = ""~> 6.0""
    }
  }
}

resource ""aws_lightsail_certificate"" ""test"" {
  name                      = ""test""
  domain_name               = ""testdomain.com""
  subject_alternative_names = [""www.testdomain.com""]
}
",planned_values,False,autoiac-project/iac-eval,>= 1.15.0,1.16.1
aws/task-378,aws,3,"aws_lightsail_bucket, aws_lightsail_distribution","# Task 378


managing an AWS Lightsail Distribution with bucket as the origin

## Intent

have one aws_lightsail_distribution
    with name
    with bundle_id
    with default_cache_behavior 
        with behavior
    with origin 
        with name
        with region_name
    with cache_behavior_settings 
        with forwarded_cookies
            with cookies_allow_list 
        with forwarded_headers  
            with headers_allow_list 
        with forwarded_query_strings 
            with query_strings_allowed_list

have one aws_lightsail_bucket
    with name
    with bundle_id","have one aws_lightsail_distribution
    with name
    with bundle_id
    with default_cache_behavior 
        with behavior
    with origin 
        with name
        with region_name
    with cache_behavior_settings 
        with forwarded_cookies
            with cookies_allow_list 
        with forwarded_headers  
            with headers_allow_list 
        with forwarded_query_strings 
            with query_strings_allowed_list

have one aws_lightsail_bucket
    with name
    with bundle_id","package terraform.policy

import rego.v1

default has_valid_resources = false

# Rule for aws_lightsail_distribution resource
has_valid_lightsail_distribution if {
    some i
    resource := input.planned_values.root_module.resources[i]
    resource.type == ""aws_lightsail_distribution""
    resource.values.name
    resource.values.bundle_id
}

# Rule for aws_lightsail_bucket resource
has_valid_lightsail_bucket if {
    some i
    resource := input.planned_values.root_module.resources[i]
    resource.type == ""aws_lightsail_bucket""
    resource.values.name
    resource.values.bundle_id
}

# Combined rule to ensure both conditions are met
has_valid_resources if {
    has_valid_lightsail_distribution
    has_valid_lightsail_bucket
}

main if {
    has_valid_lightsail_distribution
    has_valid_lightsail_bucket
    has_valid_resources
}
","terraform {
  required_version = "">= 1.15.0""

  required_providers {
    aws = {
      source  = ""hashicorp/aws""
      version = ""~> 6.0""
    }
  }
}

resource ""aws_lightsail_bucket"" ""test"" {
  name      = ""test-bucket""
  bundle_id = ""small_1_0""
}
resource ""aws_lightsail_distribution"" ""test"" {
  name      = ""test-distribution""
  bundle_id = ""small_1_0""
  origin {
    name        = aws_lightsail_bucket.test.name
    region_name = aws_lightsail_bucket.test.region
  }
  default_cache_behavior {
    behavior = ""cache""
  }
  cache_behavior_settings {
    allowed_http_methods = ""GET,HEAD,OPTIONS,PUT,PATCH,POST,DELETE""
    cached_http_methods  = ""GET,HEAD""
    default_ttl          = 86400
    maximum_ttl          = 31536000
    minimum_ttl          = 0
    forwarded_cookies {
      option = ""none""
    }
    forwarded_headers {
      option = ""default""
    }
    forwarded_query_strings {
      option = false
    }
  }
}
",planned_values,False,autoiac-project/iac-eval,>= 1.15.0,1.16.1
aws/task-379,aws,3,"aws_availability_zones, aws_lightsail_distribution, aws_lightsail_instance, aws_lightsail_static_ip, aws_lightsail_static_ip_attachment","# Task 379


managing an AWS Lightsail Distribution with a instance as an origin

## Intent

have one aws_lightsail_instance
    with ""name"" argument
    with ""availability_zone"" argument
    with ""blueprint_id"" argument
    with ""bundle_id"" argument

have one aws_lightsail_distribution
    with name
    with bundle_id
    with default_cache_behavior 
        with behavior
    with origin 
        with name
        with region_name
    with cache_behavior_settings 
        with forwarded_cookies
            with cookies_allow_list 
        with forwarded_headers  
            with headers_allow_list 
        with forwarded_query_strings 
            with query_strings_allowed_list","have one aws_lightsail_instance
    with ""name"" argument
    with ""availability_zone"" argument
    with ""blueprint_id"" argument
    with ""bundle_id"" argument

have one aws_lightsail_distribution
    with name
    with bundle_id
    with default_cache_behavior 
        with behavior
    with origin 
        with name
        with region_name
    with cache_behavior_settings 
        with forwarded_cookies
            with cookies_allow_list 
        with forwarded_headers  
            with headers_allow_list 
        with forwarded_query_strings 
            with query_strings_allowed_list","package terraform.policy

import rego.v1

default has_valid_lightsail_resources = false

# Rule for aws_lightsail_instance resource
has_lightsail_instance if {
    some i
    resource := input.planned_values.root_module.resources[i]
    resource.type == ""aws_lightsail_instance""
}

# Rule for aws_lightsail_distribution resource
has_lightsail_distribution if {
    some i
    resource := input.planned_values.root_module.resources[i]
    resource.type == ""aws_lightsail_distribution""
}

# Combined rule to ensure both resources are present
has_valid_lightsail_resources if {
    has_lightsail_instance
    has_lightsail_distribution
}

main if {
    has_valid_lightsail_resources
}
","terraform {
  required_version = "">= 1.15.0""

  required_providers {
    aws = {
      source  = ""hashicorp/aws""
      version = ""~> 6.0""
    }
  }
}

data ""aws_availability_zones"" ""available"" {
  state = ""available""

  filter {
    name   = ""opt-in-status""
    values = [""opt-in-not-required""]
  }
}

resource ""aws_lightsail_static_ip_attachment"" ""test"" {
  static_ip_name = aws_lightsail_static_ip.test.name
  instance_name  = aws_lightsail_instance.test.name
}

resource ""aws_lightsail_static_ip"" ""test"" {
  name = ""test-static-ip""
}

resource ""aws_lightsail_instance"" ""test"" {
  name              = ""test-instance""
  availability_zone = data.aws_availability_zones.available.names[0]
  blueprint_id      = ""amazon_linux_2""
  bundle_id         = ""micro_1_0""
}

resource ""aws_lightsail_distribution"" ""test"" {
  name       = ""test-distribution""
  depends_on = [aws_lightsail_static_ip_attachment.test]
  bundle_id  = ""small_1_0""
  origin {
    name        = aws_lightsail_instance.test.name
    region_name = data.aws_availability_zones.available.id
  }
  default_cache_behavior {
    behavior = ""cache""
  }
}
",planned_values,False,autoiac-project/iac-eval,>= 1.15.0,1.16.1
aws/task-380,aws,1,aws_glacier_vault,"# Task 380


an S3 Glacier vault for long-term data archiving

## Intent

has one ""aws_glacier_vault"" resource
     with ""name"" attribute","has one ""aws_glacier_vault"" resource
     with ""name"" attribute","package terraform.policy

import rego.v1

default is_valid_glacier_vault = false

# Rule to validate if there is at least one aws_glacier_vault resource with a name attribute
is_valid_glacier_vault if {
    # Find a resource that is of type aws_glacier_vault
    resource := input.planned_values.root_module.resources[_]
    resource.type == ""aws_glacier_vault""

    # Check that the resource has a name attribute
    has_value(resource.values.name)
}

# Helper function to check if a value exists (not null)
has_value(value) if {
    not is_null(value)
}

main if {
    is_valid_glacier_vault
}
","terraform {
  required_version = "">= 1.15.0""

  required_providers {
    aws = {
      source  = ""hashicorp/aws""
      version = ""~> 6.0""
    }
  }
}

provider ""aws"" {
  region = ""us-east-1""  # Replace with your desired AWS region
}

resource ""aws_glacier_vault"" ""example"" {
  name = ""my-glacier-vault""
}
",planned_values,False,autoiac-project/iac-eval,>= 1.15.0,1.16.1
aws/task-381,aws,1,aws_glacier_vault,"# Task 381


generate a aws storage for long term data and backup

## Intent

has one ""aws_glacier_vault"" resource
     with ""name"" attribute","has one ""aws_glacier_vault"" resource
     with ""name"" attribute","package terraform.policy

import rego.v1

default is_valid_glacier_vault = false

# Rule to validate if there is at least one aws_glacier_vault resource with a name attribute
is_valid_glacier_vault if {
    # Find a resource that is of type aws_glacier_vault
    resource := input.planned_values.root_module.resources[_]
    resource.type == ""aws_glacier_vault""

    # Check that the resource has a name attribute
    has_value(resource.values.name)
}

# Helper function to check if a value exists (not null)
has_value(value) if {
    not is_null(value)
}

main if {
    is_valid_glacier_vault
}
","terraform {
  required_version = "">= 1.15.0""

  required_providers {
    aws = {
      source  = ""hashicorp/aws""
      version = ""~> 6.0""
    }
  }
}

provider ""aws"" {
  region = ""us-east-1""  # Replace with your desired AWS region
}

resource ""aws_glacier_vault"" ""example"" {
  name = ""my-glacier-vault""
}
",planned_values,False,autoiac-project/iac-eval,>= 1.15.0,1.16.1
aws/task-385,aws,3,"aws_glacier_vault, aws_iam_policy_document","# Task 385


generage an S3 Glacier vault with a access policy

## Intent

has one ""aws_glacier_vault"" resource
     with ""name"" attribute
     with ""access_policy"" attribute","has one ""aws_glacier_vault"" resource
     with ""name"" attribute
     with ""access_policy"" attribute","package terraform.policy

import rego.v1

default is_valid_terraform_plan = false

# Rule to check for an AWS Glacier Vault resource with 'name' and 'access_policy' attributes
is_valid_glacier_vault if {
	resource := input.planned_values.root_module.resources[_]
	resource.type == ""aws_glacier_vault""
	not is_null(resource.values.name)
	not is_null(resource.values.access_policy)
}

# Combined rule to validate the entire Terraform plan
is_valid_terraform_plan if {
	is_valid_glacier_vault
}

main if {
    is_valid_glacier_vault
    is_valid_terraform_plan
}
","terraform {
  required_version = "">= 1.15.0""

  required_providers {
    aws = {
      source  = ""hashicorp/aws""
      version = ""~> 6.0""
    }
  }
}

provider ""aws"" {
  region     = ""us-east-1""
}

data ""aws_iam_policy_document"" ""my_archive"" {
  statement {
    sid    = ""add-read-only-perm""
    effect = ""Allow""

    principals {
      type        = ""*""
      identifiers = [""*""]
    }

    actions = [
      ""glacier:InitiateJob"",
      ""glacier:GetJobOutput"",
    ]

    resources = [""arn:aws:glacier:eu-west-1:432981146916:vaults/MyArchive""]
  }
}

resource ""aws_glacier_vault"" ""my_archive"" {
  name = ""MyArchive""
  access_policy = data.aws_iam_policy_document.my_archive.json

  tags = {
    Test = ""MyArchive""
  }
}
",planned_values,False,autoiac-project/iac-eval,>= 1.15.0,1.16.1
aws/task-386,aws,3,"aws_glacier_vault, aws_glacier_vault_lock, aws_iam_policy_document","# Task 386


generage an S3 Glacier vault with a Vault Lock

## Intent

has one ""aws_glacier_vault"" resource
     with ""name"" attribute

implicit:
has one ""aws_iam_policy_document"" data
has one ""aws_glacier_vault_lock"" resource","has one ""aws_glacier_vault"" resource
     with ""name"" attribute

implicit:
has one ""aws_iam_policy_document"" data
has one ""aws_glacier_vault_lock"" resource","package terraform.policy

import rego.v1

default is_valid_terraform_plan = false

# Rule to check for an AWS Glacier Vault resource with 'name' and 'access_policy' attributes
is_valid_glacier_vault if {
	resource := input.planned_values.root_module.resources[_]
	resource.type == ""aws_glacier_vault""
	not is_null(resource.values.name)
}

# Rule to check for the existence of an AWS Glacier Vault Lock resource
is_valid_glacier_vault_lock if {
	resource := input.planned_values.root_module.resources[_]
	resource.type == ""aws_glacier_vault_lock""
}

# Combined rule to validate the entire Terraform plan
is_valid_terraform_plan if {
	is_valid_glacier_vault
	is_valid_glacier_vault_lock
}

main if {
    is_valid_glacier_vault
    is_valid_glacier_vault_lock
    is_valid_terraform_plan
}
","terraform {
  required_version = "">= 1.15.0""

  required_providers {
    aws = {
      source  = ""hashicorp/aws""
      version = ""~> 6.0""
    }
  }
}

provider ""aws"" {
  region     = ""us-east-1""
}

resource ""aws_glacier_vault"" ""example"" {
  name = ""example""
}

data ""aws_iam_policy_document"" ""example"" {
  statement {
    actions   = [""glacier:DeleteArchive""]
    effect    = ""Deny""
    resources = [aws_glacier_vault.example.arn]

    condition {
      test     = ""NumericLessThanEquals""
      variable = ""glacier:ArchiveAgeinDays""
      values   = [""365""]
    }
  }
}

resource ""aws_glacier_vault_lock"" ""example"" {
  complete_lock = false
  policy        = data.aws_iam_policy_document.example.json
  vault_name    = aws_glacier_vault.example.name
}
",planned_values,False,autoiac-project/iac-eval,>= 1.15.0,1.16.1
aws/task-387,aws,3,"aws_glacier_vault, aws_glacier_vault_lock, aws_iam_policy_document","# Task 387


generage an S3 Glacier vault with a access policy using ""aws_iam_policy_document"" data and lock the policy using ""aws_glacier_vault_lock""

## Intent

has one ""aws_glacier_vault"" resource
     with ""name"" attribute
     with ""access_policy"" attributr

implicit:
has one ""aws_iam_policy_document"" data
has one ""aws_glacier_vault_lock"" resource","has one ""aws_glacier_vault"" resource
     with ""name"" attribute
     with ""access_policy"" attributr

implicit:
has one ""aws_iam_policy_document"" data
has one ""aws_glacier_vault_lock"" resource","package terraform.policy

import rego.v1

default is_valid_terraform_plan = false

# Rule to check for an AWS Glacier Vault resource with 'name' and 'access_policy' attributes
is_valid_glacier_vault if {
	resource := input.planned_values.root_module.resources[_]
	resource.type == ""aws_glacier_vault""
	not is_null(resource.values.name)
}

# Rule to check for the existence of an AWS Glacier Vault Lock resource
is_valid_glacier_vault_lock if {
	resource := input.planned_values.root_module.resources[_]
	resource.type == ""aws_glacier_vault_lock""
}

# Combined rule to validate the entire Terraform plan
is_valid_terraform_plan if {
	is_valid_glacier_vault
	is_valid_glacier_vault_lock
}

main if {
    is_valid_glacier_vault
    is_valid_glacier_vault_lock
    is_valid_terraform_plan
}
","terraform {
  required_version = "">= 1.15.0""

  required_providers {
    aws = {
      source  = ""hashicorp/aws""
      version = ""~> 6.0""
    }
  }
}

provider ""aws"" {
  region     = ""us-east-1""
}

resource ""aws_glacier_vault"" ""example"" {
  name = ""example""
}

data ""aws_iam_policy_document"" ""example"" {
  statement {
    actions   = [""glacier:DeleteArchive""]
    effect    = ""Deny""
    resources = [aws_glacier_vault.example.arn]

    condition {
      test     = ""NumericLessThanEquals""
      variable = ""glacier:ArchiveAgeinDays""
      values   = [""365""]
    }
  }
}

resource ""aws_glacier_vault_lock"" ""example"" {
  complete_lock = false
  policy        = data.aws_iam_policy_document.example.json
  vault_name    = aws_glacier_vault.example.name
}
",planned_values,False,autoiac-project/iac-eval,>= 1.15.0,1.16.1
aws/task-388,aws,2,"aws_glacier_vault, aws_sns_topic","# Task 388


generage an S3 Glacier vault that pushes notification when archive retrieval completed

## Intent

has one ""aws_glacier_vault"" resource
     with ""name"" attribute
     with notification attribute
        with sns_topic attribute
        with events attribute

has one aws_sns_topic resources
    with name attribute","has one ""aws_glacier_vault"" resource
     with ""name"" attribute
     with notification attribute
        with sns_topic attribute
        with events attribute

has one aws_sns_topic resources
    with name attribute","package terraform.policy

import rego.v1

default is_valid_terraform_plan = false

# Rule to check for an AWS Glacier Vault resource with 'name' and 'notification' attributes
is_valid_glacier_vault if {
    resource := input.planned_values.root_module.resources[_]
    resource.type == ""aws_glacier_vault""
    not is_null(resource.values.name)
    not is_null(resource.values.notification)
}

# Rule to check for the existence of an AWS SNS Topic resource with 'name' attribute
is_valid_sns_topic if {
    resource := input.planned_values.root_module.resources[_]
    resource.type == ""aws_sns_topic""
    not is_null(resource.values.name)
}

# Combined rule to validate the entire Terraform plan
is_valid_terraform_plan if {
    is_valid_glacier_vault
    is_valid_sns_topic
}

main if {
    is_valid_glacier_vault
    is_valid_sns_topic
    is_valid_terraform_plan
}
","terraform {
  required_version = "">= 1.15.0""

  required_providers {
    aws = {
      source  = ""hashicorp/aws""
      version = ""~> 6.0""
    }
  }
}

provider ""aws"" {
  region     = ""us-east-1""
}

# Create an SNS topic for notifications
resource ""aws_sns_topic"" ""glacier_notifications"" {
  name = ""glacier-archive-retrieval-notifications""
}

# Create an S3 Glacier Vault
resource ""aws_glacier_vault"" ""my_archive"" {
  name = ""MyArchive""

  notification {
    sns_topic = aws_sns_topic.glacier_notifications.arn
    events    = [""ArchiveRetrievalCompleted""]
  }
}
",planned_values,False,autoiac-project/iac-eval,>= 1.15.0,1.16.1
aws/task-407,aws,2,aws_db_instance,"# Task 407


create a basic AWS RDS instance

## Intent

Has one ""aws_db_instance"" resource
    with one ""allocated_storage""
    with one ""engine"" and a valid engine value
    with one ""instance_class"" and a valid instance class type
    with one ""password""
    with one ""username""","Has one ""aws_db_instance"" resource
    with one ""allocated_storage""
    with one ""engine"" and a valid engine value
    with one ""instance_class"" and a valid instance class type
    with one ""password""
    with one ""username""","package terraform.policy

import rego.v1

default is_valid_db_instance = false

is_valid_db_instance if {
    resource := input.resource_changes[_]
    resource.type == ""aws_db_instance""
    has_required_db_arguments
}

has_required_db_arguments if {
    resource := input.resource_changes[_]
    resource.type == ""aws_db_instance""
    after := resource.change.after
    requirement1(after)
    requirement2(after)
    requirement3(after)
}

requirement1(after) if {
    after.allocated_storage != null
    after.engine != null
    after.username != null
    is_valid_engine(after.engine)
}

requirement1(after) if {
    after.snapshot_identifier != null
}

requirement1(after) if {
    after.replicate_source_db != null
}

requirement2(after) if {
    after.instance_class != null
    is_valid_instance_class(after.instance_class)
}

requirement3(after) if {
    after.password != null
}

requirement3(after) if {
    after.manage_master_user_password == true
}

requirement3(after) if {
    after.snapshot_identifier != null
}

requirement3(after) if {
    after.replicate_source_db != null
}

is_valid_engine(engine) if {
    engine_set := {
        ""mysql"",
        ""postgres"",
        ""mariadb"",
        ""oracle-se"",
        ""oracle-se1"",
        ""oracle-se2"",
        ""oracle-ee"",
        ""sqlserver-ee"",
        ""sqlserver-se"",
        ""sqlserver-ex"",
        ""sqlserver-web""
    }
    engine_set[engine]
}

is_valid_instance_class(instance_class) if {
    startswith(instance_class, ""db."")
}

main if {
    is_valid_db_instance
}
","terraform {
  required_version = "">= 1.15.0""

  required_providers {
    aws = {
      source  = ""hashicorp/aws""
      version = ""~> 6.0""
    }
  }
}

# Define the provider block for AWS
provider ""aws"" {
  region = ""us-east-2"" # Set your desired AWS region
}

resource ""aws_db_instance"" ""default"" {
  allocated_storage    = 10
  db_name              = ""mydb""
  engine               = ""mysql""
  engine_version       = ""5.7""
  instance_class       = ""db.t3.micro""
  username             = ""foo""
  password             = ""foobarbaz""
  parameter_group_name = ""default.mysql5.7""
  skip_final_snapshot  = true
}
",resource_changes,False,autoiac-project/iac-eval,>= 1.15.0,1.16.1
aws/task-408,aws,1,aws_db_instance,"# Task 408


create a basic AWS SQL database

## Intent

Has one ""aws_db_instance"" resource
    with one ""allocated_storage""
    with one ""engine"" and a valid engine value
    with one ""instance_class"" and a valid instance class type
    with one ""password""
    with one ""username""","Has one ""aws_db_instance"" resource
    with one ""allocated_storage""
    with one ""engine"" and a valid engine value
    with one ""instance_class"" and a valid instance class type
    with one ""password""
    with one ""username""","package terraform.policy

import rego.v1

default is_valid_db_instance = false

is_valid_db_instance if {
    resource := input.resource_changes[_]
    resource.type == ""aws_db_instance""
    has_required_db_arguments
}

has_required_db_arguments if {
    resource := input.resource_changes[_]
    resource.type == ""aws_db_instance""
    after := resource.change.after
    requirement1(after)
    requirement2(after)
    requirement3(after)
}

requirement1(after) if {
    after.allocated_storage != null
    after.engine == ""mysql""
    after.username != null
    is_valid_engine(after.engine)
}

requirement2(after) if {
    after.instance_class != null
    is_valid_instance_class(after.instance_class)
}

requirement3(after) if {
    after.password != null
}

requirement3(after) if {
    after.manage_master_user_password == true
}

requirement3(after) if {
    after.snapshot_identifier != null
}

requirement3(after) if {
    after.replicate_source_db != null
}

is_valid_engine(engine) if {
    engine_set := {
        ""mysql"",
        ""postgres"",
        ""mariadb"",
        ""oracle-se"",
        ""oracle-se1"",
        ""oracle-se2"",
        ""oracle-ee"",
        ""sqlserver-ee"",
        ""sqlserver-se"",
        ""sqlserver-ex"",
        ""sqlserver-web""
    }
    engine_set[engine]
}

is_valid_instance_class(instance_class) if {
    startswith(instance_class, ""db."")
}

main if {
    is_valid_db_instance
}
","terraform {
  required_version = "">= 1.15.0""

  required_providers {
    aws = {
      source  = ""hashicorp/aws""
      version = ""~> 6.0""
    }
  }
}

resource ""aws_db_instance"" ""default"" {
  allocated_storage    = 10
  engine               = ""mysql""
  instance_class       = ""db.t3.micro""
  username             = ""foo""
  password             = ""foobarbaz""
}
",resource_changes,False,autoiac-project/iac-eval,>= 1.15.0,1.16.1
aws/task-409,aws,1,aws_db_instance,"# Task 409


Create a db.t4g.large AWS PostgresSQL

## Intent

Has one ""aws_db_instance"" resource
with one ""allocated_storage"" minimun value is 20
with one ""engine"" with value ""postgres""
with one ""instance_class"" with value ""db.t4g.large""
with one ""password""
with one ""username""","Has one ""aws_db_instance"" resource
with one ""allocated_storage"" minimun value is 20
with one ""engine"" with value ""postgres""
with one ""instance_class"" with value ""db.t4g.large""
with one ""password""
with one ""username""","package terraform.policy

import rego.v1

default is_valid_db_instance = false

is_valid_db_instance if {
    resource := input.resource_changes[_]
    resource.type == ""aws_db_instance""
    has_required_db_arguments
}

has_required_db_arguments if {
    resource := input.resource_changes[_]
    resource.type == ""aws_db_instance""
    after := resource.change.after
    requirement1(after)
    requirement2(after)
    requirement3(after)
}

requirement1(after) if {
    after.allocated_storage >= 20
    after.engine == ""postgres""
    after.username != null
    is_valid_engine(after.engine)
}

requirement2(after) if {
    after.instance_class == ""db.t4g.large""
    is_valid_instance_class(after.instance_class)
}

requirement3(after) if {
    after.password != null
}

requirement3(after) if {
    after.manage_master_user_password == true
}

requirement3(after) if {
    after.snapshot_identifier != null
}

requirement3(after) if {
    after.replicate_source_db != null
}

is_valid_engine(engine) if {
    engine_set := {
        ""mysql"",
        ""postgres"",
        ""mariadb"",
        ""oracle-se"",
        ""oracle-se1"",
        ""oracle-se2"",
        ""oracle-ee"",
        ""sqlserver-ee"",
        ""sqlserver-se"",
        ""sqlserver-ex"",
        ""sqlserver-web""
    }
    engine_set[engine]
}

is_valid_instance_class(instance_class) if {
    startswith(instance_class, ""db."")
}

main if {
    is_valid_db_instance
}
","terraform {
  required_version = "">= 1.15.0""

  required_providers {
    aws = {
      source  = ""hashicorp/aws""
      version = ""~> 6.0""
    }
  }
}

resource ""aws_db_instance"" ""default"" {
  allocated_storage    = 20
  engine               = ""postgres""
  instance_class       = ""db.t4g.large""
  username             = ""foo""
  password             = ""foobarbaz""
}
",resource_changes,False,autoiac-project/iac-eval,>= 1.15.0,1.16.1
aws/task-410,aws,1,aws_db_instance,"# Task 410


create a memory optimized PostgresSQL

## Intent

Has one ""aws_db_instance"" resource
with one ""allocated_storage"" minimun value is 20
with one ""engine"" with value ""postgres""
with one ""instance_class"" with valid memory-optimized class
with one ""password""
with one ""username""","Has one ""aws_db_instance"" resource
with one ""allocated_storage"" minimun value is 20
with one ""engine"" with value ""postgres""
with one ""instance_class"" with valid memory-optimized class
with one ""password""
with one ""username""","package terraform.policy

import rego.v1

default is_valid_db_instance = false

is_valid_db_instance if {
    resource := input.resource_changes[_]
    resource.type == ""aws_db_instance""
    has_required_db_arguments
}

has_required_db_arguments if {
    resource := input.resource_changes[_]
    resource.type == ""aws_db_instance""
    after := resource.change.after
    requirement1(after)
    requirement2(after)
    requirement3(after)
}

requirement1(after) if {
    after.allocated_storage >= 20
    after.engine == ""postgres""
    after.username != null
    is_valid_engine(after.engine)
}

requirement2(after) if {
    after.instance_class != null
    is_valid_instance_class(after.instance_class)
}

requirement3(after) if {
    after.password != null
}

requirement3(after) if {
    after.manage_master_user_password == true
}

requirement3(after) if {
    after.snapshot_identifier != null
}

requirement3(after) if {
    after.replicate_source_db != null
}

is_valid_engine(engine) if {
    engine_set := {
        ""mysql"",
        ""postgres"",
        ""mariadb"",
        ""oracle-se"",
        ""oracle-se1"",
        ""oracle-se2"",
        ""oracle-ee"",
        ""sqlserver-ee"",
        ""sqlserver-se"",
        ""sqlserver-ex"",
        ""sqlserver-web""
    }
    engine_set[engine]
}

is_valid_instance_class(instance_class) if {
    startswith(instance_class, ""db."")
}

main if {
    is_valid_db_instance
}
","terraform {
  required_version = "">= 1.15.0""

  required_providers {
    aws = {
      source  = ""hashicorp/aws""
      version = ""~> 6.0""
    }
  }
}

resource ""aws_db_instance"" ""default"" {
  allocated_storage    = 20
  engine               = ""postgres""
  instance_class       = ""db.z1d.micro""
  username             = ""foo""
  password             = ""foobarbaz""
}
",resource_changes,False,autoiac-project/iac-eval,>= 1.15.0,1.16.1
aws/task-411,aws,2,aws_db_instance,"# Task 411


Create an AWS mySQL instance. Any changes on it will be applied immediately

## Intent

Has one ""aws_db_instance"" resource
with one ""allocated_storage""
with one ""engine"" with value ""mysql""
with one ""instance_class"" 
with one ""password""
with one ""username""
with one ""apply_immediately"" set to true","Has one ""aws_db_instance"" resource
with one ""allocated_storage""
with one ""engine"" with value ""mysql""
with one ""instance_class"" 
with one ""password""
with one ""username""
with one ""apply_immediately"" set to true","package terraform.policy

import rego.v1

default is_valid_db_instance = false

is_valid_db_instance if {
    resource := input.resource_changes[_]
    resource.type == ""aws_db_instance""
    has_required_db_arguments
}

has_required_db_arguments if {
    resource := input.resource_changes[_]
    resource.type == ""aws_db_instance""
    after := resource.change.after
    requirement1(after)
    requirement2(after)
    requirement3(after)
    after.apply_immediately == true
}

requirement1(after) if {
    after.allocated_storage != null
    after.engine != null
    after.username != null
    is_valid_engine(after.engine)
}

requirement1(after) if {
    after.snapshot_identifier != null
}

requirement1(after) if {
    after.replicate_source_db != null
}

requirement2(after) if {
    after.instance_class != null
    is_valid_instance_class(after.instance_class)
}

requirement3(after) if {
    after.password != null
}

requirement3(after) if {
    after.manage_master_user_password == true
}

requirement3(after) if {
    after.snapshot_identifier != null
}

requirement3(after) if {
    after.replicate_source_db != null
}

is_valid_engine(engine) if {
    engine_set := {
        ""mysql"",
        ""postgres"",
        ""mariadb"",
        ""oracle-se"",
        ""oracle-se1"",
        ""oracle-se2"",
        ""oracle-ee"",
        ""sqlserver-ee"",
        ""sqlserver-se"",
        ""sqlserver-ex"",
        ""sqlserver-web""
    }
    engine_set[engine]
}

is_valid_instance_class(instance_class) if {
    startswith(instance_class, ""db."")
}

main if {
    is_valid_db_instance
}
","terraform {
  required_version = "">= 1.15.0""

  required_providers {
    aws = {
      source  = ""hashicorp/aws""
      version = ""~> 6.0""
    }
  }
}

# Define the provider block for AWS
provider ""aws"" {
  region = ""us-east-2"" # Set your desired AWS region
}

resource ""aws_db_instance"" ""default"" {
  allocated_storage    = 20
  engine               = ""mysql""
  instance_class       = ""db.z1d.micro""
  username             = ""foo""
  password             = ""foobarbaz""
  apply_immediately = true
}
",resource_changes,False,autoiac-project/iac-eval,>= 1.15.0,1.16.1
aws/task-412,aws,1,aws_db_instance,"# Task 412


Create an AWS mySQL instance that skips the final snapshot

## Intent

Has one ""aws_db_instance"" resource
with one ""allocated_storage""
with one ""engine"" with value ""mysql""
with one ""instance_class"" 
with one ""password""
with one ""username""
with one ""skip_final_snapshot"" set to true","Has one ""aws_db_instance"" resource
with one ""allocated_storage""
with one ""engine"" with value ""mysql""
with one ""instance_class"" 
with one ""password""
with one ""username""
with one ""skip_final_snapshot"" set to true","package terraform.policy

import rego.v1

default is_valid_db_instance = false

is_valid_db_instance if {
    resource := input.resource_changes[_]
    resource.type == ""aws_db_instance""
    has_required_db_arguments
}

has_required_db_arguments if {
    resource := input.resource_changes[_]
    resource.type == ""aws_db_instance""
    after := resource.change.after
    requirement1(after)
    requirement2(after)
    requirement3(after)
    after.skip_final_snapshot == true
}

requirement1(after) if {
    after.allocated_storage != null
    after.engine != null
    after.username != null
    is_valid_engine(after.engine)
}

requirement1(after) if {
    after.snapshot_identifier != null
}

requirement1(after) if {
    after.replicate_source_db != null
}

requirement2(after) if {
    after.instance_class != null
    is_valid_instance_class(after.instance_class)
}

requirement3(after) if {
    after.password != null
}

requirement3(after) if {
    after.manage_master_user_password == true
}

requirement3(after) if {
    after.snapshot_identifier != null
}

requirement3(after) if {
    after.replicate_source_db != null
}

is_valid_engine(engine) if {
    engine_set := {
        ""mysql"",
        ""postgres"",
        ""mariadb"",
        ""oracle-se"",
        ""oracle-se1"",
        ""oracle-se2"",
        ""oracle-ee"",
        ""sqlserver-ee"",
        ""sqlserver-se"",
        ""sqlserver-ex"",
        ""sqlserver-web""
    }
    engine_set[engine]
}

is_valid_instance_class(instance_class) if {
    startswith(instance_class, ""db."")
}

main if {
    is_valid_db_instance
}
","terraform {
  required_version = "">= 1.15.0""

  required_providers {
    aws = {
      source  = ""hashicorp/aws""
      version = ""~> 6.0""
    }
  }
}

resource ""aws_db_instance"" ""default"" {
  allocated_storage    = 20
  engine               = ""mysql""
  instance_class       = ""db.z1d.micro""
  username             = ""foo""
  password             = ""foobarbaz""
  skip_final_snapshot = true
}
",resource_changes,False,autoiac-project/iac-eval,>= 1.15.0,1.16.1
aws/task-414,aws,1,aws_db_instance,"# Task 414


create a aws relational database from a snapshot

## Intent

Has one ""aws_db_instance"" resource
    with one ""allocated_storage""
    with one ""engine"" and a valid engine value
    with one ""instance_class"" and a valid instance class type
    with one ""password""
    with one ""username""","Has one ""aws_db_instance"" resource
    with one ""allocated_storage""
    with one ""engine"" and a valid engine value
    with one ""instance_class"" and a valid instance class type
    with one ""password""
    with one ""username""","package terraform.policy

import rego.v1

default is_valid_db_instance = false

is_valid_db_instance if {
    resource := input.resource_changes[_]
    resource.type == ""aws_db_instance""
    has_required_db_arguments
}

has_required_db_arguments if {
    resource := input.resource_changes[_]
    resource.type == ""aws_db_instance""
    after := resource.change.after
    requirement1(after)
    requirement2(after)
    requirement3(after)
}

requirement1(after) if {
    after.snapshot_identifier != null
}

requirement2(after) if {
    after.instance_class != null
    is_valid_instance_class(after.instance_class)
}

requirement3(after) if {
    after.password != null
}

requirement3(after) if {
    after.manage_master_user_password == true
}

requirement3(after) if {
    after.snapshot_identifier != null
}

requirement3(after) if {
    after.replicate_source_db != null
}

is_valid_engine(engine) if {
    engine_set := {
        ""mysql"",
        ""postgres"",
        ""mariadb"",
        ""oracle-se"",
        ""oracle-se1"",
        ""oracle-se2"",
        ""oracle-ee"",
        ""sqlserver-ee"",
        ""sqlserver-se"",
        ""sqlserver-ex"",
        ""sqlserver-web""
    }
    engine_set[engine]
}

is_valid_instance_class(instance_class) if {
    startswith(instance_class, ""db."")
}

main if {
    is_valid_db_instance
}
","terraform {
  required_version = "">= 1.15.0""

  required_providers {
    aws = {
      source  = ""hashicorp/aws""
      version = ""~> 6.0""
    }
  }
}

resource ""aws_db_instance"" ""replica"" {
  snapshot_identifier = ""your identifier""
  instance_class       = ""db.z1d.micro""
}
",resource_changes,False,autoiac-project/iac-eval,>= 1.15.0,1.16.1
aws/task-415,aws,1,aws_db_instance,"# Task 415


create a basic AWS RDS instance, with gp3 storage type

## Intent

Has one ""aws_db_instance"" resource
    with one ""allocated_storage""
    with one ""engine"" and a valid engine value
    with one ""instance_class"" and a valid instance class type
    with one ""password""
    with one ""username""","Has one ""aws_db_instance"" resource
    with one ""allocated_storage""
    with one ""engine"" and a valid engine value
    with one ""instance_class"" and a valid instance class type
    with one ""password""
    with one ""username""","package terraform.policy

import rego.v1

default is_valid_db_instance = false

is_valid_db_instance if {
    resource := input.resource_changes[_]
    resource.type == ""aws_db_instance""
    has_required_db_arguments
}

has_required_db_arguments if {
    resource := input.resource_changes[_]
    resource.type == ""aws_db_instance""
    after := resource.change.after
    requirement1(after)
    requirement2(after)
    requirement3(after)
    after.storage_type == ""gp3""
}

requirement1(after) if {
    after.allocated_storage >= 20
    after.allocated_storage <= 65536
    after.engine != null
    after.username != null
    is_valid_engine(after.engine)
}

requirement2(after) if {
    after.instance_class != null
    is_valid_instance_class(after.instance_class)
}

requirement3(after) if {
    after.password != null
}

requirement3(after) if {
    after.manage_master_user_password == true
}

requirement3(after) if {
    after.snapshot_identifier != null
}

requirement3(after) if {
    after.replicate_source_db != null
}

is_valid_engine(engine) if {
    engine_set := {
        ""mysql"",
        ""postgres"",
        ""mariadb"",
        ""oracle-se"",
        ""oracle-se1"",
        ""oracle-se2"",
        ""oracle-ee"",
        ""sqlserver-ee"",
        ""sqlserver-se"",
        ""sqlserver-ex"",
        ""sqlserver-web""
    }
    engine_set[engine]
}

is_valid_instance_class(instance_class) if {
    startswith(instance_class, ""db."")
}

main if {
    is_valid_db_instance
}
","terraform {
  required_version = "">= 1.15.0""

  required_providers {
    aws = {
      source  = ""hashicorp/aws""
      version = ""~> 6.0""
    }
  }
}

resource ""aws_db_instance"" ""default"" {
  allocated_storage    = 20
  engine               = ""mysql""
  instance_class       = ""db.t3.micro""
  username             = ""foo""
  password             = ""foobarbaz""
  storage_type        = ""gp3""
}
",resource_changes,False,autoiac-project/iac-eval,>= 1.15.0,1.16.1
aws/task-416,aws,1,aws_db_instance,"# Task 416


create a basic AWS RDS instance, with io1 storage type

## Intent

Has one ""aws_db_instance"" resource
    with one ""allocated_storage""
    with one ""engine"" and a valid engine value
    with one ""instance_class"" and a valid instance class type
    with one ""password""
    with one ""username""","Has one ""aws_db_instance"" resource
    with one ""allocated_storage""
    with one ""engine"" and a valid engine value
    with one ""instance_class"" and a valid instance class type
    with one ""password""
    with one ""username""","package terraform.policy

import rego.v1

default is_valid_db_instance = false

is_valid_db_instance if {
    resource := input.resource_changes[_]
    resource.type == ""aws_db_instance""
    has_required_db_arguments
}

has_required_db_arguments if {
    resource := input.resource_changes[_]
    resource.type == ""aws_db_instance""
    after := resource.change.after
    requirement1(after)
    requirement2(after)
    requirement3(after)
    after.storage_type == ""io1""
}

requirement1(after) if {
    after.allocated_storage >= 100
    after.allocated_storage <= 65536
    after.engine != null
    after.username != null
    is_valid_engine(after.engine)
}

requirement2(after) if {
    after.instance_class != null
    is_valid_instance_class(after.instance_class)
}

requirement3(after) if {
    after.password != null
}

requirement3(after) if {
    after.manage_master_user_password == true
}

requirement3(after) if {
    after.snapshot_identifier != null
}

requirement3(after) if {
    after.replicate_source_db != null
}

is_valid_engine(engine) if {
    engine_set := {
        ""mysql"",
        ""postgres"",
        ""mariadb"",
        ""oracle-se"",
        ""oracle-se1"",
        ""oracle-se2"",
        ""oracle-ee"",
        ""sqlserver-ee"",
        ""sqlserver-se"",
        ""sqlserver-ex"",
        ""sqlserver-web""
    }
    engine_set[engine]
}

is_valid_instance_class(instance_class) if {
    startswith(instance_class, ""db."")
}

main if {
    is_valid_db_instance
}
","terraform {
  required_version = "">= 1.15.0""

  required_providers {
    aws = {
      source  = ""hashicorp/aws""
      version = ""~> 6.0""
    }
  }
}

resource ""aws_db_instance"" ""default"" {
  allocated_storage    = 100
  engine               = ""mysql""
  instance_class       = ""db.t3.micro""
  username             = ""foo""
  password             = ""foobarbaz""
  storage_type        = ""io1""
}
",resource_changes,False,autoiac-project/iac-eval,>= 1.15.0,1.16.1
aws/task-418,aws,1,aws_db_instance,"# Task 418


create an AWS database that enables storage autoscaling

## Intent

Has one ""aws_db_instance"" resource
    with one ""allocated_storage""
    with one ""engine"" and a valid engine value
    with one ""instance_class"" and a valid instance class type
    with one ""password""
    with one ""username""
    with one max_allocated_storage","Has one ""aws_db_instance"" resource
    with one ""allocated_storage""
    with one ""engine"" and a valid engine value
    with one ""instance_class"" and a valid instance class type
    with one ""password""
    with one ""username""
    with one max_allocated_storage","package terraform.policy

import rego.v1

default is_valid_db_instance = false

is_valid_db_instance if {
    resource := input.resource_changes[_]
    resource.type == ""aws_db_instance""
    has_required_db_arguments
}

has_required_db_arguments if {
    resource := input.resource_changes[_]
    resource.type == ""aws_db_instance""
    after := resource.change.after
    requirement1(after)
    requirement2(after)
    requirement3(after)
    after.max_allocated_storage > after.allocated_storage
}

requirement1(after) if {
    after.allocated_storage != null
    after.engine != null
    after.username != null
    is_valid_engine(after.engine)
}

requirement1(after) if {
    after.snapshot_identifier != null
}

requirement1(after) if {
    after.replicate_source_db != null
}

requirement2(after) if {
    after.instance_class != null
    is_valid_instance_class(after.instance_class)
}

requirement3(after) if {
    after.password != null
}

requirement3(after) if {
    after.manage_master_user_password == true
}

requirement3(after) if {
    after.snapshot_identifier != null
}

requirement3(after) if {
    after.replicate_source_db != null
}

is_valid_engine(engine) if {
    engine_set := {
        ""mysql"",
        ""postgres"",
        ""mariadb"",
        ""oracle-se"",
        ""oracle-se1"",
        ""oracle-se2"",
        ""oracle-ee"",
        ""sqlserver-ee"",
        ""sqlserver-se"",
        ""sqlserver-ex"",
        ""sqlserver-web""
    }
    engine_set[engine]
}

is_valid_instance_class(instance_class) if {
    startswith(instance_class, ""db."")
}

main if {
    is_valid_db_instance
}
","terraform {
  required_version = "">= 1.15.0""

  required_providers {
    aws = {
      source  = ""hashicorp/aws""
      version = ""~> 6.0""
    }
  }
}

resource ""aws_db_instance"" ""default"" {
  allocated_storage    = 20
  engine               = ""mysql""
  instance_class       = ""db.t3.micro""
  username             = ""foo""
  password             = ""foobarbaz""
  max_allocated_storage = 100
}
",resource_changes,False,autoiac-project/iac-eval,>= 1.15.0,1.16.1
aws/task-419,aws,1,aws_db_instance,"# Task 419


create an aws database that Managed Master Passwords via Secrets Manager, default KMS Key

## Intent

Has one ""aws_db_instance"" resource
    with one ""allocated_storage""
    with one ""engine"" and a valid engine value
    with one ""instance_class"" and a valid instance class type
    with one ""username""
    with one manage_master_user_password","Has one ""aws_db_instance"" resource
    with one ""allocated_storage""
    with one ""engine"" and a valid engine value
    with one ""instance_class"" and a valid instance class type
    with one ""username""
    with one manage_master_user_password","package terraform.policy

import rego.v1

default is_valid_db_instance = false

is_valid_db_instance if {
    resource := input.resource_changes[_]
    resource.type == ""aws_db_instance""
    has_required_db_arguments
}

has_required_db_arguments if {
    resource := input.resource_changes[_]
    resource.type == ""aws_db_instance""
    after := resource.change.after
    requirement1(after)
    requirement2(after)
    requirement3(after)
}

requirement1(after) if {
    after.allocated_storage != null
    after.engine != null
    after.username != null
    is_valid_engine(after.engine)
}

requirement1(after) if {
    after.snapshot_identifier != null
}

requirement1(after) if {
    after.replicate_source_db != null
}

requirement2(after) if {
    after.instance_class != null
    is_valid_instance_class(after.instance_class)
}

requirement3(after) if {
    after.manage_master_user_password == true
}

is_valid_engine(engine) if {
    engine_set := {
        ""mysql"",
        ""postgres"",
        ""mariadb"",
        ""oracle-se"",
        ""oracle-se1"",
        ""oracle-se2"",
        ""oracle-ee"",
        ""sqlserver-ee"",
        ""sqlserver-se"",
        ""sqlserver-ex"",
        ""sqlserver-web""
    }
    engine_set[engine]
}

is_valid_instance_class(instance_class) if {
    startswith(instance_class, ""db."")
}

main if {
    is_valid_db_instance
}
","terraform {
  required_version = "">= 1.15.0""

  required_providers {
    aws = {
      source  = ""hashicorp/aws""
      version = ""~> 6.0""
    }
  }
}

resource ""aws_db_instance"" ""default"" {
  allocated_storage    = 20
  engine               = ""mysql""
  instance_class       = ""db.t3.micro""
  username             = ""foo""
  manage_master_user_password = true
}
",resource_changes,False,autoiac-project/iac-eval,>= 1.15.0,1.16.1
aws/task-420,aws,2,"aws_db_instance, aws_kms_key","# Task 420


create an aws database that Managed Master Passwords via Secrets Manager, with specific KMS Key

## Intent

Has one ""aws_db_instance"" resource
    with one ""allocated_storage""
    with one ""engine"" and a valid engine value
    with one ""instance_class"" and a valid instance class type
    with one ""username""
    with one manage_master_user_password
    with one ""master_user_secret_kms_key_id""  
 
has one ""aws_kms_key""","Has one ""aws_db_instance"" resource
    with one ""allocated_storage""
    with one ""engine"" and a valid engine value
    with one ""instance_class"" and a valid instance class type
    with one ""username""
    with one manage_master_user_password
    with one ""master_user_secret_kms_key_id""  
 
has one ""aws_kms_key""","package terraform.policy

import rego.v1

default is_valid_db_instance = false
default is_valid_kms_key = false

is_valid_db_instance if {
    resource := input.resource_changes[_]
    resource.type == ""aws_db_instance""
    has_required_db_arguments
}

is_valid_kms_key if {
    resource := input.resource_changes[_]
    resource.type == ""aws_kms_key""
}

has_required_db_arguments if {
    resource := input.resource_changes[_]
    resource.type == ""aws_db_instance""
    after := resource.change.after
    requirement1(after)
    requirement2(after)
    requirement3(after)
}

requirement1(after) if {
    after.allocated_storage != null
    after.engine != null
    after.username != null
    is_valid_engine(after.engine)
}

requirement1(after) if {
    after.snapshot_identifier != null
}

requirement1(after) if {
    after.replicate_source_db != null
}

requirement2(after) if {
    after.instance_class != null
    is_valid_instance_class(after.instance_class)
}

requirement3(after) if {
    after.password != null
}

requirement3(after) if {
    after.manage_master_user_password == true
}

requirement3(after) if {
    after.snapshot_identifier != null
}

requirement3(after) if {
    after.replicate_source_db != null
}

is_valid_engine(engine) if {
    engine_set := {
        ""mysql"",
        ""postgres"",
        ""mariadb"",
        ""oracle-se"",
        ""oracle-se1"",
        ""oracle-se2"",
        ""oracle-ee"",
        ""sqlserver-ee"",
        ""sqlserver-se"",
        ""sqlserver-ex"",
        ""sqlserver-web""
    }
    engine_set[engine]
}

is_valid_instance_class(instance_class) if {
    startswith(instance_class, ""db."")
}

main if {
    is_valid_db_instance
    is_valid_kms_key
}
","terraform {
  required_version = "">= 1.15.0""

  required_providers {
    aws = {
      source  = ""hashicorp/aws""
      version = ""~> 6.0""
    }
  }
}

resource ""aws_db_instance"" ""default"" {
  allocated_storage    = 20
  engine               = ""mysql""
  instance_class       = ""db.t3.micro""
  username             = ""foo""
  manage_master_user_password = true
  master_user_secret_kms_key_id = aws_kms_key.example.key_id
}

resource ""aws_kms_key"" ""example"" {
  description = ""Example KMS Key""
}
",resource_changes,False,autoiac-project/iac-eval,>= 1.15.0,1.16.1
aws/task-441,aws,2,aws_egress_only_internet_gateway,"# Task 441


creates an egress-only internet gateway named ""pike"" associated with a specified VPC, allowing IPv6-enabled instances to connect to the internet without allowing inbound internet traffic, and tags it with ""permissions"".

## Intent

Has one ""aws_egress_only_internet_gateway"" resource:
Associated with a specified ""aws_vpc"" resource
Designed to allow IPv6-enabled instances within the VPC to connect to the internet while preventing inbound internet traffic
Tagged with ""permissions"" to categorize or specify its role or access levels within the infrastructure","Has one ""aws_egress_only_internet_gateway"" resource:
Associated with a specified ""aws_vpc"" resource
Designed to allow IPv6-enabled instances within the VPC to connect to the internet while preventing inbound internet traffic
Tagged with ""permissions"" to categorize or specify its role or access levels within the infrastructure","package terraform.policy

import rego.v1

default is_valid_egress_only_internet_gateway = false

is_valid_egress_only_internet_gateway if {
	some i
	resource := input.resource_changes[i]
	resource.type == ""aws_egress_only_internet_gateway""
	has_vpc_id(resource)
	resource.change.after.tags != null
}

has_vpc_id(resource) if {
	resource.change.after.vpc_id != null
}

has_vpc_id(resource) if {
	resource.change.after_unknown.vpc_id == true
}

main if {
    is_valid_egress_only_internet_gateway
}
","terraform {
  required_version = "">= 1.15.0""

  required_providers {
    aws = {
      source  = ""hashicorp/aws""
      version = ""~> 6.0""
    }
  }
}

# Define the provider block for AWS
provider ""aws"" {
  region = ""us-east-2"" # Set your desired AWS region
}

resource ""aws_egress_only_internet_gateway"" ""pike"" {
  vpc_id = ""vpc-0c33dc8cd64f408c4""
  tags = {
    pike = ""permissions""
  }
}
",resource_changes,False,autoiac-project/iac-eval,>= 1.15.0,1.16.1
aws/task-442,aws,1,aws_egress_only_internet_gateway,"# Task 442


creates an egress-only internet gateway associated with a specified VPC, allowing IPv6-enabled instances to connect to the internet without allowing inbound internet traffic

## Intent

Has one ""aws_egress_only_internet_gateway"" resource:
Associated with a specified ""aws_vpc"" resource
Designed to allow IPv6-enabled instances within the VPC to connect to the internet while preventing inbound internet traffic","Has one ""aws_egress_only_internet_gateway"" resource:
Associated with a specified ""aws_vpc"" resource
Designed to allow IPv6-enabled instances within the VPC to connect to the internet while preventing inbound internet traffic","package terraform.policy

import rego.v1

default is_valid_egress_only_internet_gateway = false

is_valid_egress_only_internet_gateway if {
        some i
        resource := input.resource_changes[i]
        resource.type == ""aws_egress_only_internet_gateway""
        has_vpc_id(resource)
}

has_vpc_id(resource) if {
        resource.change.after.vpc_id != null
}

has_vpc_id(resource) if {
        resource.change.after_unknown.vpc_id == true
}

main if {
    is_valid_egress_only_internet_gateway
}
","terraform {
  required_version = "">= 1.15.0""

  required_providers {
    aws = {
      source  = ""hashicorp/aws""
      version = ""~> 6.0""
    }
  }
}

resource ""aws_egress_only_internet_gateway"" ""pike"" {
  vpc_id = ""vpc-0c33dc8cd64f408c4""
  tags = {
    pike = ""permissions""
  }
}
",resource_changes,False,autoiac-project/iac-eval,>= 1.15.0,1.16.1
